[21Mar2025 15:26:00.239] [main/INFO] [cpw.mods.modlauncher.Launcher/MODLAUNCHER]: ModLauncher running: args [--username, Offline, --version, neoforge-21.1.137, --gameDir, /home/runner/work/ArsAddonBuilder/ArsAddonBuilder/run, --assetsDir, /home/runner/.minecraft/assets, --assetIndex, 17, --uuid, 22689332a7fd41919600b0fe1135ee34, --accessToken, ❄❄❄❄❄❄❄❄, --clientId, , --xuid, , --userType, msa, --versionType, release, --fml.neoForgeVersion, 21.1.137, --fml.fmlVersion, 4.0.38, --fml.mcVersion, 1.21.1, --fml.neoFormVersion, 20240808.144430, --launchTarget, forgeclient]
[21Mar2025 15:26:00.242] [main/INFO] [cpw.mods.modlauncher.Launcher/MODLAUNCHER]: JVM identified as Eclipse Adoptium OpenJDK 64-Bit Server VM 21.0.6+7-LTS
[21Mar2025 15:26:00.244] [main/INFO] [cpw.mods.modlauncher.Launcher/MODLAUNCHER]: ModLauncher 11.0.4+main.d2e20e43 starting: java version 21.0.6 by Eclipse Adoptium; OS Linux arch amd64 version 6.8.0-1021-azure
[21Mar2025 15:26:00.334] [main/INFO] [net.neoforged.fml.loading.ImmediateWindowHandler/]: Loading ImmediateWindowProvider fmlearlywindow
[21Mar2025 15:26:00.538] [main/INFO] [EARLYDISPLAY/]: Trying GL version 4.6
[21Mar2025 15:26:00.576] [main/INFO] [EARLYDISPLAY/]: Trying GL version 4.5
[21Mar2025 15:26:00.652] [main/INFO] [EARLYDISPLAY/]: Requested GL version 4.5 got version 4.5
[21Mar2025 15:26:00.746] [main/INFO] [mixin/]: SpongePowered MIXIN Subsystem Version=0.8.7 Source=union:/home/runner/.minecraft/libraries/net/fabricmc/sponge-mixin/0.15.2+mixin.0.8.7/sponge-mixin-0.15.2+mixin.0.8.7.jar%23129!/ Service=ModLauncher Env=CLIENT
[21Mar2025 15:26:00.923] [pool-2-thread-1/INFO] [EARLYDISPLAY/]: GL info: llvmpipe (LLVM 19.1.1, 256 bits) GL version 4.5 (Core Profile) Mesa 24.2.8-1ubuntu1~24.04.1, Mesa
[21Mar2025 15:26:01.151] [main/INFO] [net.neoforged.fml.loading.moddiscovery.ModDiscoverer/SCAN]: Found mod file "client-1.21.1-20240808.144430-srg.jar" [locator: production client provider +net.neoforged:neoforge:21.1.137:client]
[21Mar2025 15:26:01.174] [main/INFO] [net.neoforged.fml.loading.moddiscovery.ModDiscoverer/SCAN]: Found mod file "neoforge-21.1.137-universal.jar" [locator: PathBasedLocator[name=neoforge, paths=[/home/runner/.minecraft/libraries/net/neoforged/neoforge/21.1.137/neoforge-21.1.137-universal.jar]], reader: mod manifest]
[21Mar2025 15:26:01.188] [main/INFO] [net.neoforged.fml.loading.moddiscovery.ModDiscoverer/SCAN]: Found mod file "ars_elemental-1.21.1-0.7.2.7-sources.jar" [locator: {mods folder locator at /home/runner/work/ArsAddonBuilder/ArsAddonBuilder/run/mods}, reader: mod manifest]
[21Mar2025 15:26:01.194] [main/INFO] [net.neoforged.fml.loading.moddiscovery.ModDiscoverer/SCAN]: Found mod file "ars_elemental-1.21.1-0.7.2.7.jar" [locator: {mods folder locator at /home/runner/work/ArsAddonBuilder/ArsAddonBuilder/run/mods}, reader: mod manifest]
[21Mar2025 15:26:01.204] [main/INFO] [net.neoforged.fml.loading.moddiscovery.ModDiscoverer/SCAN]: Found mod file "ars_nouveau-1.21.1-5.7.1.1026-all.jar" [locator: {mods folder locator at /home/runner/work/ArsAddonBuilder/ArsAddonBuilder/run/mods}, reader: mod manifest]
[21Mar2025 15:26:01.208] [main/INFO] [net.neoforged.fml.loading.moddiscovery.ModDiscoverer/SCAN]: Found mod file "curios-neoforge-9.3.1+1.21.1.jar" [locator: {mods folder locator at /home/runner/work/ArsAddonBuilder/ArsAddonBuilder/run/mods}, reader: mod manifest]
[21Mar2025 15:26:01.210] [main/INFO] [net.neoforged.fml.loading.moddiscovery.ModDiscoverer/SCAN]: Found mod file "doc_exporter-0.0.1.jar" [locator: {mods folder locator at /home/runner/work/ArsAddonBuilder/ArsAddonBuilder/run/mods}, reader: mod manifest]
[21Mar2025 15:26:01.214] [main/INFO] [net.neoforged.fml.loading.moddiscovery.ModDiscoverer/SCAN]: Found mod file "geckolib-neoforge-1.21.1-4.7.4.1.jar" [locator: {mods folder locator at /home/runner/work/ArsAddonBuilder/ArsAddonBuilder/run/mods}, reader: mod manifest]
[21Mar2025 15:26:01.216] [main/INFO] [net.neoforged.fml.loading.moddiscovery.ModDiscoverer/SCAN]: Found mod file "mc-runtime-test-1.21.1-3.0.0-neoforge-release.jar" [locator: {mods folder locator at /home/runner/work/ArsAddonBuilder/ArsAddonBuilder/run/mods}, reader: mod manifest]
[21Mar2025 15:26:01.220] [main/INFO] [net.neoforged.fml.loading.moddiscovery.ModDiscoverer/SCAN]: Found mod file "Patchouli-1.21-89-NEOFORGE-20250206.161729-1.jar" [locator: {mods folder locator at /home/runner/work/ArsAddonBuilder/ArsAddonBuilder/run/mods}, reader: mod manifest]
[21Mar2025 15:26:01.367] [main/INFO] [net.neoforged.fml.loading.moddiscovery.locators.JarInJarDependencyLocator/]: Found 3 dependencies adding them to mods collection
[21Mar2025 15:26:01.367] [main/INFO] [net.neoforged.fml.loading.moddiscovery.ModDiscoverer/SCAN]: Found gamelibrary file "mixinextras-neoforge-0.4.1.jar" [parent: neoforge-21.1.137-universal.jar, locator: jarinjar, reader: mod manifest]
[21Mar2025 15:26:01.367] [main/INFO] [net.neoforged.fml.loading.moddiscovery.ModDiscoverer/SCAN]: Found library file "neoforge-coremods-21.1.137.jar" [parent: neoforge-21.1.137-universal.jar, locator: jarinjar, reader: mod manifest]
[21Mar2025 15:26:01.368] [main/INFO] [net.neoforged.fml.loading.moddiscovery.ModDiscoverer/SCAN]: Found mod file "nuggets-neoforge-1.21-1.0.4.35.jar" [parent: ars_nouveau-1.21.1-5.7.1.1026-all.jar, locator: jarinjar, reader: mod manifest]
[21Mar2025 15:26:01.369] [main/INFO] [net.neoforged.fml.loading.moddiscovery.ModDiscoverer/]: 
     Mod List:
		Name Version (Mod Id)

		Ars Elemental 0.7.2.7 (ars_elemental)
		Ars Nouveau 5.7.1 (ars_nouveau)
		Curios API 9.3.1+1.21.1 (curios)
		Doc Exporter 0.0.1 (doc_exporter)
		GeckoLib 4 4.7.4.1 (geckolib)
		MC-Runtime-Test 1.21.1-3.0.0 (mc_runtime_test)
		Minecraft 1.21.1 (minecraft)
		NeoForge 21.1.137 (neoforge)
		Nuggets 1.0.4.35 (nuggets)
		Patchouli 1.21-89-NEOFORGE-SNAPSHOT (patchouli)
[21Mar2025 15:26:01.949] [main/INFO] [mixin/]: Compatibility level set to JAVA_21
[21Mar2025 15:26:01.989] [main/INFO] [cpw.mods.modlauncher.LaunchServiceHandler/MODLAUNCHER]: Launching target 'forgeclient' with arguments [--version, neoforge-21.1.137, --gameDir, /home/runner/work/ArsAddonBuilder/ArsAddonBuilder/run, --assetsDir, /home/runner/.minecraft/assets, --uuid, 22689332a7fd41919600b0fe1135ee34, --username, Offline, --assetIndex, 17, --accessToken, ❄❄❄❄❄❄❄❄, --clientId, , --xuid, , --userType, msa, --versionType, release]
[21Mar2025 15:26:02.067] [main/WARN] [mixin/]: Reference map 'curios.refmap.json' for curios.neoforge.mixins.json could not be read. If this is a development environment you can ignore this message
[21Mar2025 15:26:02.068] [main/WARN] [mixin/]: Reference map 'curios.refmap.json' for curios.mixins.json could not be read. If this is a development environment you can ignore this message
[21Mar2025 15:26:02.072] [main/WARN] [mixin/]: Reference map 'patchouli.refmap.json' for patchouli_xplat.mixins.json could not be read. If this is a development environment you can ignore this message
[21Mar2025 15:26:02.073] [main/WARN] [mixin/]: Reference map 'geckolib.refmap.json' for geckolib.mixins.json could not be read. If this is a development environment you can ignore this message
[21Mar2025 15:26:02.192] [main/WARN] [mixin/]: Reference map 'ars_nouveau.refmap.json' for ars_nouveau.mixins.json could not be read. If this is a development environment you can ignore this message
[21Mar2025 15:26:02.193] [main/WARN] [mixin/]: Reference map 'nuggets.refmap.json' for nuggets.mixins.json could not be read. If this is a development environment you can ignore this message
[21Mar2025 15:26:02.195] [main/WARN] [mixin/]: Reference map 'ars_elemental.refmap.json' for ars_elemental.mixins.json could not be read. If this is a development environment you can ignore this message
[21Mar2025 15:26:03.014] [main/INFO] [MixinExtras|Service/]: Initializing MixinExtras via com.llamalad7.mixinextras.service.MixinExtrasServiceImpl(version=0.4.1).
[21Mar2025 15:26:05.016] [Datafixer Bootstrap/INFO] [com.mojang.datafixers.DataFixerBuilder/]: 229 Datafixer optimizations took 424 milliseconds
[21Mar2025 15:26:09.201] [Render thread/WARN] [net.minecraft.server.packs.VanillaPackResourcesBuilder/]: Assets URL 'union:/home/runner/.minecraft/libraries/net/minecraft/client/1.21.1-20240808.144430/client-1.21.1-20240808.144430-srg.jar%23176!/assets/.mcassetsroot' uses unexpected schema
[21Mar2025 15:26:09.202] [Render thread/WARN] [net.minecraft.server.packs.VanillaPackResourcesBuilder/]: Assets URL 'union:/home/runner/.minecraft/libraries/net/minecraft/client/1.21.1-20240808.144430/client-1.21.1-20240808.144430-srg.jar%23176!/data/.mcassetsroot' uses unexpected schema
[21Mar2025 15:26:09.220] [Render thread/INFO] [com.mojang.authlib.yggdrasil.YggdrasilAuthenticationService/]: Environment: Environment[sessionHost=https://sessionserver.mojang.com, servicesHost=https://api.minecraftservices.com, name=PROD]
[21Mar2025 15:26:09.229] [Render thread/INFO] [net.minecraft.client.Minecraft/]: Setting user: Offline
[21Mar2025 15:26:09.350] [Render thread/INFO] [net.minecraft.client.Minecraft/]: Backend library: LWJGL version 3.3.3+5
[21Mar2025 15:26:09.754] [Download-2/ERROR] [net.minecraft.client.Minecraft/]: Failed to fetch user properties
com.mojang.authlib.exceptions.InvalidCredentialsException: Status: 401
	at MC-BOOTSTRAP/authlib@6.0.54/com.mojang.authlib.exceptions.MinecraftClientHttpException.toAuthenticationException(MinecraftClientHttpException.java:59) ~[authlib-6.0.54.jar%2386!/:?]
	at MC-BOOTSTRAP/authlib@6.0.54/com.mojang.authlib.yggdrasil.YggdrasilUserApiService.fetchProperties(YggdrasilUserApiService.java:150) ~[authlib-6.0.54.jar%2386!/:?]
	at TRANSFORMER/minecraft@1.21.1/net.minecraft.client.Minecraft.lambda$new$2(Minecraft.java:431) ~[client-1.21.1-20240808.144430-srg.jar%23176!/:?]
	at java.base/java.util.concurrent.CompletableFuture$AsyncSupply.run(CompletableFuture.java:1768) ~[?:?]
	at java.base/java.util.concurrent.ThreadPoolExecutor.runWorker(ThreadPoolExecutor.java:1144) ~[?:?]
	at java.base/java.util.concurrent.ThreadPoolExecutor$Worker.run(ThreadPoolExecutor.java:642) ~[?:?]
	at java.base/java.lang.Thread.run(Thread.java:1583) [?:?]
Caused by: com.mojang.authlib.exceptions.MinecraftClientHttpException: Status: 401
	at MC-BOOTSTRAP/authlib@6.0.54/com.mojang.authlib.minecraft.client.MinecraftClient.readInputStream(MinecraftClient.java:100) ~[authlib-6.0.54.jar%2386!/:?]
	at MC-BOOTSTRAP/authlib@6.0.54/com.mojang.authlib.minecraft.client.MinecraftClient.get(MinecraftClient.java:57) ~[authlib-6.0.54.jar%2386!/:?]
	at MC-BOOTSTRAP/authlib@6.0.54/com.mojang.authlib.yggdrasil.YggdrasilUserApiService.fetchProperties(YggdrasilUserApiService.java:121) ~[authlib-6.0.54.jar%2386!/:?]
	... 5 more
[21Mar2025 15:26:09.816] [modloading-worker-0/INFO] [net.neoforged.neoforge.common.NeoForgeMod/NEOFORGE-MOD]: NeoForge mod loading, version 21.1.137, for MC 1.21.1
[21Mar2025 15:26:11.873] [Render thread/ERROR] [com.mojang.text2speech.Narrator/]: Error while loading the narrator
com.mojang.text2speech.Narrator$InitializeException: Failed to load library flite
	at MC-BOOTSTRAP/text2speech@1.17.9/com.mojang.text2speech.NarratorLinux$FliteLibrary.loadNative(NarratorLinux.java:69) ~[text2speech-1.17.9.jar%2391!/:?]
	at MC-BOOTSTRAP/text2speech@1.17.9/com.mojang.text2speech.NarratorLinux.<init>(NarratorLinux.java:18) ~[text2speech-1.17.9.jar%2391!/:?]
	at MC-BOOTSTRAP/text2speech@1.17.9/com.mojang.text2speech.Narrator.getNarrator(Narrator.java:41) ~[text2speech-1.17.9.jar%2391!/:?]
	at TRANSFORMER/minecraft@1.21.1/net.minecraft.client.GameNarrator.<init>(GameNarrator.java:21) ~[client-1.21.1-20240808.144430-srg.jar%23176!/:?]
	at TRANSFORMER/minecraft@1.21.1/net.minecraft.client.Minecraft.<init>(Minecraft.java:609) ~[client-1.21.1-20240808.144430-srg.jar%23176!/:?]
	at TRANSFORMER/minecraft@1.21.1/net.minecraft.client.main.Main.main(Main.java:214) ~[client-1.21.1-20240808.144430-srg.jar%23176!/:?]
	at java.base/jdk.internal.reflect.DirectMethodHandleAccessor.invoke(DirectMethodHandleAccessor.java:103) ~[?:?]
	at java.base/java.lang.reflect.Method.invoke(Method.java:580) ~[?:?]
	at MC-BOOTSTRAP/fml_loader@4.0.38/net.neoforged.fml.loading.targets.CommonLaunchHandler.runTarget(CommonLaunchHandler.java:136) ~[loader-4.0.38.jar%23153!/:4.0]
	at MC-BOOTSTRAP/fml_loader@4.0.38/net.neoforged.fml.loading.targets.CommonLaunchHandler.clientService(CommonLaunchHandler.java:124) ~[loader-4.0.38.jar%23153!/:4.0]
	at MC-BOOTSTRAP/fml_loader@4.0.38/net.neoforged.fml.loading.targets.CommonClientLaunchHandler.runService(CommonClientLaunchHandler.java:32) ~[loader-4.0.38.jar%23153!/:4.0]
	at MC-BOOTSTRAP/fml_loader@4.0.38/net.neoforged.fml.loading.targets.CommonLaunchHandler.lambda$launchService$4(CommonLaunchHandler.java:118) ~[loader-4.0.38.jar%23153!/:4.0]
	at MC-BOOTSTRAP/cpw.mods.modlauncher@11.0.4/cpw.mods.modlauncher.LaunchServiceHandlerDecorator.launch(LaunchServiceHandlerDecorator.java:30) [modlauncher-11.0.4.jar%23152!/:?]
	at MC-BOOTSTRAP/cpw.mods.modlauncher@11.0.4/cpw.mods.modlauncher.LaunchServiceHandler.launch(LaunchServiceHandler.java:53) [modlauncher-11.0.4.jar%23152!/:?]
	at MC-BOOTSTRAP/cpw.mods.modlauncher@11.0.4/cpw.mods.modlauncher.LaunchServiceHandler.launch(LaunchServiceHandler.java:71) [modlauncher-11.0.4.jar%23152!/:?]
	at MC-BOOTSTRAP/cpw.mods.modlauncher@11.0.4/cpw.mods.modlauncher.Launcher.run(Launcher.java:103) [modlauncher-11.0.4.jar%23152!/:?]
	at MC-BOOTSTRAP/cpw.mods.modlauncher@11.0.4/cpw.mods.modlauncher.Launcher.main(Launcher.java:74) [modlauncher-11.0.4.jar%23152!/:?]
	at MC-BOOTSTRAP/cpw.mods.modlauncher@11.0.4/cpw.mods.modlauncher.BootstrapLaunchConsumer.accept(BootstrapLaunchConsumer.java:26) [modlauncher-11.0.4.jar%23152!/:?]
	at MC-BOOTSTRAP/cpw.mods.modlauncher@11.0.4/cpw.mods.modlauncher.BootstrapLaunchConsumer.accept(BootstrapLaunchConsumer.java:23) [modlauncher-11.0.4.jar%23152!/:?]
	at cpw.mods.bootstraplauncher@2.0.2/cpw.mods.bootstraplauncher.BootstrapLauncher.run(BootstrapLauncher.java:210) [bootstraplauncher-2.0.2.jar:?]
	at cpw.mods.bootstraplauncher@2.0.2/cpw.mods.bootstraplauncher.BootstrapLauncher.main(BootstrapLauncher.java:69) [bootstraplauncher-2.0.2.jar:?]
Caused by: java.lang.UnsatisfiedLinkError: Unable to load library 'flite':
libflite.so: cannot open shared object file: No such file or directory
libflite.so: cannot open shared object file: No such file or directory
Native library (linux-x86-64/libflite.so) not found in resource path (/home/runner/.minecraft/libraries/com/github/oshi/oshi-core/6.4.10/oshi-core-6.4.10.jar:/home/runner/.minecraft/libraries/com/ibm/icu/icu4j/73.2/icu4j-73.2.jar:/home/runner/.minecraft/libraries/com/mojang/authlib/6.0.54/authlib-6.0.54.jar:/home/runner/.minecraft/libraries/com/mojang/blocklist/1.0.10/blocklist-1.0.10.jar:/home/runner/.minecraft/libraries/com/mojang/brigadier/1.3.10/brigadier-1.3.10.jar:/home/runner/.minecraft/libraries/com/mojang/datafixerupper/8.0.16/datafixerupper-8.0.16.jar:/home/runner/.minecraft/libraries/com/mojang/patchy/2.2.10/patchy-2.2.10.jar:/home/runner/.minecraft/libraries/com/mojang/text2speech/1.17.9/text2speech-1.17.9.jar:/home/runner/.minecraft/libraries/commons-codec/commons-codec/1.16.0/commons-codec-1.16.0.jar:/home/runner/.minecraft/libraries/commons-logging/commons-logging/1.2/commons-logging-1.2.jar:/home/runner/.minecraft/libraries/io/netty/netty-buffer/4.1.97.Final/netty-buffer-4.1.97.Final.jar:/home/runner/.minecraft/libraries/io/netty/netty-codec/4.1.97.Final/netty-codec-4.1.97.Final.jar:/home/runner/.minecraft/libraries/io/netty/netty-common/4.1.97.Final/netty-common-4.1.97.Final.jar:/home/runner/.minecraft/libraries/io/netty/netty-handler/4.1.97.Final/netty-handler-4.1.97.Final.jar:/home/runner/.minecraft/libraries/io/netty/netty-resolver/4.1.97.Final/netty-resolver-4.1.97.Final.jar:/home/runner/.minecraft/libraries/io/netty/netty-transport-classes-epoll/4.1.97.Final/netty-transport-classes-epoll-4.1.97.Final.jar:/home/runner/.minecraft/libraries/io/netty/netty-transport-native-epoll/4.1.97.Final/netty-transport-native-epoll-4.1.97.Final-linux-aarch_64.jar:/home/runner/.minecraft/libraries/io/netty/netty-transport-native-epoll/4.1.97.Final/netty-transport-native-epoll-4.1.97.Final-linux-x86_64.jar:/home/runner/.minecraft/libraries/io/netty/netty-transport-native-unix-common/4.1.97.Final/netty-transport-native-unix-common-4.1.97.Final.jar:/home/runner/.minecraft/libraries/io/netty/netty-transport/4.1.97.Final/netty-transport-4.1.97.Final.jar:/home/runner/.minecraft/libraries/it/unimi/dsi/fastutil/8.5.12/fastutil-8.5.12.jar:/home/runner/.minecraft/libraries/net/java/dev/jna/jna-platform/5.14.0/jna-platform-5.14.0.jar:/home/runner/.minecraft/libraries/net/java/dev/jna/jna/5.14.0/jna-5.14.0.jar:/home/runner/.minecraft/libraries/org/apache/commons/commons-compress/1.26.0/commons-compress-1.26.0.jar:/home/runner/.minecraft/libraries/org/apache/httpcomponents/httpclient/4.5.13/httpclient-4.5.13.jar:/home/runner/.minecraft/libraries/org/apache/httpcomponents/httpcore/4.4.16/httpcore-4.4.16.jar:/home/runner/.minecraft/libraries/org/jcraft/jorbis/0.0.17/jorbis-0.0.17.jar:/home/runner/.minecraft/libraries/org/joml/joml/1.10.5/joml-1.10.5.jar:/home/runner/.minecraft/libraries/org/lwjgl/lwjgl-freetype/3.3.3/lwjgl-freetype-3.3.3.jar:/home/runner/.minecraft/libraries/org/lwjgl/lwjgl-freetype/3.3.3/lwjgl-freetype-3.3.3-natives-linux.jar:/home/runner/.minecraft/libraries/org/lwjgl/lwjgl-glfw/3.3.3/lwjgl-glfw-3.3.3.jar:/home/runner/.minecraft/libraries/org/lwjgl/lwjgl-glfw/3.3.3/lwjgl-glfw-3.3.3-natives-linux.jar:/home/runner/.minecraft/libraries/org/lwjgl/lwjgl-jemalloc/3.3.3/lwjgl-jemalloc-3.3.3.jar:/home/runner/.minecraft/libraries/org/lwjgl/lwjgl-jemalloc/3.3.3/lwjgl-jemalloc-3.3.3-natives-linux.jar:/home/runner/.minecraft/libraries/org/lwjgl/lwjgl-openal/3.3.3/lwjgl-openal-3.3.3.jar:/home/runner/.minecraft/libraries/org/lwjgl/lwjgl-openal/3.3.3/lwjgl-openal-3.3.3-natives-linux.jar:/home/runner/.minecraft/libraries/org/lwjgl/lwjgl-opengl/3.3.3/lwjgl-opengl-3.3.3.jar:/home/runner/.minecraft/libraries/org/lwjgl/lwjgl-opengl/3.3.3/lwjgl-opengl-3.3.3-natives-linux.jar:/home/runner/.minecraft/libraries/org/lwjgl/lwjgl-stb/3.3.3/lwjgl-stb-3.3.3.jar:/home/runner/.minecraft/libraries/org/lwjgl/lwjgl-stb/3.3.3/lwjgl-stb-3.3.3-natives-linux.jar:/home/runner/.minecraft/libraries/org/lwjgl/lwjgl-tinyfd/3.3.3/lwjgl-tinyfd-3.3.3.jar:/home/runner/.minecraft/libraries/org/lwjgl/lwjgl-tinyfd/3.3.3/lwjgl-tinyfd-3.3.3-natives-linux.jar:/home/runner/.minecraft/libraries/org/lwjgl/lwjgl/3.3.3/lwjgl-3.3.3.jar:/home/runner/.minecraft/libraries/org/lwjgl/lwjgl/3.3.3/lwjgl-3.3.3-natives-linux.jar:/home/runner/.minecraft/libraries/org/lz4/lz4-java/1.8.0/lz4-java-1.8.0.jar:/home/runner/.minecraft/libraries/cpw/mods/securejarhandler/3.0.8/securejarhandler-3.0.8.jar:/home/runner/.minecraft/libraries/net/fabricmc/sponge-mixin/0.15.2+mixin.0.8.7/sponge-mixin-0.15.2+mixin.0.8.7.jar:/home/runner/.minecraft/libraries/net/minecraftforge/srgutils/0.4.15/srgutils-0.4.15.jar:/home/runner/.minecraft/libraries/net/neoforged/bus/8.0.2/bus-8.0.2.jar:/home/runner/.minecraft/libraries/net/neoforged/JarJarMetadata/0.4.1/JarJarMetadata-0.4.1.jar:/home/runner/.minecraft/libraries/net/minecrell/terminalconsoleappender/1.3.0/terminalconsoleappender-1.3.0.jar:/home/runner/.minecraft/libraries/net/neoforged/accesstransformers/10.0.1/accesstransformers-10.0.1.jar:/home/runner/.minecraft/libraries/com/google/guava/guava/32.1.2-jre/guava-32.1.2-jre.jar:/home/runner/.minecraft/libraries/com/google/guava/failureaccess/1.0.1/failureaccess-1.0.1.jar:/home/runner/.minecraft/libraries/cpw/mods/bootstraplauncher/2.0.2/bootstraplauncher-2.0.2.jar:/home/runner/.minecraft/libraries/org/openjdk/nashorn/nashorn-core/15.4/nashorn-core-15.4.jar:/home/runner/.minecraft/libraries/org/antlr/antlr4-runtime/4.13.1/antlr4-runtime-4.13.1.jar:/home/runner/work/ArsAddonBuilder/ArsAddonBuilder/HeadlessMC/f5bafcb3-9d1a-4c64-9e88-ba18c49fbbdc/log4j-slf4j2-impl-2.22.1.jar:/home/runner/.minecraft/libraries/org/jline/jline-reader/3.20.0/jline-reader-3.20.0.jar:/home/runner/.minecraft/libraries/net/sf/jopt-simple/jopt-simple/5.0.4/jopt-simple-5.0.4.jar:/home/runner/.minecraft/libraries/net/neoforged/JarJarFileSystems/0.4.1/JarJarFileSystems-0.4.1.jar:/home/runner/.minecraft/libraries/net/neoforged/mergetool/2.0.3/mergetool-2.0.3-api.jar:/home/runner/.minecraft/libraries/com/electronwill/night-config/core/3.8.0/core-3.8.0.jar:/home/runner/work/ArsAddonBuilder/ArsAddonBuilder/HeadlessMC/f5bafcb3-9d1a-4c64-9e88-ba18c49fbbdc/log4j-core-2.22.1.jar:/home/runner/.minecraft/libraries/org/codehaus/plexus/plexus-utils/3.3.0/plexus-utils-3.3.0.jar:/home/runner/.minecraft/libraries/com/google/guava/listenablefuture/9999.0-empty-to-avoid-conflict-with-guava/listenablefuture-9999.0-empty-to-avoid-conflict-with-guava.jar:/home/runner/.minecraft/libraries/org/jline/jline-terminal/3.20.0/jline-terminal-3.20.0.jar:/home/runner/work/ArsAddonBuilder/ArsAddonBuilder/HeadlessMC/f5bafcb3-9d1a-4c64-9e88-ba18c49fbbdc/log4j-api-2.22.1.jar:/home/runner/.minecraft/libraries/com/machinezoo/noexception/noexception/1.7.1/noexception-1.7.1.jar:/home/runner/.minecraft/libraries/org/ow2/asm/asm-commons/9.7/asm-commons-9.7.jar:/home/runner/.minecraft/libraries/net/neoforged/fancymodloader/earlydisplay/4.0.38/earlydisplay-4.0.38.jar:/home/runner/.minecraft/libraries/commons-io/commons-io/2.15.1/commons-io-2.15.1.jar:/home/runner/.minecraft/libraries/cpw/mods/modlauncher/11.0.4/modlauncher-11.0.4.jar:/home/runner/.minecraft/libraries/net/neoforged/fancymodloader/loader/4.0.38/loader-4.0.38.jar:/home/runner/.minecraft/libraries/net/neoforged/accesstransformers/at-modlauncher/10.0.1/at-modlauncher-10.0.1.jar:/home/runner/.minecraft/libraries/com/electronwill/night-config/toml/3.8.0/toml-3.8.0.jar:/home/runner/.minecraft/libraries/net/neoforged/JarJarSelector/0.4.1/JarJarSelector-0.4.1.jar:/home/runner/.minecraft/libraries/com/google/errorprone/error_prone_annotations/2.18.0/error_prone_annotations-2.18.0.jar:/home/runner/.minecraft/libraries/org/ow2/asm/asm-analysis/9.7/asm-analysis-9.7.jar:/home/runner/.minecraft/libraries/org/apache/commons/commons-lang3/3.14.0/commons-lang3-3.14.0.jar:/home/runner/.minecraft/libraries/com/google/j2objc/j2objc-annotations/2.8/j2objc-annotations-2.8.jar:/home/runner/.minecraft/libraries/org/ow2/asm/asm/9.7/asm-9.7.jar:/home/runner/.minecraft/libraries/com/google/code/gson/gson/2.10.1/gson-2.10.1.jar:/home/runner/.minecraft/libraries/org/checkerframework/checker-qual/3.33.0/checker-qual-3.33.0.jar:/home/runner/.minecraft/libraries/org/ow2/asm/asm-tree/9.7/asm-tree-9.7.jar:/home/runner/.minecraft/libraries/net/neoforged/coremods/7.0.3/coremods-7.0.3.jar:/home/runner/.minecraft/libraries/com/mojang/logging/1.2.7/logging-1.2.7.jar:/home/runner/.minecraft/libraries/com/google/code/findbugs/jsr305/3.0.2/jsr305-3.0.2.jar:/home/runner/.minecraft/libraries/org/ow2/asm/asm-util/9.7/asm-util-9.7.jar:/home/runner/.minecraft/libraries/org/apache/maven/maven-artifact/3.8.5/maven-artifact-3.8.5.jar:/home/runner/.minecraft/libraries/net/jodah/typetools/0.6.3/typetools-0.6.3.jar:/home/runner/.minecraft/libraries/org/slf4j/slf4j-api/2.0.9/slf4j-api-2.0.9.jar:/home/runner/.minecraft/versions/neoforge-21.1.137/neoforge-21.1.137.jar)
	at MC-BOOTSTRAP/com.sun.jna@5.14.0/com.sun.jna.NativeLibrary.loadLibrary(NativeLibrary.java:325) ~[jna-5.14.0.jar%23106!/:5.14.0 (b0)]
	at MC-BOOTSTRAP/com.sun.jna@5.14.0/com.sun.jna.NativeLibrary.getInstance(NativeLibrary.java:481) ~[jna-5.14.0.jar%23106!/:5.14.0 (b0)]
	at MC-BOOTSTRAP/com.sun.jna@5.14.0/com.sun.jna.NativeLibrary.getInstance(NativeLibrary.java:423) ~[jna-5.14.0.jar%23106!/:5.14.0 (b0)]
	at MC-BOOTSTRAP/text2speech@1.17.9/com.mojang.text2speech.NarratorLinux$FliteLibrary.loadNative(NarratorLinux.java:67) ~[text2speech-1.17.9.jar%2391!/:?]
	... 20 more
	Suppressed: java.lang.UnsatisfiedLinkError: libflite.so: cannot open shared object file: No such file or directory
		at MC-BOOTSTRAP/com.sun.jna@5.14.0/com.sun.jna.Native.open(Native Method) ~[jna-5.14.0.jar%23106!/:5.14.0 (b0)]
		at MC-BOOTSTRAP/com.sun.jna@5.14.0/com.sun.jna.NativeLibrary.loadLibrary(NativeLibrary.java:213) ~[jna-5.14.0.jar%23106!/:5.14.0 (b0)]
		at MC-BOOTSTRAP/com.sun.jna@5.14.0/com.sun.jna.NativeLibrary.getInstance(NativeLibrary.java:481) ~[jna-5.14.0.jar%23106!/:5.14.0 (b0)]
		at MC-BOOTSTRAP/com.sun.jna@5.14.0/com.sun.jna.NativeLibrary.getInstance(NativeLibrary.java:423) ~[jna-5.14.0.jar%23106!/:5.14.0 (b0)]
		at MC-BOOTSTRAP/text2speech@1.17.9/com.mojang.text2speech.NarratorLinux$FliteLibrary.loadNative(NarratorLinux.java:67) ~[text2speech-1.17.9.jar%2391!/:?]
		at MC-BOOTSTRAP/text2speech@1.17.9/com.mojang.text2speech.NarratorLinux.<init>(NarratorLinux.java:18) ~[text2speech-1.17.9.jar%2391!/:?]
		at MC-BOOTSTRAP/text2speech@1.17.9/com.mojang.text2speech.Narrator.getNarrator(Narrator.java:41) ~[text2speech-1.17.9.jar%2391!/:?]
		at TRANSFORMER/minecraft@1.21.1/net.minecraft.client.GameNarrator.<init>(GameNarrator.java:21) ~[client-1.21.1-20240808.144430-srg.jar%23176!/:?]
		at TRANSFORMER/minecraft@1.21.1/net.minecraft.client.Minecraft.<init>(Minecraft.java:609) ~[client-1.21.1-20240808.144430-srg.jar%23176!/:?]
		at TRANSFORMER/minecraft@1.21.1/net.minecraft.client.main.Main.main(Main.java:214) ~[client-1.21.1-20240808.144430-srg.jar%23176!/:?]
		at java.base/jdk.internal.reflect.DirectMethodHandleAccessor.invoke(DirectMethodHandleAccessor.java:103) ~[?:?]
		at java.base/java.lang.reflect.Method.invoke(Method.java:580) ~[?:?]
		at MC-BOOTSTRAP/fml_loader@4.0.38/net.neoforged.fml.loading.targets.CommonLaunchHandler.runTarget(CommonLaunchHandler.java:136) ~[loader-4.0.38.jar%23153!/:4.0]
		at MC-BOOTSTRAP/fml_loader@4.0.38/net.neoforged.fml.loading.targets.CommonLaunchHandler.clientService(CommonLaunchHandler.java:124) ~[loader-4.0.38.jar%23153!/:4.0]
		at MC-BOOTSTRAP/fml_loader@4.0.38/net.neoforged.fml.loading.targets.CommonClientLaunchHandler.runService(CommonClientLaunchHandler.java:32) ~[loader-4.0.38.jar%23153!/:4.0]
		at MC-BOOTSTRAP/fml_loader@4.0.38/net.neoforged.fml.loading.targets.CommonLaunchHandler.lambda$launchService$4(CommonLaunchHandler.java:118) ~[loader-4.0.38.jar%23153!/:4.0]
		at MC-BOOTSTRAP/cpw.mods.modlauncher@11.0.4/cpw.mods.modlauncher.LaunchServiceHandlerDecorator.launch(LaunchServiceHandlerDecorator.java:30) [modlauncher-11.0.4.jar%23152!/:?]
		at MC-BOOTSTRAP/cpw.mods.modlauncher@11.0.4/cpw.mods.modlauncher.LaunchServiceHandler.launch(LaunchServiceHandler.java:53) [modlauncher-11.0.4.jar%23152!/:?]
		at MC-BOOTSTRAP/cpw.mods.modlauncher@11.0.4/cpw.mods.modlauncher.LaunchServiceHandler.launch(LaunchServiceHandler.java:71) [modlauncher-11.0.4.jar%23152!/:?]
		at MC-BOOTSTRAP/cpw.mods.modlauncher@11.0.4/cpw.mods.modlauncher.Launcher.run(Launcher.java:103) [modlauncher-11.0.4.jar%23152!/:?]
		at MC-BOOTSTRAP/cpw.mods.modlauncher@11.0.4/cpw.mods.modlauncher.Launcher.main(Launcher.java:74) [modlauncher-11.0.4.jar%23152!/:?]
		at MC-BOOTSTRAP/cpw.mods.modlauncher@11.0.4/cpw.mods.modlauncher.BootstrapLaunchConsumer.accept(BootstrapLaunchConsumer.java:26) [modlauncher-11.0.4.jar%23152!/:?]
		at MC-BOOTSTRAP/cpw.mods.modlauncher@11.0.4/cpw.mods.modlauncher.BootstrapLaunchConsumer.accept(BootstrapLaunchConsumer.java:23) [modlauncher-11.0.4.jar%23152!/:?]
		at cpw.mods.bootstraplauncher@2.0.2/cpw.mods.bootstraplauncher.BootstrapLauncher.run(BootstrapLauncher.java:210) [bootstraplauncher-2.0.2.jar:?]
		at cpw.mods.bootstraplauncher@2.0.2/cpw.mods.bootstraplauncher.BootstrapLauncher.main(BootstrapLauncher.java:69) [bootstraplauncher-2.0.2.jar:?]
	Suppressed: java.lang.UnsatisfiedLinkError: libflite.so: cannot open shared object file: No such file or directory
		at MC-BOOTSTRAP/com.sun.jna@5.14.0/com.sun.jna.Native.open(Native Method) ~[jna-5.14.0.jar%23106!/:5.14.0 (b0)]
		at MC-BOOTSTRAP/com.sun.jna@5.14.0/com.sun.jna.NativeLibrary.loadLibrary(NativeLibrary.java:226) ~[jna-5.14.0.jar%23106!/:5.14.0 (b0)]
		at MC-BOOTSTRAP/com.sun.jna@5.14.0/com.sun.jna.NativeLibrary.getInstance(NativeLibrary.java:481) ~[jna-5.14.0.jar%23106!/:5.14.0 (b0)]
		at MC-BOOTSTRAP/com.sun.jna@5.14.0/com.sun.jna.NativeLibrary.getInstance(NativeLibrary.java:423) ~[jna-5.14.0.jar%23106!/:5.14.0 (b0)]
		at MC-BOOTSTRAP/text2speech@1.17.9/com.mojang.text2speech.NarratorLinux$FliteLibrary.loadNative(NarratorLinux.java:67) ~[text2speech-1.17.9.jar%2391!/:?]
		at MC-BOOTSTRAP/text2speech@1.17.9/com.mojang.text2speech.NarratorLinux.<init>(NarratorLinux.java:18) ~[text2speech-1.17.9.jar%2391!/:?]
		at MC-BOOTSTRAP/text2speech@1.17.9/com.mojang.text2speech.Narrator.getNarrator(Narrator.java:41) ~[text2speech-1.17.9.jar%2391!/:?]
		at TRANSFORMER/minecraft@1.21.1/net.minecraft.client.GameNarrator.<init>(GameNarrator.java:21) ~[client-1.21.1-20240808.144430-srg.jar%23176!/:?]
		at TRANSFORMER/minecraft@1.21.1/net.minecraft.client.Minecraft.<init>(Minecraft.java:609) ~[client-1.21.1-20240808.144430-srg.jar%23176!/:?]
		at TRANSFORMER/minecraft@1.21.1/net.minecraft.client.main.Main.main(Main.java:214) ~[client-1.21.1-20240808.144430-srg.jar%23176!/:?]
		at java.base/jdk.internal.reflect.DirectMethodHandleAccessor.invoke(DirectMethodHandleAccessor.java:103) ~[?:?]
		at java.base/java.lang.reflect.Method.invoke(Method.java:580) ~[?:?]
		at MC-BOOTSTRAP/fml_loader@4.0.38/net.neoforged.fml.loading.targets.CommonLaunchHandler.runTarget(CommonLaunchHandler.java:136) ~[loader-4.0.38.jar%23153!/:4.0]
		at MC-BOOTSTRAP/fml_loader@4.0.38/net.neoforged.fml.loading.targets.CommonLaunchHandler.clientService(CommonLaunchHandler.java:124) ~[loader-4.0.38.jar%23153!/:4.0]
		at MC-BOOTSTRAP/fml_loader@4.0.38/net.neoforged.fml.loading.targets.CommonClientLaunchHandler.runService(CommonClientLaunchHandler.java:32) ~[loader-4.0.38.jar%23153!/:4.0]
		at MC-BOOTSTRAP/fml_loader@4.0.38/net.neoforged.fml.loading.targets.CommonLaunchHandler.lambda$launchService$4(CommonLaunchHandler.java:118) ~[loader-4.0.38.jar%23153!/:4.0]
		at MC-BOOTSTRAP/cpw.mods.modlauncher@11.0.4/cpw.mods.modlauncher.LaunchServiceHandlerDecorator.launch(LaunchServiceHandlerDecorator.java:30) [modlauncher-11.0.4.jar%23152!/:?]
		at MC-BOOTSTRAP/cpw.mods.modlauncher@11.0.4/cpw.mods.modlauncher.LaunchServiceHandler.launch(LaunchServiceHandler.java:53) [modlauncher-11.0.4.jar%23152!/:?]
		at MC-BOOTSTRAP/cpw.mods.modlauncher@11.0.4/cpw.mods.modlauncher.LaunchServiceHandler.launch(LaunchServiceHandler.java:71) [modlauncher-11.0.4.jar%23152!/:?]
		at MC-BOOTSTRAP/cpw.mods.modlauncher@11.0.4/cpw.mods.modlauncher.Launcher.run(Launcher.java:103) [modlauncher-11.0.4.jar%23152!/:?]
		at MC-BOOTSTRAP/cpw.mods.modlauncher@11.0.4/cpw.mods.modlauncher.Launcher.main(Launcher.java:74) [modlauncher-11.0.4.jar%23152!/:?]
		at MC-BOOTSTRAP/cpw.mods.modlauncher@11.0.4/cpw.mods.modlauncher.BootstrapLaunchConsumer.accept(BootstrapLaunchConsumer.java:26) [modlauncher-11.0.4.jar%23152!/:?]
		at MC-BOOTSTRAP/cpw.mods.modlauncher@11.0.4/cpw.mods.modlauncher.BootstrapLaunchConsumer.accept(BootstrapLaunchConsumer.java:23) [modlauncher-11.0.4.jar%23152!/:?]
		at cpw.mods.bootstraplauncher@2.0.2/cpw.mods.bootstraplauncher.BootstrapLauncher.run(BootstrapLauncher.java:210) [bootstraplauncher-2.0.2.jar:?]
		at cpw.mods.bootstraplauncher@2.0.2/cpw.mods.bootstraplauncher.BootstrapLauncher.main(BootstrapLauncher.java:69) [bootstraplauncher-2.0.2.jar:?]
	Suppressed: java.io.IOException: Native library (linux-x86-64/libflite.so) not found in resource path (/home/runner/.minecraft/libraries/com/github/oshi/oshi-core/6.4.10/oshi-core-6.4.10.jar:/home/runner/.minecraft/libraries/com/ibm/icu/icu4j/73.2/icu4j-73.2.jar:/home/runner/.minecraft/libraries/com/mojang/authlib/6.0.54/authlib-6.0.54.jar:/home/runner/.minecraft/libraries/com/mojang/blocklist/1.0.10/blocklist-1.0.10.jar:/home/runner/.minecraft/libraries/com/mojang/brigadier/1.3.10/brigadier-1.3.10.jar:/home/runner/.minecraft/libraries/com/mojang/datafixerupper/8.0.16/datafixerupper-8.0.16.jar:/home/runner/.minecraft/libraries/com/mojang/patchy/2.2.10/patchy-2.2.10.jar:/home/runner/.minecraft/libraries/com/mojang/text2speech/1.17.9/text2speech-1.17.9.jar:/home/runner/.minecraft/libraries/commons-codec/commons-codec/1.16.0/commons-codec-1.16.0.jar:/home/runner/.minecraft/libraries/commons-logging/commons-logging/1.2/commons-logging-1.2.jar:/home/runner/.minecraft/libraries/io/netty/netty-buffer/4.1.97.Final/netty-buffer-4.1.97.Final.jar:/home/runner/.minecraft/libraries/io/netty/netty-codec/4.1.97.Final/netty-codec-4.1.97.Final.jar:/home/runner/.minecraft/libraries/io/netty/netty-common/4.1.97.Final/netty-common-4.1.97.Final.jar:/home/runner/.minecraft/libraries/io/netty/netty-handler/4.1.97.Final/netty-handler-4.1.97.Final.jar:/home/runner/.minecraft/libraries/io/netty/netty-resolver/4.1.97.Final/netty-resolver-4.1.97.Final.jar:/home/runner/.minecraft/libraries/io/netty/netty-transport-classes-epoll/4.1.97.Final/netty-transport-classes-epoll-4.1.97.Final.jar:/home/runner/.minecraft/libraries/io/netty/netty-transport-native-epoll/4.1.97.Final/netty-transport-native-epoll-4.1.97.Final-linux-aarch_64.jar:/home/runner/.minecraft/libraries/io/netty/netty-transport-native-epoll/4.1.97.Final/netty-transport-native-epoll-4.1.97.Final-linux-x86_64.jar:/home/runner/.minecraft/libraries/io/netty/netty-transport-native-unix-common/4.1.97.Final/netty-transport-native-unix-common-4.1.97.Final.jar:/home/runner/.minecraft/libraries/io/netty/netty-transport/4.1.97.Final/netty-transport-4.1.97.Final.jar:/home/runner/.minecraft/libraries/it/unimi/dsi/fastutil/8.5.12/fastutil-8.5.12.jar:/home/runner/.minecraft/libraries/net/java/dev/jna/jna-platform/5.14.0/jna-platform-5.14.0.jar:/home/runner/.minecraft/libraries/net/java/dev/jna/jna/5.14.0/jna-5.14.0.jar:/home/runner/.minecraft/libraries/org/apache/commons/commons-compress/1.26.0/commons-compress-1.26.0.jar:/home/runner/.minecraft/libraries/org/apache/httpcomponents/httpclient/4.5.13/httpclient-4.5.13.jar:/home/runner/.minecraft/libraries/org/apache/httpcomponents/httpcore/4.4.16/httpcore-4.4.16.jar:/home/runner/.minecraft/libraries/org/jcraft/jorbis/0.0.17/jorbis-0.0.17.jar:/home/runner/.minecraft/libraries/org/joml/joml/1.10.5/joml-1.10.5.jar:/home/runner/.minecraft/libraries/org/lwjgl/lwjgl-freetype/3.3.3/lwjgl-freetype-3.3.3.jar:/home/runner/.minecraft/libraries/org/lwjgl/lwjgl-freetype/3.3.3/lwjgl-freetype-3.3.3-natives-linux.jar:/home/runner/.minecraft/libraries/org/lwjgl/lwjgl-glfw/3.3.3/lwjgl-glfw-3.3.3.jar:/home/runner/.minecraft/libraries/org/lwjgl/lwjgl-glfw/3.3.3/lwjgl-glfw-3.3.3-natives-linux.jar:/home/runner/.minecraft/libraries/org/lwjgl/lwjgl-jemalloc/3.3.3/lwjgl-jemalloc-3.3.3.jar:/home/runner/.minecraft/libraries/org/lwjgl/lwjgl-jemalloc/3.3.3/lwjgl-jemalloc-3.3.3-natives-linux.jar:/home/runner/.minecraft/libraries/org/lwjgl/lwjgl-openal/3.3.3/lwjgl-openal-3.3.3.jar:/home/runner/.minecraft/libraries/org/lwjgl/lwjgl-openal/3.3.3/lwjgl-openal-3.3.3-natives-linux.jar:/home/runner/.minecraft/libraries/org/lwjgl/lwjgl-opengl/3.3.3/lwjgl-opengl-3.3.3.jar:/home/runner/.minecraft/libraries/org/lwjgl/lwjgl-opengl/3.3.3/lwjgl-opengl-3.3.3-natives-linux.jar:/home/runner/.minecraft/libraries/org/lwjgl/lwjgl-stb/3.3.3/lwjgl-stb-3.3.3.jar:/home/runner/.minecraft/libraries/org/lwjgl/lwjgl-stb/3.3.3/lwjgl-stb-3.3.3-natives-linux.jar:/home/runner/.minecraft/libraries/org/lwjgl/lwjgl-tinyfd/3.3.3/lwjgl-tinyfd-3.3.3.jar:/home/runner/.minecraft/libraries/org/lwjgl/lwjgl-tinyfd/3.3.3/lwjgl-tinyfd-3.3.3-natives-linux.jar:/home/runner/.minecraft/libraries/org/lwjgl/lwjgl/3.3.3/lwjgl-3.3.3.jar:/home/runner/.minecraft/libraries/org/lwjgl/lwjgl/3.3.3/lwjgl-3.3.3-natives-linux.jar:/home/runner/.minecraft/libraries/org/lz4/lz4-java/1.8.0/lz4-java-1.8.0.jar:/home/runner/.minecraft/libraries/cpw/mods/securejarhandler/3.0.8/securejarhandler-3.0.8.jar:/home/runner/.minecraft/libraries/net/fabricmc/sponge-mixin/0.15.2+mixin.0.8.7/sponge-mixin-0.15.2+mixin.0.8.7.jar:/home/runner/.minecraft/libraries/net/minecraftforge/srgutils/0.4.15/srgutils-0.4.15.jar:/home/runner/.minecraft/libraries/net/neoforged/bus/8.0.2/bus-8.0.2.jar:/home/runner/.minecraft/libraries/net/neoforged/JarJarMetadata/0.4.1/JarJarMetadata-0.4.1.jar:/home/runner/.minecraft/libraries/net/minecrell/terminalconsoleappender/1.3.0/terminalconsoleappender-1.3.0.jar:/home/runner/.minecraft/libraries/net/neoforged/accesstransformers/10.0.1/accesstransformers-10.0.1.jar:/home/runner/.minecraft/libraries/com/google/guava/guava/32.1.2-jre/guava-32.1.2-jre.jar:/home/runner/.minecraft/libraries/com/google/guava/failureaccess/1.0.1/failureaccess-1.0.1.jar:/home/runner/.minecraft/libraries/cpw/mods/bootstraplauncher/2.0.2/bootstraplauncher-2.0.2.jar:/home/runner/.minecraft/libraries/org/openjdk/nashorn/nashorn-core/15.4/nashorn-core-15.4.jar:/home/runner/.minecraft/libraries/org/antlr/antlr4-runtime/4.13.1/antlr4-runtime-4.13.1.jar:/home/runner/work/ArsAddonBuilder/ArsAddonBuilder/HeadlessMC/f5bafcb3-9d1a-4c64-9e88-ba18c49fbbdc/log4j-slf4j2-impl-2.22.1.jar:/home/runner/.minecraft/libraries/org/jline/jline-reader/3.20.0/jline-reader-3.20.0.jar:/home/runner/.minecraft/libraries/net/sf/jopt-simple/jopt-simple/5.0.4/jopt-simple-5.0.4.jar:/home/runner/.minecraft/libraries/net/neoforged/JarJarFileSystems/0.4.1/JarJarFileSystems-0.4.1.jar:/home/runner/.minecraft/libraries/net/neoforged/mergetool/2.0.3/mergetool-2.0.3-api.jar:/home/runner/.minecraft/libraries/com/electronwill/night-config/core/3.8.0/core-3.8.0.jar:/home/runner/work/ArsAddonBuilder/ArsAddonBuilder/HeadlessMC/f5bafcb3-9d1a-4c64-9e88-ba18c49fbbdc/log4j-core-2.22.1.jar:/home/runner/.minecraft/libraries/org/codehaus/plexus/plexus-utils/3.3.0/plexus-utils-3.3.0.jar:/home/runner/.minecraft/libraries/com/google/guava/listenablefuture/9999.0-empty-to-avoid-conflict-with-guava/listenablefuture-9999.0-empty-to-avoid-conflict-with-guava.jar:/home/runner/.minecraft/libraries/org/jline/jline-terminal/3.20.0/jline-terminal-3.20.0.jar:/home/runner/work/ArsAddonBuilder/ArsAddonBuilder/HeadlessMC/f5bafcb3-9d1a-4c64-9e88-ba18c49fbbdc/log4j-api-2.22.1.jar:/home/runner/.minecraft/libraries/com/machinezoo/noexception/noexception/1.7.1/noexception-1.7.1.jar:/home/runner/.minecraft/libraries/org/ow2/asm/asm-commons/9.7/asm-commons-9.7.jar:/home/runner/.minecraft/libraries/net/neoforged/fancymodloader/earlydisplay/4.0.38/earlydisplay-4.0.38.jar:/home/runner/.minecraft/libraries/commons-io/commons-io/2.15.1/commons-io-2.15.1.jar:/home/runner/.minecraft/libraries/cpw/mods/modlauncher/11.0.4/modlauncher-11.0.4.jar:/home/runner/.minecraft/libraries/net/neoforged/fancymodloader/loader/4.0.38/loader-4.0.38.jar:/home/runner/.minecraft/libraries/net/neoforged/accesstransformers/at-modlauncher/10.0.1/at-modlauncher-10.0.1.jar:/home/runner/.minecraft/libraries/com/electronwill/night-config/toml/3.8.0/toml-3.8.0.jar:/home/runner/.minecraft/libraries/net/neoforged/JarJarSelector/0.4.1/JarJarSelector-0.4.1.jar:/home/runner/.minecraft/libraries/com/google/errorprone/error_prone_annotations/2.18.0/error_prone_annotations-2.18.0.jar:/home/runner/.minecraft/libraries/org/ow2/asm/asm-analysis/9.7/asm-analysis-9.7.jar:/home/runner/.minecraft/libraries/org/apache/commons/commons-lang3/3.14.0/commons-lang3-3.14.0.jar:/home/runner/.minecraft/libraries/com/google/j2objc/j2objc-annotations/2.8/j2objc-annotations-2.8.jar:/home/runner/.minecraft/libraries/org/ow2/asm/asm/9.7/asm-9.7.jar:/home/runner/.minecraft/libraries/com/google/code/gson/gson/2.10.1/gson-2.10.1.jar:/home/runner/.minecraft/libraries/org/checkerframework/checker-qual/3.33.0/checker-qual-3.33.0.jar:/home/runner/.minecraft/libraries/org/ow2/asm/asm-tree/9.7/asm-tree-9.7.jar:/home/runner/.minecraft/libraries/net/neoforged/coremods/7.0.3/coremods-7.0.3.jar:/home/runner/.minecraft/libraries/com/mojang/logging/1.2.7/logging-1.2.7.jar:/home/runner/.minecraft/libraries/com/google/code/findbugs/jsr305/3.0.2/jsr305-3.0.2.jar:/home/runner/.minecraft/libraries/org/ow2/asm/asm-util/9.7/asm-util-9.7.jar:/home/runner/.minecraft/libraries/org/apache/maven/maven-artifact/3.8.5/maven-artifact-3.8.5.jar:/home/runner/.minecraft/libraries/net/jodah/typetools/0.6.3/typetools-0.6.3.jar:/home/runner/.minecraft/libraries/org/slf4j/slf4j-api/2.0.9/slf4j-api-2.0.9.jar:/home/runner/.minecraft/versions/neoforge-21.1.137/neoforge-21.1.137.jar)
		at MC-BOOTSTRAP/com.sun.jna@5.14.0/com.sun.jna.Native.extractFromResourcePath(Native.java:1141) ~[jna-5.14.0.jar%23106!/:5.14.0 (b0)]
		at MC-BOOTSTRAP/com.sun.jna@5.14.0/com.sun.jna.NativeLibrary.loadLibrary(NativeLibrary.java:297) ~[jna-5.14.0.jar%23106!/:5.14.0 (b0)]
		at MC-BOOTSTRAP/com.sun.jna@5.14.0/com.sun.jna.NativeLibrary.getInstance(NativeLibrary.java:481) ~[jna-5.14.0.jar%23106!/:5.14.0 (b0)]
		at MC-BOOTSTRAP/com.sun.jna@5.14.0/com.sun.jna.NativeLibrary.getInstance(NativeLibrary.java:423) ~[jna-5.14.0.jar%23106!/:5.14.0 (b0)]
		at MC-BOOTSTRAP/text2speech@1.17.9/com.mojang.text2speech.NarratorLinux$FliteLibrary.loadNative(NarratorLinux.java:67) ~[text2speech-1.17.9.jar%2391!/:?]
		at MC-BOOTSTRAP/text2speech@1.17.9/com.mojang.text2speech.NarratorLinux.<init>(NarratorLinux.java:18) ~[text2speech-1.17.9.jar%2391!/:?]
		at MC-BOOTSTRAP/text2speech@1.17.9/com.mojang.text2speech.Narrator.getNarrator(Narrator.java:41) ~[text2speech-1.17.9.jar%2391!/:?]
		at TRANSFORMER/minecraft@1.21.1/net.minecraft.client.GameNarrator.<init>(GameNarrator.java:21) ~[client-1.21.1-20240808.144430-srg.jar%23176!/:?]
		at TRANSFORMER/minecraft@1.21.1/net.minecraft.client.Minecraft.<init>(Minecraft.java:609) ~[client-1.21.1-20240808.144430-srg.jar%23176!/:?]
		at TRANSFORMER/minecraft@1.21.1/net.minecraft.client.main.Main.main(Main.java:214) ~[client-1.21.1-20240808.144430-srg.jar%23176!/:?]
		at java.base/jdk.internal.reflect.DirectMethodHandleAccessor.invoke(DirectMethodHandleAccessor.java:103) ~[?:?]
		at java.base/java.lang.reflect.Method.invoke(Method.java:580) ~[?:?]
		at MC-BOOTSTRAP/fml_loader@4.0.38/net.neoforged.fml.loading.targets.CommonLaunchHandler.runTarget(CommonLaunchHandler.java:136) ~[loader-4.0.38.jar%23153!/:4.0]
		at MC-BOOTSTRAP/fml_loader@4.0.38/net.neoforged.fml.loading.targets.CommonLaunchHandler.clientService(CommonLaunchHandler.java:124) ~[loader-4.0.38.jar%23153!/:4.0]
		at MC-BOOTSTRAP/fml_loader@4.0.38/net.neoforged.fml.loading.targets.CommonClientLaunchHandler.runService(CommonClientLaunchHandler.java:32) ~[loader-4.0.38.jar%23153!/:4.0]
		at MC-BOOTSTRAP/fml_loader@4.0.38/net.neoforged.fml.loading.targets.CommonLaunchHandler.lambda$launchService$4(CommonLaunchHandler.java:118) ~[loader-4.0.38.jar%23153!/:4.0]
		at MC-BOOTSTRAP/cpw.mods.modlauncher@11.0.4/cpw.mods.modlauncher.LaunchServiceHandlerDecorator.launch(LaunchServiceHandlerDecorator.java:30) [modlauncher-11.0.4.jar%23152!/:?]
		at MC-BOOTSTRAP/cpw.mods.modlauncher@11.0.4/cpw.mods.modlauncher.LaunchServiceHandler.launch(LaunchServiceHandler.java:53) [modlauncher-11.0.4.jar%23152!/:?]
		at MC-BOOTSTRAP/cpw.mods.modlauncher@11.0.4/cpw.mods.modlauncher.LaunchServiceHandler.launch(LaunchServiceHandler.java:71) [modlauncher-11.0.4.jar%23152!/:?]
		at MC-BOOTSTRAP/cpw.mods.modlauncher@11.0.4/cpw.mods.modlauncher.Launcher.run(Launcher.java:103) [modlauncher-11.0.4.jar%23152!/:?]
		at MC-BOOTSTRAP/cpw.mods.modlauncher@11.0.4/cpw.mods.modlauncher.Launcher.main(Launcher.java:74) [modlauncher-11.0.4.jar%23152!/:?]
		at MC-BOOTSTRAP/cpw.mods.modlauncher@11.0.4/cpw.mods.modlauncher.BootstrapLaunchConsumer.accept(BootstrapLaunchConsumer.java:26) [modlauncher-11.0.4.jar%23152!/:?]
		at MC-BOOTSTRAP/cpw.mods.modlauncher@11.0.4/cpw.mods.modlauncher.BootstrapLaunchConsumer.accept(BootstrapLaunchConsumer.java:23) [modlauncher-11.0.4.jar%23152!/:?]
		at cpw.mods.bootstraplauncher@2.0.2/cpw.mods.bootstraplauncher.BootstrapLauncher.run(BootstrapLauncher.java:210) [bootstraplauncher-2.0.2.jar:?]
		at cpw.mods.bootstraplauncher@2.0.2/cpw.mods.bootstraplauncher.BootstrapLauncher.main(BootstrapLauncher.java:69) [bootstraplauncher-2.0.2.jar:?]
[21Mar2025 15:26:11.894] [Render thread/INFO] [net.minecraft.server.packs.resources.ReloadableResourceManager/]: Reloading ResourceManager: vanilla, mod_resources, mod/doc_exporter, mod/curios, mod/patchouli, mod/geckolib, mod/ars_nouveau, mod/mc_runtime_test, mod/neoforge, mod/nuggets, mod/ars_elemental
[21Mar2025 15:26:11.911] [Worker-Main-2/WARN] [GeckoLib/]: Found animation file with improper file name format; animation files should end in .animation.json: 'ars_nouveau:animations/agronomic_sourcelink_animation.json'
[21Mar2025 15:26:11.951] [Render thread/INFO] [net.minecraft.client.Minecraft/]: Waiting for overlay to disappear...
[21Mar2025 15:26:11.951] [Render thread/INFO] [net.minecraft.client.Minecraft/]: Waiting for player to load...
[21Mar2025 15:26:11.956] [Render thread/INFO] [net.minecraft.client.Minecraft/]: Waiting for overlay to disappear...
[21Mar2025 15:26:11.959] [Render thread/INFO] [net.minecraft.client.Minecraft/]: Waiting for player to load...
[21Mar2025 15:26:11.960] [Render thread/INFO] [net.minecraft.client.Minecraft/]: Waiting for overlay to disappear...
[21Mar2025 15:26:11.960] [Render thread/INFO] [net.minecraft.client.Minecraft/]: Waiting for player to load...
[21Mar2025 15:26:11.960] [Render thread/INFO] [net.minecraft.client.Minecraft/]: Waiting for overlay to disappear...
[21Mar2025 15:26:11.960] [Render thread/INFO] [net.minecraft.client.Minecraft/]: Waiting for player to load...
[21Mar2025 15:26:11.960] [Render thread/INFO] [net.minecraft.client.Minecraft/]: Waiting for overlay to disappear...
[21Mar2025 15:26:11.961] [Render thread/INFO] [net.minecraft.client.Minecraft/]: Waiting for player to load...
[21Mar2025 15:26:11.961] [Render thread/INFO] [net.minecraft.client.Minecraft/]: Waiting for overlay to disappear...
[21Mar2025 15:26:11.961] [Render thread/INFO] [net.minecraft.client.Minecraft/]: Waiting for player to load...
[21Mar2025 15:26:11.961] [Render thread/INFO] [net.minecraft.client.Minecraft/]: Waiting for overlay to disappear...
[21Mar2025 15:26:11.961] [Render thread/INFO] [net.minecraft.client.Minecraft/]: Waiting for player to load...
[21Mar2025 15:26:11.961] [Render thread/INFO] [net.minecraft.client.Minecraft/]: Waiting for overlay to disappear...
[21Mar2025 15:26:11.961] [Render thread/INFO] [net.minecraft.client.Minecraft/]: Waiting for player to load...
[21Mar2025 15:26:11.961] [Render thread/INFO] [net.minecraft.client.Minecraft/]: Waiting for overlay to disappear...
[21Mar2025 15:26:11.961] [Render thread/INFO] [net.minecraft.client.Minecraft/]: Waiting for player to load...
[21Mar2025 15:26:11.961] [Render thread/INFO] [net.minecraft.client.Minecraft/]: Waiting for overlay to disappear...
[21Mar2025 15:26:11.962] [Render thread/INFO] [net.minecraft.client.Minecraft/]: Waiting for player to load...
[21Mar2025 15:26:11.962] [Worker-Main-2/WARN] [GeckoLib/]: Found animation file with improper file name format; animation files should end in .animation.json: 'ars_nouveau:animations/alchemical_sourcelink_animation.json'
[21Mar2025 15:26:11.965] [Worker-Main-2/WARN] [GeckoLib/]: Found animation file with improper file name format; animation files should end in .animation.json: 'ars_nouveau:animations/alteration_apparatus_animations.json'
[21Mar2025 15:26:11.991] [Worker-Main-2/WARN] [GeckoLib/]: Found animation file with improper file name format; animation files should end in .animation.json: 'ars_nouveau:animations/amethyst_golem_animations.json'
[21Mar2025 15:26:11.998] [Worker-Main-2/ERROR] [GeckoLib/]: Unable to parse animation: carry_idle
[21Mar2025 15:26:12.003] [Worker-Main-2/WARN] [GeckoLib/]: Found animation file with improper file name format; animation files should end in .animation.json: 'ars_nouveau:animations/animated_block_animations.json'
[21Mar2025 15:26:12.004] [Worker-Main-3/WARN] [GeckoLib/]: Found animation file with improper file name format; animation files should end in .animation.json: 'ars_nouveau:animations/arcane_core_animations.json'
[21Mar2025 15:26:12.006] [Worker-Main-3/WARN] [GeckoLib/]: Found animation file with improper file name format; animation files should end in .animation.json: 'ars_nouveau:animations/arcane_pedestal_animations.json'
[21Mar2025 15:26:12.006] [Worker-Main-3/WARN] [GeckoLib/]: Found animation file with improper file name format; animation files should end in .animation.json: 'ars_nouveau:animations/basic_spell_turret_animations.json'
[21Mar2025 15:26:12.006] [Worker-Main-3/WARN] [GeckoLib/]: Found animation file with improper file name format; animation files should end in .animation.json: 'ars_nouveau:animations/book_wyrm_animation.json'
[21Mar2025 15:26:12.007] [Worker-Main-2/WARN] [GeckoLib/]: Found animation file with improper file name format; animation files should end in .animation.json: 'ars_nouveau:animations/book_wyrm_lectern_animations.json'
[21Mar2025 15:26:12.008] [Worker-Main-2/WARN] [GeckoLib/]: Found animation file with improper file name format; animation files should end in .animation.json: 'ars_nouveau:animations/empty.json'
[21Mar2025 15:26:12.010] [Worker-Main-2/WARN] [GeckoLib/]: Found animation file with improper file name format; animation files should end in .animation.json: 'ars_nouveau:animations/enchanting_apparatus_animations.json'
[21Mar2025 15:26:12.012] [Worker-Main-2/WARN] [GeckoLib/]: Found animation file with improper file name format; animation files should end in .animation.json: 'ars_nouveau:animations/imbuement_chamber_animations.json'
[21Mar2025 15:26:12.017] [Worker-Main-2/WARN] [GeckoLib/]: Found animation file with improper file name format; animation files should end in .animation.json: 'ars_nouveau:animations/lily_animations.json'
[21Mar2025 15:26:12.007] [Worker-Main-3/WARN] [GeckoLib/]: Found animation file with improper file name format; animation files should end in .animation.json: 'ars_nouveau:animations/drygmy_animations.json'
[21Mar2025 15:26:12.021] [Worker-Main-3/WARN] [GeckoLib/]: Found animation file with improper file name format; animation files should end in .animation.json: 'ars_nouveau:animations/mana_relay_animation.json'
[21Mar2025 15:26:12.021] [Worker-Main-3/WARN] [GeckoLib/]: Found animation file with improper file name format; animation files should end in .animation.json: 'ars_nouveau:animations/mana_splitter_animation.json'
[21Mar2025 15:26:12.024] [Worker-Main-3/WARN] [GeckoLib/]: Found animation file with improper file name format; animation files should end in .animation.json: 'ars_nouveau:animations/nook_animation.json'
[21Mar2025 15:26:12.026] [Worker-Main-3/WARN] [GeckoLib/]: Found animation file with improper file name format; animation files should end in .animation.json: 'ars_nouveau:animations/potion_melder_animation.json'
[21Mar2025 15:26:12.030] [Worker-Main-3/WARN] [GeckoLib/]: Found animation file with improper file name format; animation files should end in .animation.json: 'ars_nouveau:animations/redstone_relay_animations.json'
[21Mar2025 15:26:12.030] [Worker-Main-3/WARN] [GeckoLib/]: Found animation file with improper file name format; animation files should end in .animation.json: 'ars_nouveau:animations/ritual.json'
[21Mar2025 15:26:12.031] [Worker-Main-3/WARN] [GeckoLib/]: Found animation file with improper file name format; animation files should end in .animation.json: 'ars_nouveau:animations/rune.json'
[21Mar2025 15:26:12.031] [Worker-Main-3/WARN] [GeckoLib/]: Found animation file with improper file name format; animation files should end in .animation.json: 'ars_nouveau:animations/scribes_table_animations.json'
[21Mar2025 15:26:12.030] [Worker-Main-2/WARN] [GeckoLib/]: Found animation file with improper file name format; animation files should end in .animation.json: 'ars_nouveau:animations/press_animations.json'
[21Mar2025 15:26:12.034] [Worker-Main-2/WARN] [GeckoLib/]: Found animation file with improper file name format; animation files should end in .animation.json: 'ars_nouveau:animations/scryers_eye_animation.json'
[21Mar2025 15:26:12.034] [Worker-Main-2/WARN] [GeckoLib/]: Found animation file with improper file name format; animation files should end in .animation.json: 'ars_nouveau:animations/source_collector_animations.json'
[21Mar2025 15:26:12.035] [Worker-Main-2/WARN] [GeckoLib/]: Found animation file with improper file name format; animation files should end in .animation.json: 'ars_nouveau:animations/source_deposit_animations.json'
[21Mar2025 15:26:12.035] [Worker-Main-2/WARN] [GeckoLib/]: Found animation file with improper file name format; animation files should end in .animation.json: 'ars_nouveau:animations/source_relay_animations.json'
[21Mar2025 15:26:12.035] [Worker-Main-2/WARN] [GeckoLib/]: Found animation file with improper file name format; animation files should end in .animation.json: 'ars_nouveau:animations/source_splitter_animations.json'
[21Mar2025 15:26:12.036] [Worker-Main-2/WARN] [GeckoLib/]: Found animation file with improper file name format; animation files should end in .animation.json: 'ars_nouveau:animations/source_warp_animations.json'
[21Mar2025 15:26:12.036] [Worker-Main-2/WARN] [GeckoLib/]: Found animation file with improper file name format; animation files should end in .animation.json: 'ars_nouveau:animations/spell_turret_animations.json'
[21Mar2025 15:26:12.042] [Worker-Main-2/WARN] [GeckoLib/]: Found animation file with improper file name format; animation files should end in .animation.json: 'ars_nouveau:animations/spell_turret_timer_animations.json'
[21Mar2025 15:26:12.044] [Worker-Main-3/WARN] [GeckoLib/]: Found animation file with improper file name format; animation files should end in .animation.json: 'ars_nouveau:animations/spike_animations.json'
[21Mar2025 15:26:12.044] [Worker-Main-3/WARN] [GeckoLib/]: Found animation file with improper file name format; animation files should end in .animation.json: 'ars_nouveau:animations/starbuncle_animations.json'
[21Mar2025 15:26:12.044] [Worker-Main-2/WARN] [GeckoLib/]: Found animation file with improper file name format; animation files should end in .animation.json: 'ars_nouveau:animations/vitalic_sourcelink_animation.json'
[21Mar2025 15:26:12.044] [Worker-Main-2/WARN] [GeckoLib/]: Found animation file with improper file name format; animation files should end in .animation.json: 'ars_nouveau:animations/volcanic_sourcelink_animations.json'
[21Mar2025 15:26:12.045] [Worker-Main-2/WARN] [GeckoLib/]: Found animation file with improper file name format; animation files should end in .animation.json: 'ars_nouveau:animations/wand_animation.json'
[21Mar2025 15:26:12.045] [Worker-Main-2/WARN] [GeckoLib/]: Found animation file with improper file name format; animation files should end in .animation.json: 'ars_nouveau:animations/weald_waddler_animations.json'
[21Mar2025 15:26:12.045] [Worker-Main-2/WARN] [GeckoLib/]: Found animation file with improper file name format; animation files should end in .animation.json: 'ars_nouveau:animations/weald_walker_animations.json'
[21Mar2025 15:26:12.047] [Worker-Main-2/WARN] [GeckoLib/]: Found animation file with improper file name format; animation files should end in .animation.json: 'ars_nouveau:animations/whirlisprig_animations.json'
[21Mar2025 15:26:12.048] [Worker-Main-2/WARN] [GeckoLib/]: Found animation file with improper file name format; animation files should end in .animation.json: 'ars_nouveau:animations/whirlisprig_blossom_animations.json'
[21Mar2025 15:26:12.048] [Worker-Main-2/WARN] [GeckoLib/]: Found animation file with improper file name format; animation files should end in .animation.json: 'ars_nouveau:animations/wilden_chimera_animations.json'
[21Mar2025 15:26:12.061] [Worker-Main-3/WARN] [GeckoLib/]: Found animation file with improper file name format; animation files should end in .animation.json: 'ars_nouveau:animations/wilden_defender_animations.json'
[21Mar2025 15:26:12.063] [Worker-Main-3/WARN] [GeckoLib/]: Found animation file with improper file name format; animation files should end in .animation.json: 'ars_nouveau:animations/wilden_hunter_animations.json'
[21Mar2025 15:26:12.065] [Worker-Main-2/WARN] [GeckoLib/]: Found animation file with improper file name format; animation files should end in .animation.json: 'ars_nouveau:animations/wilden_stalker_animations.json'
[21Mar2025 15:26:12.068] [Worker-Main-2/WARN] [GeckoLib/]: Found animation file with improper file name format; animation files should end in .animation.json: 'ars_nouveau:animations/wixie_animations.json'
[21Mar2025 15:26:12.258] [Worker-Main-3/WARN] [net.minecraft.client.gui.font.FontManager/]: Unable to load font 'minecraft:include/unifont' in fonts.json in resourcepack: 'vanilla'
com.google.gson.JsonParseException: No key providers in MapLike[{}]
	at MC-BOOTSTRAP/datafixerupper@8.0.16/com.mojang.serialization.DataResult$Error.getOrThrow(DataResult.java:287) ~[datafixerupper-8.0.16.jar%2389!/:?]
	at TRANSFORMER/minecraft@1.21.1/net.minecraft.client.gui.font.FontManager.loadResourceStack(FontManager.java:310) ~[client-1.21.1-20240808.144430-srg.jar%23176!/:?]
	at TRANSFORMER/minecraft@1.21.1/net.minecraft.client.gui.font.FontManager.lambda$prepare$4(FontManager.java:173) ~[client-1.21.1-20240808.144430-srg.jar%23176!/:?]
	at java.base/java.util.concurrent.CompletableFuture$AsyncSupply.run(CompletableFuture.java:1768) [?:?]
	at java.base/java.util.concurrent.CompletableFuture$AsyncSupply.exec(CompletableFuture.java:1760) [?:?]
	at java.base/java.util.concurrent.ForkJoinTask.doExec(ForkJoinTask.java:387) [?:?]
	at java.base/java.util.concurrent.ForkJoinPool$WorkQueue.topLevelExec(ForkJoinPool.java:1312) [?:?]
	at java.base/java.util.concurrent.ForkJoinPool.scan(ForkJoinPool.java:1843) [?:?]
	at java.base/java.util.concurrent.ForkJoinPool.runWorker(ForkJoinPool.java:1808) [?:?]
	at java.base/java.util.concurrent.ForkJoinWorkerThread.run(ForkJoinWorkerThread.java:188) [?:?]
[21Mar2025 15:26:12.358] [Render thread/INFO] [net.minecraft.client.Minecraft/]: Waiting for overlay to disappear...
[21Mar2025 15:26:12.359] [Render thread/INFO] [net.minecraft.client.Minecraft/]: Waiting for player to load...
[21Mar2025 15:26:12.362] [Render thread/INFO] [net.minecraft.client.Minecraft/]: Waiting for overlay to disappear...
[21Mar2025 15:26:12.362] [Render thread/INFO] [net.minecraft.client.Minecraft/]: Waiting for player to load...
[21Mar2025 15:26:12.362] [Render thread/INFO] [net.minecraft.client.Minecraft/]: Waiting for overlay to disappear...
[21Mar2025 15:26:12.362] [Render thread/INFO] [net.minecraft.client.Minecraft/]: Waiting for player to load...
[21Mar2025 15:26:12.363] [Render thread/INFO] [net.minecraft.client.Minecraft/]: Waiting for overlay to disappear...
[21Mar2025 15:26:12.363] [Render thread/INFO] [net.minecraft.client.Minecraft/]: Waiting for player to load...
[21Mar2025 15:26:12.363] [Render thread/INFO] [net.minecraft.client.Minecraft/]: Waiting for overlay to disappear...
[21Mar2025 15:26:12.363] [Render thread/INFO] [net.minecraft.client.Minecraft/]: Waiting for player to load...
[21Mar2025 15:26:12.363] [Render thread/INFO] [net.minecraft.client.Minecraft/]: Waiting for overlay to disappear...
[21Mar2025 15:26:12.363] [Render thread/INFO] [net.minecraft.client.Minecraft/]: Waiting for player to load...
[21Mar2025 15:26:12.363] [Render thread/INFO] [net.minecraft.client.Minecraft/]: Waiting for overlay to disappear...
[21Mar2025 15:26:12.363] [Render thread/INFO] [net.minecraft.client.Minecraft/]: Waiting for player to load...
[21Mar2025 15:26:12.363] [Render thread/INFO] [net.minecraft.client.Minecraft/]: Waiting for overlay to disappear...
[21Mar2025 15:26:12.363] [Render thread/INFO] [net.minecraft.client.Minecraft/]: Waiting for player to load...
[21Mar2025 15:26:12.484] [Render thread/INFO] [net.minecraft.client.Minecraft/]: Waiting for overlay to disappear...
[21Mar2025 15:26:12.485] [Render thread/INFO] [net.minecraft.client.Minecraft/]: Waiting for player to load...
[21Mar2025 15:26:12.485] [Render thread/INFO] [net.minecraft.client.Minecraft/]: Waiting for overlay to disappear...
[21Mar2025 15:26:12.485] [Render thread/INFO] [net.minecraft.client.Minecraft/]: Waiting for player to load...
[21Mar2025 15:26:12.501] [Render thread/INFO] [net.minecraft.client.Minecraft/]: Waiting for overlay to disappear...
[21Mar2025 15:26:12.502] [Render thread/INFO] [net.minecraft.client.Minecraft/]: Waiting for player to load...
[21Mar2025 15:26:12.539] [Render thread/INFO] [net.minecraft.client.Minecraft/]: Waiting for overlay to disappear...
[21Mar2025 15:26:12.539] [Render thread/INFO] [net.minecraft.client.Minecraft/]: Waiting for player to load...
[21Mar2025 15:26:12.614] [Render thread/INFO] [net.minecraft.client.Minecraft/]: Waiting for overlay to disappear...
[21Mar2025 15:26:12.614] [Render thread/INFO] [net.minecraft.client.Minecraft/]: Waiting for player to load...
[21Mar2025 15:26:12.659] [Render thread/INFO] [net.minecraft.client.Minecraft/]: Waiting for overlay to disappear...
[21Mar2025 15:26:12.659] [Render thread/INFO] [net.minecraft.client.Minecraft/]: Waiting for player to load...
[21Mar2025 15:26:12.694] [Render thread/INFO] [net.minecraft.client.Minecraft/]: Waiting for overlay to disappear...
[21Mar2025 15:26:12.694] [Render thread/INFO] [net.minecraft.client.Minecraft/]: Waiting for player to load...
[21Mar2025 15:26:12.745] [Render thread/INFO] [net.minecraft.client.Minecraft/]: Waiting for overlay to disappear...
[21Mar2025 15:26:12.745] [Render thread/INFO] [net.minecraft.client.Minecraft/]: Waiting for player to load...
[21Mar2025 15:26:12.822] [Render thread/INFO] [net.minecraft.client.Minecraft/]: Waiting for overlay to disappear...
[21Mar2025 15:26:12.822] [Render thread/INFO] [net.minecraft.client.Minecraft/]: Waiting for player to load...
[21Mar2025 15:26:12.850] [Render thread/INFO] [net.minecraft.client.Minecraft/]: Waiting for overlay to disappear...
[21Mar2025 15:26:12.850] [Render thread/INFO] [net.minecraft.client.Minecraft/]: Waiting for player to load...
[21Mar2025 15:26:12.891] [Render thread/INFO] [net.minecraft.client.Minecraft/]: Waiting for overlay to disappear...
[21Mar2025 15:26:12.891] [Render thread/INFO] [net.minecraft.client.Minecraft/]: Waiting for player to load...
[21Mar2025 15:26:12.949] [Render thread/INFO] [net.minecraft.client.Minecraft/]: Waiting for overlay to disappear...
[21Mar2025 15:26:12.949] [Render thread/INFO] [net.minecraft.client.Minecraft/]: Waiting for player to load...
[21Mar2025 15:26:12.994] [Render thread/INFO] [net.minecraft.client.Minecraft/]: Waiting for overlay to disappear...
[21Mar2025 15:26:12.994] [Render thread/INFO] [net.minecraft.client.Minecraft/]: Waiting for player to load...
[21Mar2025 15:26:13.045] [Render thread/INFO] [net.minecraft.client.Minecraft/]: Waiting for overlay to disappear...
[21Mar2025 15:26:13.045] [Render thread/INFO] [net.minecraft.client.Minecraft/]: Waiting for player to load...
[21Mar2025 15:26:13.095] [Render thread/INFO] [net.minecraft.client.Minecraft/]: Waiting for overlay to disappear...
[21Mar2025 15:26:13.096] [Render thread/INFO] [net.minecraft.client.Minecraft/]: Waiting for player to load...
[21Mar2025 15:26:13.137] [Render thread/INFO] [net.minecraft.client.Minecraft/]: Waiting for overlay to disappear...
[21Mar2025 15:26:13.137] [Render thread/INFO] [net.minecraft.client.Minecraft/]: Waiting for player to load...
[21Mar2025 15:26:13.186] [Render thread/INFO] [net.minecraft.client.Minecraft/]: Waiting for overlay to disappear...
[21Mar2025 15:26:13.186] [Render thread/INFO] [net.minecraft.client.Minecraft/]: Waiting for player to load...
[21Mar2025 15:26:13.244] [Render thread/INFO] [net.minecraft.client.Minecraft/]: Waiting for overlay to disappear...
[21Mar2025 15:26:13.244] [Render thread/INFO] [net.minecraft.client.Minecraft/]: Waiting for player to load...
[21Mar2025 15:26:13.312] [Render thread/INFO] [net.minecraft.client.Minecraft/]: Waiting for overlay to disappear...
[21Mar2025 15:26:13.313] [Render thread/INFO] [net.minecraft.client.Minecraft/]: Waiting for player to load...
[21Mar2025 15:26:13.343] [Render thread/INFO] [net.minecraft.client.Minecraft/]: Waiting for overlay to disappear...
[21Mar2025 15:26:13.343] [Render thread/INFO] [net.minecraft.client.Minecraft/]: Waiting for player to load...
[21Mar2025 15:26:13.386] [Render thread/INFO] [net.minecraft.client.Minecraft/]: Waiting for overlay to disappear...
[21Mar2025 15:26:13.387] [Render thread/INFO] [net.minecraft.client.Minecraft/]: Waiting for player to load...
[21Mar2025 15:26:13.438] [Render thread/INFO] [net.minecraft.client.Minecraft/]: Waiting for overlay to disappear...
[21Mar2025 15:26:13.438] [Render thread/INFO] [net.minecraft.client.Minecraft/]: Waiting for player to load...
[21Mar2025 15:26:13.519] [Render thread/INFO] [net.minecraft.client.Minecraft/]: Waiting for overlay to disappear...
[21Mar2025 15:26:13.519] [Render thread/INFO] [net.minecraft.client.Minecraft/]: Waiting for player to load...
[21Mar2025 15:26:13.540] [Render thread/INFO] [net.minecraft.client.Minecraft/]: Waiting for overlay to disappear...
[21Mar2025 15:26:13.540] [Render thread/INFO] [net.minecraft.client.Minecraft/]: Waiting for player to load...
[21Mar2025 15:26:13.592] [Render thread/INFO] [net.minecraft.client.Minecraft/]: Waiting for overlay to disappear...
[21Mar2025 15:26:13.592] [Render thread/INFO] [net.minecraft.client.Minecraft/]: Waiting for player to load...
[21Mar2025 15:26:13.642] [Render thread/INFO] [net.minecraft.client.Minecraft/]: Waiting for overlay to disappear...
[21Mar2025 15:26:13.642] [Render thread/INFO] [net.minecraft.client.Minecraft/]: Waiting for player to load...
[21Mar2025 15:26:13.692] [Render thread/INFO] [net.minecraft.client.Minecraft/]: Waiting for overlay to disappear...
[21Mar2025 15:26:13.692] [Render thread/INFO] [net.minecraft.client.Minecraft/]: Waiting for player to load...
[21Mar2025 15:26:13.749] [Render thread/INFO] [net.minecraft.client.Minecraft/]: Waiting for overlay to disappear...
[21Mar2025 15:26:13.750] [Render thread/INFO] [net.minecraft.client.Minecraft/]: Waiting for player to load...
[21Mar2025 15:26:13.782] [Worker-Main-1/WARN] [net.minecraft.client.resources.model.BlockStateModelLoader/]: Exception loading blockstate definition: 'ars_nouveau:blockstates/magelight_torch.json' missing model for variant: 'ars_nouveau:magelight_torch#facing=east,floor=true,level=1,roof=true'
[21Mar2025 15:26:13.783] [Worker-Main-1/WARN] [net.minecraft.client.resources.model.BlockStateModelLoader/]: Exception loading blockstate definition: 'ars_nouveau:blockstates/magelight_torch.json' missing model for variant: 'ars_nouveau:magelight_torch#facing=east,floor=true,level=0,roof=true'
[21Mar2025 15:26:13.783] [Worker-Main-1/WARN] [net.minecraft.client.resources.model.BlockStateModelLoader/]: Exception loading blockstate definition: 'ars_nouveau:blockstates/magelight_torch.json' missing model for variant: 'ars_nouveau:magelight_torch#facing=east,floor=true,level=3,roof=true'
[21Mar2025 15:26:13.783] [Worker-Main-1/WARN] [net.minecraft.client.resources.model.BlockStateModelLoader/]: Exception loading blockstate definition: 'ars_nouveau:blockstates/magelight_torch.json' missing model for variant: 'ars_nouveau:magelight_torch#facing=north,floor=true,level=10,roof=true'
[21Mar2025 15:26:13.784] [Worker-Main-1/WARN] [net.minecraft.client.resources.model.BlockStateModelLoader/]: Exception loading blockstate definition: 'ars_nouveau:blockstates/magelight_torch.json' missing model for variant: 'ars_nouveau:magelight_torch#facing=north,floor=true,level=11,roof=true'
[21Mar2025 15:26:13.784] [Worker-Main-1/WARN] [net.minecraft.client.resources.model.BlockStateModelLoader/]: Exception loading blockstate definition: 'ars_nouveau:blockstates/magelight_torch.json' missing model for variant: 'ars_nouveau:magelight_torch#facing=north,floor=true,level=9,roof=true'
[21Mar2025 15:26:13.784] [Worker-Main-1/WARN] [net.minecraft.client.resources.model.BlockStateModelLoader/]: Exception loading blockstate definition: 'ars_nouveau:blockstates/magelight_torch.json' missing model for variant: 'ars_nouveau:magelight_torch#facing=east,floor=true,level=2,roof=true'
[21Mar2025 15:26:13.784] [Worker-Main-1/WARN] [net.minecraft.client.resources.model.BlockStateModelLoader/]: Exception loading blockstate definition: 'ars_nouveau:blockstates/magelight_torch.json' missing model for variant: 'ars_nouveau:magelight_torch#facing=east,floor=true,level=7,roof=true'
[21Mar2025 15:26:13.787] [Worker-Main-1/WARN] [net.minecraft.client.resources.model.BlockStateModelLoader/]: Exception loading blockstate definition: 'ars_nouveau:blockstates/magelight_torch.json' missing model for variant: 'ars_nouveau:magelight_torch#facing=north,floor=true,level=4,roof=true'
[21Mar2025 15:26:13.787] [Worker-Main-1/WARN] [net.minecraft.client.resources.model.BlockStateModelLoader/]: Exception loading blockstate definition: 'ars_nouveau:blockstates/magelight_torch.json' missing model for variant: 'ars_nouveau:magelight_torch#facing=east,floor=true,level=8,roof=true'
[21Mar2025 15:26:13.788] [Worker-Main-1/WARN] [net.minecraft.client.resources.model.BlockStateModelLoader/]: Exception loading blockstate definition: 'ars_nouveau:blockstates/magelight_torch.json' missing model for variant: 'ars_nouveau:magelight_torch#facing=north,floor=true,level=14,roof=true'
[21Mar2025 15:26:13.788] [Worker-Main-1/WARN] [net.minecraft.client.resources.model.BlockStateModelLoader/]: Exception loading blockstate definition: 'ars_nouveau:blockstates/magelight_torch.json' missing model for variant: 'ars_nouveau:magelight_torch#facing=east,floor=true,level=12,roof=true'
[21Mar2025 15:26:13.788] [Worker-Main-1/WARN] [net.minecraft.client.resources.model.BlockStateModelLoader/]: Exception loading blockstate definition: 'ars_nouveau:blockstates/magelight_torch.json' missing model for variant: 'ars_nouveau:magelight_torch#facing=east,floor=true,level=13,roof=true'
[21Mar2025 15:26:13.788] [Worker-Main-1/WARN] [net.minecraft.client.resources.model.BlockStateModelLoader/]: Exception loading blockstate definition: 'ars_nouveau:blockstates/magelight_torch.json' missing model for variant: 'ars_nouveau:magelight_torch#facing=north,floor=true,level=13,roof=true'
[21Mar2025 15:26:13.788] [Worker-Main-1/WARN] [net.minecraft.client.resources.model.BlockStateModelLoader/]: Exception loading blockstate definition: 'ars_nouveau:blockstates/magelight_torch.json' missing model for variant: 'ars_nouveau:magelight_torch#facing=north,floor=true,level=3,roof=true'
[21Mar2025 15:26:13.788] [Worker-Main-1/WARN] [net.minecraft.client.resources.model.BlockStateModelLoader/]: Exception loading blockstate definition: 'ars_nouveau:blockstates/magelight_torch.json' missing model for variant: 'ars_nouveau:magelight_torch#facing=east,floor=true,level=14,roof=true'
[21Mar2025 15:26:13.788] [Worker-Main-1/WARN] [net.minecraft.client.resources.model.BlockStateModelLoader/]: Exception loading blockstate definition: 'ars_nouveau:blockstates/magelight_torch.json' missing model for variant: 'ars_nouveau:magelight_torch#facing=east,floor=true,level=11,roof=true'
[21Mar2025 15:26:13.788] [Worker-Main-1/WARN] [net.minecraft.client.resources.model.BlockStateModelLoader/]: Exception loading blockstate definition: 'ars_nouveau:blockstates/magelight_torch.json' missing model for variant: 'ars_nouveau:magelight_torch#facing=north,floor=true,level=2,roof=true'
[21Mar2025 15:26:13.788] [Worker-Main-1/WARN] [net.minecraft.client.resources.model.BlockStateModelLoader/]: Exception loading blockstate definition: 'ars_nouveau:blockstates/magelight_torch.json' missing model for variant: 'ars_nouveau:magelight_torch#facing=north,floor=true,level=5,roof=true'
[21Mar2025 15:26:13.788] [Worker-Main-1/WARN] [net.minecraft.client.resources.model.BlockStateModelLoader/]: Exception loading blockstate definition: 'ars_nouveau:blockstates/magelight_torch.json' missing model for variant: 'ars_nouveau:magelight_torch#facing=east,floor=true,level=15,roof=true'
[21Mar2025 15:26:13.788] [Worker-Main-1/WARN] [net.minecraft.client.resources.model.BlockStateModelLoader/]: Exception loading blockstate definition: 'ars_nouveau:blockstates/magelight_torch.json' missing model for variant: 'ars_nouveau:magelight_torch#facing=east,floor=true,level=9,roof=true'
[21Mar2025 15:26:13.788] [Worker-Main-1/WARN] [net.minecraft.client.resources.model.BlockStateModelLoader/]: Exception loading blockstate definition: 'ars_nouveau:blockstates/magelight_torch.json' missing model for variant: 'ars_nouveau:magelight_torch#facing=north,floor=true,level=15,roof=true'
[21Mar2025 15:26:13.788] [Worker-Main-1/WARN] [net.minecraft.client.resources.model.BlockStateModelLoader/]: Exception loading blockstate definition: 'ars_nouveau:blockstates/magelight_torch.json' missing model for variant: 'ars_nouveau:magelight_torch#facing=east,floor=true,level=6,roof=true'
[21Mar2025 15:26:13.789] [Worker-Main-1/WARN] [net.minecraft.client.resources.model.BlockStateModelLoader/]: Exception loading blockstate definition: 'ars_nouveau:blockstates/magelight_torch.json' missing model for variant: 'ars_nouveau:magelight_torch#facing=north,floor=true,level=12,roof=true'
[21Mar2025 15:26:13.789] [Worker-Main-1/WARN] [net.minecraft.client.resources.model.BlockStateModelLoader/]: Exception loading blockstate definition: 'ars_nouveau:blockstates/magelight_torch.json' missing model for variant: 'ars_nouveau:magelight_torch#facing=north,floor=true,level=8,roof=true'
[21Mar2025 15:26:13.789] [Worker-Main-1/WARN] [net.minecraft.client.resources.model.BlockStateModelLoader/]: Exception loading blockstate definition: 'ars_nouveau:blockstates/magelight_torch.json' missing model for variant: 'ars_nouveau:magelight_torch#facing=north,floor=true,level=0,roof=true'
[21Mar2025 15:26:13.789] [Worker-Main-1/WARN] [net.minecraft.client.resources.model.BlockStateModelLoader/]: Exception loading blockstate definition: 'ars_nouveau:blockstates/magelight_torch.json' missing model for variant: 'ars_nouveau:magelight_torch#facing=north,floor=true,level=7,roof=true'
[21Mar2025 15:26:13.789] [Worker-Main-1/WARN] [net.minecraft.client.resources.model.BlockStateModelLoader/]: Exception loading blockstate definition: 'ars_nouveau:blockstates/magelight_torch.json' missing model for variant: 'ars_nouveau:magelight_torch#facing=east,floor=true,level=4,roof=true'
[21Mar2025 15:26:13.789] [Worker-Main-1/WARN] [net.minecraft.client.resources.model.BlockStateModelLoader/]: Exception loading blockstate definition: 'ars_nouveau:blockstates/magelight_torch.json' missing model for variant: 'ars_nouveau:magelight_torch#facing=east,floor=true,level=5,roof=true'
[21Mar2025 15:26:13.789] [Worker-Main-1/WARN] [net.minecraft.client.resources.model.BlockStateModelLoader/]: Exception loading blockstate definition: 'ars_nouveau:blockstates/magelight_torch.json' missing model for variant: 'ars_nouveau:magelight_torch#facing=north,floor=true,level=6,roof=true'
[21Mar2025 15:26:13.789] [Worker-Main-1/WARN] [net.minecraft.client.resources.model.BlockStateModelLoader/]: Exception loading blockstate definition: 'ars_nouveau:blockstates/magelight_torch.json' missing model for variant: 'ars_nouveau:magelight_torch#facing=east,floor=true,level=10,roof=true'
[21Mar2025 15:26:13.789] [Worker-Main-1/WARN] [net.minecraft.client.resources.model.BlockStateModelLoader/]: Exception loading blockstate definition: 'ars_nouveau:blockstates/magelight_torch.json' missing model for variant: 'ars_nouveau:magelight_torch#facing=north,floor=true,level=1,roof=true'
[21Mar2025 15:26:13.802] [Render thread/INFO] [net.minecraft.client.Minecraft/]: Waiting for overlay to disappear...
[21Mar2025 15:26:13.802] [Render thread/INFO] [net.minecraft.client.Minecraft/]: Waiting for player to load...
[21Mar2025 15:26:13.820] [Worker-Main-1/WARN] [net.minecraft.client.resources.model.ModelBakery/]: Unable to load model: 'ars_nouveau:item/ars_stencil' referenced from: ars_nouveau:item/ars_stencil: java.io.FileNotFoundException: ars_nouveau:models/item/ars_stencil.json
[21Mar2025 15:26:13.850] [Render thread/INFO] [net.minecraft.client.Minecraft/]: Waiting for overlay to disappear...
[21Mar2025 15:26:13.850] [Render thread/INFO] [net.minecraft.client.Minecraft/]: Waiting for player to load...
[21Mar2025 15:26:13.900] [Render thread/INFO] [net.minecraft.client.Minecraft/]: Waiting for overlay to disappear...
[21Mar2025 15:26:13.900] [Render thread/INFO] [net.minecraft.client.Minecraft/]: Waiting for player to load...
[21Mar2025 15:26:13.950] [Render thread/INFO] [net.minecraft.client.Minecraft/]: Waiting for overlay to disappear...
[21Mar2025 15:26:13.951] [Render thread/INFO] [net.minecraft.client.Minecraft/]: Waiting for player to load...
[21Mar2025 15:26:14.001] [Render thread/INFO] [net.minecraft.client.Minecraft/]: Waiting for overlay to disappear...
[21Mar2025 15:26:14.001] [Render thread/INFO] [net.minecraft.client.Minecraft/]: Waiting for player to load...
[21Mar2025 15:26:14.051] [Render thread/INFO] [net.minecraft.client.Minecraft/]: Waiting for overlay to disappear...
[21Mar2025 15:26:14.051] [Render thread/INFO] [net.minecraft.client.Minecraft/]: Waiting for player to load...
[21Mar2025 15:26:14.101] [Render thread/INFO] [net.minecraft.client.Minecraft/]: Waiting for overlay to disappear...
[21Mar2025 15:26:14.101] [Render thread/INFO] [net.minecraft.client.Minecraft/]: Waiting for player to load...
[21Mar2025 15:26:14.155] [Render thread/INFO] [net.minecraft.client.Minecraft/]: Waiting for overlay to disappear...
[21Mar2025 15:26:14.155] [Render thread/INFO] [net.minecraft.client.Minecraft/]: Waiting for player to load...
[21Mar2025 15:26:14.189] [Render thread/INFO] [net.minecraft.client.Minecraft/]: Waiting for overlay to disappear...
[21Mar2025 15:26:14.189] [Render thread/INFO] [net.minecraft.client.Minecraft/]: Waiting for player to load...
[21Mar2025 15:26:14.240] [Render thread/INFO] [net.minecraft.client.Minecraft/]: Waiting for overlay to disappear...
[21Mar2025 15:26:14.240] [Render thread/INFO] [net.minecraft.client.Minecraft/]: Waiting for player to load...
[21Mar2025 15:26:14.302] [Render thread/INFO] [net.minecraft.client.Minecraft/]: Waiting for overlay to disappear...
[21Mar2025 15:26:14.302] [Render thread/INFO] [net.minecraft.client.Minecraft/]: Waiting for player to load...
[21Mar2025 15:26:14.336] [Render thread/INFO] [net.minecraft.client.Minecraft/]: Waiting for overlay to disappear...
[21Mar2025 15:26:14.336] [Render thread/INFO] [net.minecraft.client.Minecraft/]: Waiting for player to load...
[21Mar2025 15:26:14.386] [Render thread/INFO] [net.minecraft.client.Minecraft/]: Waiting for overlay to disappear...
[21Mar2025 15:26:14.386] [Render thread/INFO] [net.minecraft.client.Minecraft/]: Waiting for player to load...
[21Mar2025 15:26:14.436] [Render thread/INFO] [net.minecraft.client.Minecraft/]: Waiting for overlay to disappear...
[21Mar2025 15:26:14.436] [Render thread/INFO] [net.minecraft.client.Minecraft/]: Waiting for player to load...
[21Mar2025 15:26:14.486] [Render thread/INFO] [net.minecraft.client.Minecraft/]: Waiting for overlay to disappear...
[21Mar2025 15:26:14.486] [Render thread/INFO] [net.minecraft.client.Minecraft/]: Waiting for player to load...
[21Mar2025 15:26:14.530] [Worker-Main-1/WARN] [net.minecraft.client.resources.model.ModelManager/]: Missing textures in model ars_nouveau:worn_notebook#inventory:
    minecraft:textures/atlas/blocks.png:minecraft:item/tattered_tome
[21Mar2025 15:26:14.537] [Render thread/INFO] [net.minecraft.client.Minecraft/]: Waiting for overlay to disappear...
[21Mar2025 15:26:14.537] [Render thread/INFO] [net.minecraft.client.Minecraft/]: Waiting for player to load...
[21Mar2025 15:26:14.587] [Render thread/INFO] [net.minecraft.client.Minecraft/]: Waiting for overlay to disappear...
[21Mar2025 15:26:14.587] [Render thread/INFO] [net.minecraft.client.Minecraft/]: Waiting for player to load...
[21Mar2025 15:26:14.637] [Render thread/INFO] [net.minecraft.client.Minecraft/]: Waiting for overlay to disappear...
[21Mar2025 15:26:14.639] [Render thread/INFO] [net.minecraft.client.Minecraft/]: Waiting for player to load...
[21Mar2025 15:26:14.808] [Render thread/WARN] [net.minecraft.client.sounds.SoundEngine/]: Missing sound for event: minecraft:entity.allay.ambient_with_item
[21Mar2025 15:26:14.810] [Render thread/WARN] [net.minecraft.client.sounds.SoundEngine/]: Missing sound for event: minecraft:entity.allay.ambient_without_item
[21Mar2025 15:26:14.810] [Render thread/WARN] [net.minecraft.client.sounds.SoundEngine/]: Missing sound for event: minecraft:entity.allay.death
[21Mar2025 15:26:14.811] [Render thread/WARN] [net.minecraft.client.sounds.SoundEngine/]: Missing sound for event: minecraft:entity.allay.hurt
[21Mar2025 15:26:14.811] [Render thread/WARN] [net.minecraft.client.sounds.SoundEngine/]: Missing sound for event: minecraft:entity.allay.item_given
[21Mar2025 15:26:14.811] [Render thread/WARN] [net.minecraft.client.sounds.SoundEngine/]: Missing sound for event: minecraft:entity.allay.item_taken
[21Mar2025 15:26:14.811] [Render thread/WARN] [net.minecraft.client.sounds.SoundEngine/]: Missing sound for event: minecraft:entity.allay.item_thrown
[21Mar2025 15:26:14.811] [Render thread/WARN] [net.minecraft.client.sounds.SoundEngine/]: Missing sound for event: minecraft:ambient.cave
[21Mar2025 15:26:14.811] [Render thread/WARN] [net.minecraft.client.sounds.SoundEngine/]: Missing sound for event: minecraft:ambient.basalt_deltas.additions
[21Mar2025 15:26:14.811] [Render thread/WARN] [net.minecraft.client.sounds.SoundEngine/]: Missing sound for event: minecraft:ambient.basalt_deltas.loop
[21Mar2025 15:26:14.811] [Render thread/WARN] [net.minecraft.client.sounds.SoundEngine/]: Missing sound for event: minecraft:ambient.basalt_deltas.mood
[21Mar2025 15:26:14.811] [Render thread/WARN] [net.minecraft.client.sounds.SoundEngine/]: Missing sound for event: minecraft:ambient.crimson_forest.additions
[21Mar2025 15:26:14.811] [Render thread/WARN] [net.minecraft.client.sounds.SoundEngine/]: Missing sound for event: minecraft:ambient.crimson_forest.loop
[21Mar2025 15:26:14.811] [Render thread/WARN] [net.minecraft.client.sounds.SoundEngine/]: Missing sound for event: minecraft:ambient.crimson_forest.mood
[21Mar2025 15:26:14.811] [Render thread/WARN] [net.minecraft.client.sounds.SoundEngine/]: Missing sound for event: minecraft:ambient.nether_wastes.additions
[21Mar2025 15:26:14.811] [Render thread/WARN] [net.minecraft.client.sounds.SoundEngine/]: Missing sound for event: minecraft:ambient.nether_wastes.loop
[21Mar2025 15:26:14.811] [Render thread/WARN] [net.minecraft.client.sounds.SoundEngine/]: Missing sound for event: minecraft:ambient.nether_wastes.mood
[21Mar2025 15:26:14.811] [Render thread/WARN] [net.minecraft.client.sounds.SoundEngine/]: Missing sound for event: minecraft:ambient.soul_sand_valley.additions
[21Mar2025 15:26:14.811] [Render thread/WARN] [net.minecraft.client.sounds.SoundEngine/]: Missing sound for event: minecraft:ambient.soul_sand_valley.loop
[21Mar2025 15:26:14.811] [Render thread/WARN] [net.minecraft.client.sounds.SoundEngine/]: Missing sound for event: minecraft:ambient.soul_sand_valley.mood
[21Mar2025 15:26:14.811] [Render thread/WARN] [net.minecraft.client.sounds.SoundEngine/]: Missing sound for event: minecraft:ambient.warped_forest.additions
[21Mar2025 15:26:14.811] [Render thread/WARN] [net.minecraft.client.sounds.SoundEngine/]: Missing sound for event: minecraft:ambient.warped_forest.loop
[21Mar2025 15:26:14.811] [Render thread/WARN] [net.minecraft.client.sounds.SoundEngine/]: Missing sound for event: minecraft:ambient.warped_forest.mood
[21Mar2025 15:26:14.812] [Render thread/WARN] [net.minecraft.client.sounds.SoundEngine/]: Missing sound for event: minecraft:ambient.underwater.enter
[21Mar2025 15:26:14.812] [Render thread/WARN] [net.minecraft.client.sounds.SoundEngine/]: Missing sound for event: minecraft:ambient.underwater.exit
[21Mar2025 15:26:14.812] [Render thread/WARN] [net.minecraft.client.sounds.SoundEngine/]: Missing sound for event: minecraft:ambient.underwater.loop
[21Mar2025 15:26:14.812] [Render thread/WARN] [net.minecraft.client.sounds.SoundEngine/]: Missing sound for event: minecraft:ambient.underwater.loop.additions
[21Mar2025 15:26:14.812] [Render thread/WARN] [net.minecraft.client.sounds.SoundEngine/]: Missing sound for event: minecraft:ambient.underwater.loop.additions.rare
[21Mar2025 15:26:14.812] [Render thread/WARN] [net.minecraft.client.sounds.SoundEngine/]: Missing sound for event: minecraft:ambient.underwater.loop.additions.ultra_rare
[21Mar2025 15:26:14.812] [Render thread/WARN] [net.minecraft.client.sounds.SoundEngine/]: Missing sound for event: minecraft:block.amethyst_block.break
[21Mar2025 15:26:14.812] [Render thread/WARN] [net.minecraft.client.sounds.SoundEngine/]: Missing sound for event: minecraft:block.amethyst_block.chime
[21Mar2025 15:26:14.812] [Render thread/WARN] [net.minecraft.client.sounds.SoundEngine/]: Missing sound for event: minecraft:block.amethyst_block.fall
[21Mar2025 15:26:14.812] [Render thread/WARN] [net.minecraft.client.sounds.SoundEngine/]: Missing sound for event: minecraft:block.amethyst_block.hit
[21Mar2025 15:26:14.812] [Render thread/WARN] [net.minecraft.client.sounds.SoundEngine/]: Missing sound for event: minecraft:block.amethyst_block.place
[21Mar2025 15:26:14.812] [Render thread/WARN] [net.minecraft.client.sounds.SoundEngine/]: Missing sound for event: minecraft:block.amethyst_block.resonate
[21Mar2025 15:26:14.812] [Render thread/WARN] [net.minecraft.client.sounds.SoundEngine/]: Missing sound for event: minecraft:block.amethyst_block.step
[21Mar2025 15:26:14.812] [Render thread/WARN] [net.minecraft.client.sounds.SoundEngine/]: Missing sound for event: minecraft:block.amethyst_cluster.break
[21Mar2025 15:26:14.812] [Render thread/WARN] [net.minecraft.client.sounds.SoundEngine/]: Missing sound for event: minecraft:block.amethyst_cluster.fall
[21Mar2025 15:26:14.812] [Render thread/WARN] [net.minecraft.client.sounds.SoundEngine/]: Missing sound for event: minecraft:block.amethyst_cluster.hit
[21Mar2025 15:26:14.812] [Render thread/WARN] [net.minecraft.client.sounds.SoundEngine/]: Missing sound for event: minecraft:block.amethyst_cluster.place
[21Mar2025 15:26:14.812] [Render thread/WARN] [net.minecraft.client.sounds.SoundEngine/]: Missing sound for event: minecraft:block.amethyst_cluster.step
[21Mar2025 15:26:14.813] [Render thread/WARN] [net.minecraft.client.sounds.SoundEngine/]: Missing sound for event: minecraft:block.ancient_debris.break
[21Mar2025 15:26:14.813] [Render thread/WARN] [net.minecraft.client.sounds.SoundEngine/]: Missing sound for event: minecraft:block.ancient_debris.step
[21Mar2025 15:26:14.813] [Render thread/WARN] [net.minecraft.client.sounds.SoundEngine/]: Missing sound for event: minecraft:block.ancient_debris.place
[21Mar2025 15:26:14.813] [Render thread/WARN] [net.minecraft.client.sounds.SoundEngine/]: Missing sound for event: minecraft:block.ancient_debris.hit
[21Mar2025 15:26:14.813] [Render thread/WARN] [net.minecraft.client.sounds.SoundEngine/]: Missing sound for event: minecraft:block.ancient_debris.fall
[21Mar2025 15:26:14.813] [Render thread/WARN] [net.minecraft.client.sounds.SoundEngine/]: Missing sound for event: minecraft:block.anvil.break
[21Mar2025 15:26:14.813] [Render thread/WARN] [net.minecraft.client.sounds.SoundEngine/]: Missing sound for event: minecraft:block.anvil.destroy
[21Mar2025 15:26:14.813] [Render thread/WARN] [net.minecraft.client.sounds.SoundEngine/]: Missing sound for event: minecraft:block.anvil.fall
[21Mar2025 15:26:14.813] [Render thread/WARN] [net.minecraft.client.sounds.SoundEngine/]: Missing sound for event: minecraft:block.anvil.hit
[21Mar2025 15:26:14.813] [Render thread/WARN] [net.minecraft.client.sounds.SoundEngine/]: Missing sound for event: minecraft:block.anvil.land
[21Mar2025 15:26:14.813] [Render thread/WARN] [net.minecraft.client.sounds.SoundEngine/]: Missing sound for event: minecraft:block.anvil.place
[21Mar2025 15:26:14.813] [Render thread/WARN] [net.minecraft.client.sounds.SoundEngine/]: Missing sound for event: minecraft:block.anvil.step
[21Mar2025 15:26:14.813] [Render thread/WARN] [net.minecraft.client.sounds.SoundEngine/]: Missing sound for event: minecraft:block.anvil.use
[21Mar2025 15:26:14.813] [Render thread/WARN] [net.minecraft.client.sounds.SoundEngine/]: Missing sound for event: minecraft:entity.armadillo.eat
[21Mar2025 15:26:14.813] [Render thread/WARN] [net.minecraft.client.sounds.SoundEngine/]: Missing sound for event: minecraft:entity.armadillo.hurt
[21Mar2025 15:26:14.813] [Render thread/WARN] [net.minecraft.client.sounds.SoundEngine/]: Missing sound for event: minecraft:entity.armadillo.hurt_reduced
[21Mar2025 15:26:14.814] [Render thread/WARN] [net.minecraft.client.sounds.SoundEngine/]: Missing sound for event: minecraft:entity.armadillo.ambient
[21Mar2025 15:26:14.814] [Render thread/WARN] [net.minecraft.client.sounds.SoundEngine/]: Missing sound for event: minecraft:entity.armadillo.step
[21Mar2025 15:26:14.814] [Render thread/WARN] [net.minecraft.client.sounds.SoundEngine/]: Missing sound for event: minecraft:entity.armadillo.death
[21Mar2025 15:26:14.814] [Render thread/WARN] [net.minecraft.client.sounds.SoundEngine/]: Missing sound for event: minecraft:entity.armadillo.roll
[21Mar2025 15:26:14.814] [Render thread/WARN] [net.minecraft.client.sounds.SoundEngine/]: Missing sound for event: minecraft:entity.armadillo.land
[21Mar2025 15:26:14.814] [Render thread/WARN] [net.minecraft.client.sounds.SoundEngine/]: Missing sound for event: minecraft:entity.armadillo.scute_drop
[21Mar2025 15:26:14.814] [Render thread/WARN] [net.minecraft.client.sounds.SoundEngine/]: Missing sound for event: minecraft:entity.armadillo.unroll_finish
[21Mar2025 15:26:14.814] [Render thread/WARN] [net.minecraft.client.sounds.SoundEngine/]: Missing sound for event: minecraft:entity.armadillo.peek
[21Mar2025 15:26:14.814] [Render thread/WARN] [net.minecraft.client.sounds.SoundEngine/]: Missing sound for event: minecraft:entity.armadillo.unroll_start
[21Mar2025 15:26:14.814] [Render thread/WARN] [net.minecraft.client.sounds.SoundEngine/]: Missing sound for event: minecraft:entity.armadillo.brush
[21Mar2025 15:26:14.814] [Render thread/WARN] [net.minecraft.client.sounds.SoundEngine/]: Missing sound for event: minecraft:item.armor.equip_chain
[21Mar2025 15:26:14.814] [Render thread/WARN] [net.minecraft.client.sounds.SoundEngine/]: Missing sound for event: minecraft:item.armor.equip_diamond
[21Mar2025 15:26:14.814] [Render thread/WARN] [net.minecraft.client.sounds.SoundEngine/]: Missing sound for event: minecraft:item.armor.equip_elytra
[21Mar2025 15:26:14.814] [Render thread/WARN] [net.minecraft.client.sounds.SoundEngine/]: Missing sound for event: minecraft:item.armor.equip_generic
[21Mar2025 15:26:14.814] [Render thread/WARN] [net.minecraft.client.sounds.SoundEngine/]: Missing sound for event: minecraft:item.armor.equip_gold
[21Mar2025 15:26:14.814] [Render thread/WARN] [net.minecraft.client.sounds.SoundEngine/]: Missing sound for event: minecraft:item.armor.equip_iron
[21Mar2025 15:26:14.814] [Render thread/WARN] [net.minecraft.client.sounds.SoundEngine/]: Missing sound for event: minecraft:item.armor.equip_leather
[21Mar2025 15:26:14.814] [Render thread/WARN] [net.minecraft.client.sounds.SoundEngine/]: Missing sound for event: minecraft:item.armor.equip_netherite
[21Mar2025 15:26:14.814] [Render thread/WARN] [net.minecraft.client.sounds.SoundEngine/]: Missing sound for event: minecraft:item.armor.equip_turtle
[21Mar2025 15:26:14.814] [Render thread/WARN] [net.minecraft.client.sounds.SoundEngine/]: Missing sound for event: minecraft:item.armor.equip_wolf
[21Mar2025 15:26:14.815] [Render thread/WARN] [net.minecraft.client.sounds.SoundEngine/]: Missing sound for event: minecraft:item.armor.unequip_wolf
[21Mar2025 15:26:14.815] [Render thread/WARN] [net.minecraft.client.sounds.SoundEngine/]: Missing sound for event: minecraft:entity.armor_stand.break
[21Mar2025 15:26:14.815] [Render thread/WARN] [net.minecraft.client.sounds.SoundEngine/]: Missing sound for event: minecraft:entity.armor_stand.fall
[21Mar2025 15:26:14.815] [Render thread/WARN] [net.minecraft.client.sounds.SoundEngine/]: Missing sound for event: minecraft:entity.armor_stand.hit
[21Mar2025 15:26:14.815] [Render thread/WARN] [net.minecraft.client.sounds.SoundEngine/]: Missing sound for event: minecraft:entity.armor_stand.place
[21Mar2025 15:26:14.815] [Render thread/WARN] [net.minecraft.client.sounds.SoundEngine/]: Missing sound for event: minecraft:entity.arrow.hit
[21Mar2025 15:26:14.815] [Render thread/WARN] [net.minecraft.client.sounds.SoundEngine/]: Missing sound for event: minecraft:entity.arrow.hit_player
[21Mar2025 15:26:14.815] [Render thread/WARN] [net.minecraft.client.sounds.SoundEngine/]: Missing sound for event: minecraft:entity.arrow.shoot
[21Mar2025 15:26:14.815] [Render thread/WARN] [net.minecraft.client.sounds.SoundEngine/]: Missing sound for event: minecraft:item.axe.strip
[21Mar2025 15:26:14.815] [Render thread/WARN] [net.minecraft.client.sounds.SoundEngine/]: Missing sound for event: minecraft:item.axe.scrape
[21Mar2025 15:26:14.815] [Render thread/WARN] [net.minecraft.client.sounds.SoundEngine/]: Missing sound for event: minecraft:item.axe.wax_off
[21Mar2025 15:26:14.815] [Render thread/WARN] [net.minecraft.client.sounds.SoundEngine/]: Missing sound for event: minecraft:entity.axolotl.attack
[21Mar2025 15:26:14.815] [Render thread/WARN] [net.minecraft.client.sounds.SoundEngine/]: Missing sound for event: minecraft:entity.axolotl.death
[21Mar2025 15:26:14.815] [Render thread/WARN] [net.minecraft.client.sounds.SoundEngine/]: Missing sound for event: minecraft:entity.axolotl.hurt
[21Mar2025 15:26:14.815] [Render thread/WARN] [net.minecraft.client.sounds.SoundEngine/]: Missing sound for event: minecraft:entity.axolotl.idle_air
[21Mar2025 15:26:14.815] [Render thread/WARN] [net.minecraft.client.sounds.SoundEngine/]: Missing sound for event: minecraft:entity.axolotl.idle_water
[21Mar2025 15:26:14.815] [Render thread/WARN] [net.minecraft.client.sounds.SoundEngine/]: Missing sound for event: minecraft:entity.axolotl.splash
[21Mar2025 15:26:14.815] [Render thread/WARN] [net.minecraft.client.sounds.SoundEngine/]: Missing sound for event: minecraft:entity.axolotl.swim
[21Mar2025 15:26:14.815] [Render thread/WARN] [net.minecraft.client.sounds.SoundEngine/]: Missing sound for event: minecraft:block.azalea.break
[21Mar2025 15:26:14.815] [Render thread/WARN] [net.minecraft.client.sounds.SoundEngine/]: Missing sound for event: minecraft:block.azalea.fall
[21Mar2025 15:26:14.815] [Render thread/WARN] [net.minecraft.client.sounds.SoundEngine/]: Missing sound for event: minecraft:block.azalea.hit
[21Mar2025 15:26:14.816] [Render thread/WARN] [net.minecraft.client.sounds.SoundEngine/]: Missing sound for event: minecraft:block.azalea.place
[21Mar2025 15:26:14.816] [Render thread/WARN] [net.minecraft.client.sounds.SoundEngine/]: Missing sound for event: minecraft:block.azalea.step
[21Mar2025 15:26:14.816] [Render thread/WARN] [net.minecraft.client.sounds.SoundEngine/]: Missing sound for event: minecraft:block.azalea_leaves.break
[21Mar2025 15:26:14.816] [Render thread/WARN] [net.minecraft.client.sounds.SoundEngine/]: Missing sound for event: minecraft:block.azalea_leaves.fall
[21Mar2025 15:26:14.816] [Render thread/WARN] [net.minecraft.client.sounds.SoundEngine/]: Missing sound for event: minecraft:block.azalea_leaves.hit
[21Mar2025 15:26:14.816] [Render thread/WARN] [net.minecraft.client.sounds.SoundEngine/]: Missing sound for event: minecraft:block.azalea_leaves.place
[21Mar2025 15:26:14.816] [Render thread/WARN] [net.minecraft.client.sounds.SoundEngine/]: Missing sound for event: minecraft:block.azalea_leaves.step
[21Mar2025 15:26:14.816] [Render thread/WARN] [net.minecraft.client.sounds.SoundEngine/]: Missing sound for event: minecraft:block.bamboo.break
[21Mar2025 15:26:14.816] [Render thread/WARN] [net.minecraft.client.sounds.SoundEngine/]: Missing sound for event: minecraft:block.bamboo.fall
[21Mar2025 15:26:14.816] [Render thread/WARN] [net.minecraft.client.sounds.SoundEngine/]: Missing sound for event: minecraft:block.bamboo.hit
[21Mar2025 15:26:14.816] [Render thread/WARN] [net.minecraft.client.sounds.SoundEngine/]: Missing sound for event: minecraft:block.bamboo.place
[21Mar2025 15:26:14.816] [Render thread/WARN] [net.minecraft.client.sounds.SoundEngine/]: Missing sound for event: minecraft:block.bamboo.step
[21Mar2025 15:26:14.816] [Render thread/WARN] [net.minecraft.client.sounds.SoundEngine/]: Missing sound for event: minecraft:block.bamboo_sapling.break
[21Mar2025 15:26:14.816] [Render thread/WARN] [net.minecraft.client.sounds.SoundEngine/]: Missing sound for event: minecraft:block.bamboo_sapling.hit
[21Mar2025 15:26:14.816] [Render thread/WARN] [net.minecraft.client.sounds.SoundEngine/]: Missing sound for event: minecraft:block.bamboo_sapling.place
[21Mar2025 15:26:14.816] [Render thread/WARN] [net.minecraft.client.sounds.SoundEngine/]: Missing sound for event: minecraft:block.bamboo_wood.break
[21Mar2025 15:26:14.816] [Render thread/WARN] [net.minecraft.client.sounds.SoundEngine/]: Missing sound for event: minecraft:block.bamboo_wood.fall
[21Mar2025 15:26:14.816] [Render thread/WARN] [net.minecraft.client.sounds.SoundEngine/]: Missing sound for event: minecraft:block.bamboo_wood.hit
[21Mar2025 15:26:14.816] [Render thread/WARN] [net.minecraft.client.sounds.SoundEngine/]: Missing sound for event: minecraft:block.bamboo_wood.place
[21Mar2025 15:26:14.816] [Render thread/WARN] [net.minecraft.client.sounds.SoundEngine/]: Missing sound for event: minecraft:block.bamboo_wood.step
[21Mar2025 15:26:14.816] [Render thread/WARN] [net.minecraft.client.sounds.SoundEngine/]: Missing sound for event: minecraft:block.bamboo_wood_door.close
[21Mar2025 15:26:14.817] [Render thread/WARN] [net.minecraft.client.sounds.SoundEngine/]: Missing sound for event: minecraft:block.bamboo_wood_door.open
[21Mar2025 15:26:14.817] [Render thread/WARN] [net.minecraft.client.sounds.SoundEngine/]: Missing sound for event: minecraft:block.bamboo_wood_trapdoor.close
[21Mar2025 15:26:14.817] [Render thread/WARN] [net.minecraft.client.sounds.SoundEngine/]: Missing sound for event: minecraft:block.bamboo_wood_trapdoor.open
[21Mar2025 15:26:14.817] [Render thread/WARN] [net.minecraft.client.sounds.SoundEngine/]: Missing sound for event: minecraft:block.bamboo_wood_button.click_off
[21Mar2025 15:26:14.818] [Render thread/WARN] [net.minecraft.client.sounds.SoundEngine/]: Missing sound for event: minecraft:block.bamboo_wood_button.click_on
[21Mar2025 15:26:14.818] [Render thread/WARN] [net.minecraft.client.sounds.SoundEngine/]: Missing sound for event: minecraft:block.bamboo_wood_pressure_plate.click_off
[21Mar2025 15:26:14.818] [Render thread/WARN] [net.minecraft.client.sounds.SoundEngine/]: Missing sound for event: minecraft:block.bamboo_wood_pressure_plate.click_on
[21Mar2025 15:26:14.818] [Render thread/WARN] [net.minecraft.client.sounds.SoundEngine/]: Missing sound for event: minecraft:block.bamboo_wood_fence_gate.close
[21Mar2025 15:26:14.818] [Render thread/WARN] [net.minecraft.client.sounds.SoundEngine/]: Missing sound for event: minecraft:block.bamboo_wood_fence_gate.open
[21Mar2025 15:26:14.818] [Render thread/WARN] [net.minecraft.client.sounds.SoundEngine/]: Missing sound for event: minecraft:block.barrel.close
[21Mar2025 15:26:14.818] [Render thread/WARN] [net.minecraft.client.sounds.SoundEngine/]: Missing sound for event: minecraft:block.barrel.open
[21Mar2025 15:26:14.818] [Render thread/WARN] [net.minecraft.client.sounds.SoundEngine/]: Missing sound for event: minecraft:block.basalt.break
[21Mar2025 15:26:14.819] [Render thread/WARN] [net.minecraft.client.sounds.SoundEngine/]: Missing sound for event: minecraft:block.basalt.step
[21Mar2025 15:26:14.819] [Render thread/WARN] [net.minecraft.client.sounds.SoundEngine/]: Missing sound for event: minecraft:block.basalt.place
[21Mar2025 15:26:14.819] [Render thread/WARN] [net.minecraft.client.sounds.SoundEngine/]: Missing sound for event: minecraft:block.basalt.hit
[21Mar2025 15:26:14.819] [Render thread/WARN] [net.minecraft.client.sounds.SoundEngine/]: Missing sound for event: minecraft:block.basalt.fall
[21Mar2025 15:26:14.819] [Render thread/WARN] [net.minecraft.client.sounds.SoundEngine/]: Missing sound for event: minecraft:entity.bat.ambient
[21Mar2025 15:26:14.819] [Render thread/WARN] [net.minecraft.client.sounds.SoundEngine/]: Missing sound for event: minecraft:entity.bat.death
[21Mar2025 15:26:14.819] [Render thread/WARN] [net.minecraft.client.sounds.SoundEngine/]: Missing sound for event: minecraft:entity.bat.hurt
[21Mar2025 15:26:14.819] [Render thread/WARN] [net.minecraft.client.sounds.SoundEngine/]: Missing sound for event: minecraft:entity.bat.loop
[21Mar2025 15:26:14.819] [Render thread/WARN] [net.minecraft.client.sounds.SoundEngine/]: Missing sound for event: minecraft:entity.bat.takeoff
[21Mar2025 15:26:14.819] [Render thread/WARN] [net.minecraft.client.sounds.SoundEngine/]: Missing sound for event: minecraft:block.beacon.activate
[21Mar2025 15:26:14.819] [Render thread/WARN] [net.minecraft.client.sounds.SoundEngine/]: Missing sound for event: minecraft:block.beacon.ambient
[21Mar2025 15:26:14.819] [Render thread/WARN] [net.minecraft.client.sounds.SoundEngine/]: Missing sound for event: minecraft:block.beacon.deactivate
[21Mar2025 15:26:14.819] [Render thread/WARN] [net.minecraft.client.sounds.SoundEngine/]: Missing sound for event: minecraft:block.beacon.power_select
[21Mar2025 15:26:14.819] [Render thread/WARN] [net.minecraft.client.sounds.SoundEngine/]: Missing sound for event: minecraft:entity.bee.death
[21Mar2025 15:26:14.819] [Render thread/WARN] [net.minecraft.client.sounds.SoundEngine/]: Missing sound for event: minecraft:entity.bee.hurt
[21Mar2025 15:26:14.819] [Render thread/WARN] [net.minecraft.client.sounds.SoundEngine/]: Missing sound for event: minecraft:entity.bee.loop_aggressive
[21Mar2025 15:26:14.819] [Render thread/WARN] [net.minecraft.client.sounds.SoundEngine/]: Missing sound for event: minecraft:entity.bee.loop
[21Mar2025 15:26:14.820] [Render thread/WARN] [net.minecraft.client.sounds.SoundEngine/]: Missing sound for event: minecraft:entity.bee.sting
[21Mar2025 15:26:14.820] [Render thread/WARN] [net.minecraft.client.sounds.SoundEngine/]: Missing sound for event: minecraft:entity.bee.pollinate
[21Mar2025 15:26:14.820] [Render thread/WARN] [net.minecraft.client.sounds.SoundEngine/]: Missing sound for event: minecraft:block.beehive.drip
[21Mar2025 15:26:14.820] [Render thread/WARN] [net.minecraft.client.sounds.SoundEngine/]: Missing sound for event: minecraft:block.beehive.enter
[21Mar2025 15:26:14.820] [Render thread/WARN] [net.minecraft.client.sounds.SoundEngine/]: Missing sound for event: minecraft:block.beehive.exit
[21Mar2025 15:26:14.820] [Render thread/WARN] [net.minecraft.client.sounds.SoundEngine/]: Missing sound for event: minecraft:block.beehive.shear
[21Mar2025 15:26:14.820] [Render thread/WARN] [net.minecraft.client.sounds.SoundEngine/]: Missing sound for event: minecraft:block.beehive.work
[21Mar2025 15:26:14.820] [Render thread/WARN] [net.minecraft.client.sounds.SoundEngine/]: Missing sound for event: minecraft:block.bell.use
[21Mar2025 15:26:14.820] [Render thread/WARN] [net.minecraft.client.sounds.SoundEngine/]: Missing sound for event: minecraft:block.bell.resonate
[21Mar2025 15:26:14.820] [Render thread/WARN] [net.minecraft.client.sounds.SoundEngine/]: Missing sound for event: minecraft:block.big_dripleaf.break
[21Mar2025 15:26:14.820] [Render thread/WARN] [net.minecraft.client.sounds.SoundEngine/]: Missing sound for event: minecraft:block.big_dripleaf.fall
[21Mar2025 15:26:14.820] [Render thread/WARN] [net.minecraft.client.sounds.SoundEngine/]: Missing sound for event: minecraft:block.big_dripleaf.hit
[21Mar2025 15:26:14.820] [Render thread/WARN] [net.minecraft.client.sounds.SoundEngine/]: Missing sound for event: minecraft:block.big_dripleaf.place
[21Mar2025 15:26:14.820] [Render thread/WARN] [net.minecraft.client.sounds.SoundEngine/]: Missing sound for event: minecraft:block.big_dripleaf.step
[21Mar2025 15:26:14.820] [Render thread/WARN] [net.minecraft.client.sounds.SoundEngine/]: Missing sound for event: minecraft:entity.blaze.ambient
[21Mar2025 15:26:14.820] [Render thread/WARN] [net.minecraft.client.sounds.SoundEngine/]: Missing sound for event: minecraft:entity.blaze.burn
[21Mar2025 15:26:14.820] [Render thread/WARN] [net.minecraft.client.sounds.SoundEngine/]: Missing sound for event: minecraft:entity.blaze.death
[21Mar2025 15:26:14.820] [Render thread/WARN] [net.minecraft.client.sounds.SoundEngine/]: Missing sound for event: minecraft:entity.blaze.hurt
[21Mar2025 15:26:14.821] [Render thread/WARN] [net.minecraft.client.sounds.SoundEngine/]: Missing sound for event: minecraft:entity.blaze.shoot
[21Mar2025 15:26:14.821] [Render thread/WARN] [net.minecraft.client.sounds.SoundEngine/]: Missing sound for event: minecraft:entity.boat.paddle_land
[21Mar2025 15:26:14.821] [Render thread/WARN] [net.minecraft.client.sounds.SoundEngine/]: Missing sound for event: minecraft:entity.boat.paddle_water
[21Mar2025 15:26:14.821] [Render thread/WARN] [net.minecraft.client.sounds.SoundEngine/]: Missing sound for event: minecraft:entity.bogged.ambient
[21Mar2025 15:26:14.821] [Render thread/WARN] [net.minecraft.client.sounds.SoundEngine/]: Missing sound for event: minecraft:entity.bogged.death
[21Mar2025 15:26:14.821] [Render thread/WARN] [net.minecraft.client.sounds.SoundEngine/]: Missing sound for event: minecraft:entity.bogged.hurt
[21Mar2025 15:26:14.821] [Render thread/WARN] [net.minecraft.client.sounds.SoundEngine/]: Missing sound for event: minecraft:entity.bogged.shear
[21Mar2025 15:26:14.821] [Render thread/WARN] [net.minecraft.client.sounds.SoundEngine/]: Missing sound for event: minecraft:entity.bogged.step
[21Mar2025 15:26:14.821] [Render thread/WARN] [net.minecraft.client.sounds.SoundEngine/]: Missing sound for event: minecraft:block.bone_block.break
[21Mar2025 15:26:14.821] [Render thread/WARN] [net.minecraft.client.sounds.SoundEngine/]: Missing sound for event: minecraft:block.bone_block.fall
[21Mar2025 15:26:14.821] [Render thread/WARN] [net.minecraft.client.sounds.SoundEngine/]: Missing sound for event: minecraft:block.bone_block.hit
[21Mar2025 15:26:14.821] [Render thread/WARN] [net.minecraft.client.sounds.SoundEngine/]: Missing sound for event: minecraft:block.bone_block.place
[21Mar2025 15:26:14.821] [Render thread/WARN] [net.minecraft.client.sounds.SoundEngine/]: Missing sound for event: minecraft:block.bone_block.step
[21Mar2025 15:26:14.824] [Render thread/WARN] [net.minecraft.client.sounds.SoundEngine/]: Missing sound for event: minecraft:item.bone_meal.use
[21Mar2025 15:26:14.824] [Render thread/WARN] [net.minecraft.client.sounds.SoundEngine/]: Missing sound for event: minecraft:item.book.page_turn
[21Mar2025 15:26:14.824] [Render thread/WARN] [net.minecraft.client.sounds.SoundEngine/]: Missing sound for event: minecraft:item.book.put
[21Mar2025 15:26:14.824] [Render thread/WARN] [net.minecraft.client.sounds.SoundEngine/]: Missing sound for event: minecraft:block.blastfurnace.fire_crackle
[21Mar2025 15:26:14.824] [Render thread/WARN] [net.minecraft.client.sounds.SoundEngine/]: Missing sound for event: minecraft:item.bottle.empty
[21Mar2025 15:26:14.824] [Render thread/WARN] [net.minecraft.client.sounds.SoundEngine/]: Missing sound for event: minecraft:item.bottle.fill
[21Mar2025 15:26:14.824] [Render thread/WARN] [net.minecraft.client.sounds.SoundEngine/]: Missing sound for event: minecraft:item.bottle.fill_dragonbreath
[21Mar2025 15:26:14.824] [Render thread/WARN] [net.minecraft.client.sounds.SoundEngine/]: Missing sound for event: minecraft:entity.breeze.charge
[21Mar2025 15:26:14.824] [Render thread/WARN] [net.minecraft.client.sounds.SoundEngine/]: Missing sound for event: minecraft:entity.breeze.deflect
[21Mar2025 15:26:14.824] [Render thread/WARN] [net.minecraft.client.sounds.SoundEngine/]: Missing sound for event: minecraft:entity.breeze.inhale
[21Mar2025 15:26:14.824] [Render thread/WARN] [net.minecraft.client.sounds.SoundEngine/]: Missing sound for event: minecraft:entity.breeze.idle_ground
[21Mar2025 15:26:14.824] [Render thread/WARN] [net.minecraft.client.sounds.SoundEngine/]: Missing sound for event: minecraft:entity.breeze.idle_air
[21Mar2025 15:26:14.824] [Render thread/WARN] [net.minecraft.client.sounds.SoundEngine/]: Missing sound for event: minecraft:entity.breeze.shoot
[21Mar2025 15:26:14.824] [Render thread/WARN] [net.minecraft.client.sounds.SoundEngine/]: Missing sound for event: minecraft:entity.breeze.jump
[21Mar2025 15:26:14.824] [Render thread/WARN] [net.minecraft.client.sounds.SoundEngine/]: Missing sound for event: minecraft:entity.breeze.land
[21Mar2025 15:26:14.824] [Render thread/WARN] [net.minecraft.client.sounds.SoundEngine/]: Missing sound for event: minecraft:entity.breeze.slide
[21Mar2025 15:26:14.825] [Render thread/WARN] [net.minecraft.client.sounds.SoundEngine/]: Missing sound for event: minecraft:entity.breeze.death
[21Mar2025 15:26:14.825] [Render thread/WARN] [net.minecraft.client.sounds.SoundEngine/]: Missing sound for event: minecraft:entity.breeze.hurt
[21Mar2025 15:26:14.825] [Render thread/WARN] [net.minecraft.client.sounds.SoundEngine/]: Missing sound for event: minecraft:entity.breeze.whirl
[21Mar2025 15:26:14.825] [Render thread/WARN] [net.minecraft.client.sounds.SoundEngine/]: Missing sound for event: minecraft:entity.breeze.wind_burst
[21Mar2025 15:26:14.825] [Render thread/WARN] [net.minecraft.client.sounds.SoundEngine/]: Missing sound for event: minecraft:block.brewing_stand.brew
[21Mar2025 15:26:14.825] [Render thread/WARN] [net.minecraft.client.sounds.SoundEngine/]: Missing sound for event: minecraft:item.brush.brushing.generic
[21Mar2025 15:26:14.825] [Render thread/WARN] [net.minecraft.client.sounds.SoundEngine/]: Missing sound for event: minecraft:item.brush.brushing.sand
[21Mar2025 15:26:14.825] [Render thread/WARN] [net.minecraft.client.sounds.SoundEngine/]: Missing sound for event: minecraft:item.brush.brushing.gravel
[21Mar2025 15:26:14.825] [Render thread/WARN] [net.minecraft.client.sounds.SoundEngine/]: Missing sound for event: minecraft:item.brush.brushing.sand.complete
[21Mar2025 15:26:14.825] [Render thread/WARN] [net.minecraft.client.sounds.SoundEngine/]: Missing sound for event: minecraft:item.brush.brushing.gravel.complete
[21Mar2025 15:26:14.825] [Render thread/WARN] [net.minecraft.client.sounds.SoundEngine/]: Missing sound for event: minecraft:block.bubble_column.bubble_pop
[21Mar2025 15:26:14.825] [Render thread/WARN] [net.minecraft.client.sounds.SoundEngine/]: Missing sound for event: minecraft:block.bubble_column.upwards_ambient
[21Mar2025 15:26:14.825] [Render thread/WARN] [net.minecraft.client.sounds.SoundEngine/]: Missing sound for event: minecraft:block.bubble_column.upwards_inside
[21Mar2025 15:26:14.825] [Render thread/WARN] [net.minecraft.client.sounds.SoundEngine/]: Missing sound for event: minecraft:block.bubble_column.whirlpool_ambient
[21Mar2025 15:26:14.825] [Render thread/WARN] [net.minecraft.client.sounds.SoundEngine/]: Missing sound for event: minecraft:block.bubble_column.whirlpool_inside
[21Mar2025 15:26:14.825] [Render thread/WARN] [net.minecraft.client.sounds.SoundEngine/]: Missing sound for event: minecraft:item.bucket.empty
[21Mar2025 15:26:14.825] [Render thread/WARN] [net.minecraft.client.sounds.SoundEngine/]: Missing sound for event: minecraft:item.bucket.empty_axolotl
[21Mar2025 15:26:14.826] [Render thread/WARN] [net.minecraft.client.sounds.SoundEngine/]: Missing sound for event: minecraft:item.bucket.empty_fish
[21Mar2025 15:26:14.826] [Render thread/WARN] [net.minecraft.client.sounds.SoundEngine/]: Missing sound for event: minecraft:item.bucket.empty_lava
[21Mar2025 15:26:14.826] [Render thread/WARN] [net.minecraft.client.sounds.SoundEngine/]: Missing sound for event: minecraft:item.bucket.empty_powder_snow
[21Mar2025 15:26:14.826] [Render thread/WARN] [net.minecraft.client.sounds.SoundEngine/]: Missing sound for event: minecraft:item.bucket.empty_tadpole
[21Mar2025 15:26:14.826] [Render thread/WARN] [net.minecraft.client.sounds.SoundEngine/]: Missing sound for event: minecraft:item.bucket.fill
[21Mar2025 15:26:14.826] [Render thread/WARN] [net.minecraft.client.sounds.SoundEngine/]: Missing sound for event: minecraft:item.bucket.fill_axolotl
[21Mar2025 15:26:14.826] [Render thread/WARN] [net.minecraft.client.sounds.SoundEngine/]: Missing sound for event: minecraft:item.bucket.fill_fish
[21Mar2025 15:26:14.826] [Render thread/WARN] [net.minecraft.client.sounds.SoundEngine/]: Missing sound for event: minecraft:item.bucket.fill_lava
[21Mar2025 15:26:14.827] [Render thread/WARN] [net.minecraft.client.sounds.SoundEngine/]: Missing sound for event: minecraft:item.bucket.fill_powder_snow
[21Mar2025 15:26:14.827] [Render thread/WARN] [net.minecraft.client.sounds.SoundEngine/]: Missing sound for event: minecraft:item.bucket.fill_tadpole
[21Mar2025 15:26:14.827] [Render thread/WARN] [net.minecraft.client.sounds.SoundEngine/]: Missing sound for event: minecraft:item.bundle.drop_contents
[21Mar2025 15:26:14.827] [Render thread/WARN] [net.minecraft.client.sounds.SoundEngine/]: Missing sound for event: minecraft:item.bundle.insert
[21Mar2025 15:26:14.827] [Render thread/WARN] [net.minecraft.client.sounds.SoundEngine/]: Missing sound for event: minecraft:item.bundle.remove_one
[21Mar2025 15:26:14.827] [Render thread/WARN] [net.minecraft.client.sounds.SoundEngine/]: Missing sound for event: minecraft:block.cake.add_candle
[21Mar2025 15:26:14.827] [Render thread/WARN] [net.minecraft.client.sounds.SoundEngine/]: Missing sound for event: minecraft:block.calcite.break
[21Mar2025 15:26:14.827] [Render thread/WARN] [net.minecraft.client.sounds.SoundEngine/]: Missing sound for event: minecraft:block.calcite.step
[21Mar2025 15:26:14.827] [Render thread/WARN] [net.minecraft.client.sounds.SoundEngine/]: Missing sound for event: minecraft:block.calcite.place
[21Mar2025 15:26:14.827] [Render thread/WARN] [net.minecraft.client.sounds.SoundEngine/]: Missing sound for event: minecraft:block.calcite.hit
[21Mar2025 15:26:14.828] [Render thread/WARN] [net.minecraft.client.sounds.SoundEngine/]: Missing sound for event: minecraft:block.calcite.fall
[21Mar2025 15:26:14.828] [Render thread/WARN] [net.minecraft.client.sounds.SoundEngine/]: Missing sound for event: minecraft:entity.camel.ambient
[21Mar2025 15:26:14.828] [Render thread/WARN] [net.minecraft.client.sounds.SoundEngine/]: Missing sound for event: minecraft:entity.camel.dash
[21Mar2025 15:26:14.828] [Render thread/WARN] [net.minecraft.client.sounds.SoundEngine/]: Missing sound for event: minecraft:entity.camel.dash_ready
[21Mar2025 15:26:14.828] [Render thread/WARN] [net.minecraft.client.sounds.SoundEngine/]: Missing sound for event: minecraft:entity.camel.death
[21Mar2025 15:26:14.828] [Render thread/WARN] [net.minecraft.client.sounds.SoundEngine/]: Missing sound for event: minecraft:entity.camel.eat
[21Mar2025 15:26:14.828] [Render thread/WARN] [net.minecraft.client.sounds.SoundEngine/]: Missing sound for event: minecraft:entity.camel.hurt
[21Mar2025 15:26:14.828] [Render thread/WARN] [net.minecraft.client.sounds.SoundEngine/]: Missing sound for event: minecraft:entity.camel.saddle
[21Mar2025 15:26:14.828] [Render thread/WARN] [net.minecraft.client.sounds.SoundEngine/]: Missing sound for event: minecraft:entity.camel.sit
[21Mar2025 15:26:14.829] [Render thread/WARN] [net.minecraft.client.sounds.SoundEngine/]: Missing sound for event: minecraft:entity.camel.stand
[21Mar2025 15:26:14.829] [Render thread/WARN] [net.minecraft.client.sounds.SoundEngine/]: Missing sound for event: minecraft:entity.camel.step
[21Mar2025 15:26:14.829] [Render thread/WARN] [net.minecraft.client.sounds.SoundEngine/]: Missing sound for event: minecraft:entity.camel.step_sand
[21Mar2025 15:26:14.829] [Render thread/WARN] [net.minecraft.client.sounds.SoundEngine/]: Missing sound for event: minecraft:block.campfire.crackle
[21Mar2025 15:26:14.829] [Render thread/WARN] [net.minecraft.client.sounds.SoundEngine/]: Missing sound for event: minecraft:block.candle.ambient
[21Mar2025 15:26:14.829] [Render thread/WARN] [net.minecraft.client.sounds.SoundEngine/]: Missing sound for event: minecraft:block.candle.break
[21Mar2025 15:26:14.829] [Render thread/WARN] [net.minecraft.client.sounds.SoundEngine/]: Missing sound for event: minecraft:block.candle.extinguish
[21Mar2025 15:26:14.829] [Render thread/WARN] [net.minecraft.client.sounds.SoundEngine/]: Missing sound for event: minecraft:block.candle.fall
[21Mar2025 15:26:14.829] [Render thread/WARN] [net.minecraft.client.sounds.SoundEngine/]: Missing sound for event: minecraft:block.candle.hit
[21Mar2025 15:26:14.829] [Render thread/WARN] [net.minecraft.client.sounds.SoundEngine/]: Missing sound for event: minecraft:block.candle.place
[21Mar2025 15:26:14.829] [Render thread/WARN] [net.minecraft.client.sounds.SoundEngine/]: Missing sound for event: minecraft:block.candle.step
[21Mar2025 15:26:14.829] [Render thread/WARN] [net.minecraft.client.sounds.SoundEngine/]: Missing sound for event: minecraft:entity.cat.ambient
[21Mar2025 15:26:14.829] [Render thread/WARN] [net.minecraft.client.sounds.SoundEngine/]: Missing sound for event: minecraft:entity.cat.stray_ambient
[21Mar2025 15:26:14.829] [Render thread/WARN] [net.minecraft.client.sounds.SoundEngine/]: Missing sound for event: minecraft:entity.cat.death
[21Mar2025 15:26:14.829] [Render thread/WARN] [net.minecraft.client.sounds.SoundEngine/]: Missing sound for event: minecraft:entity.cat.eat
[21Mar2025 15:26:14.829] [Render thread/WARN] [net.minecraft.client.sounds.SoundEngine/]: Missing sound for event: minecraft:entity.cat.hiss
[21Mar2025 15:26:14.829] [Render thread/WARN] [net.minecraft.client.sounds.SoundEngine/]: Missing sound for event: minecraft:entity.cat.beg_for_food
[21Mar2025 15:26:14.829] [Render thread/WARN] [net.minecraft.client.sounds.SoundEngine/]: Missing sound for event: minecraft:entity.cat.hurt
[21Mar2025 15:26:14.829] [Render thread/WARN] [net.minecraft.client.sounds.SoundEngine/]: Missing sound for event: minecraft:entity.cat.purr
[21Mar2025 15:26:14.829] [Render thread/WARN] [net.minecraft.client.sounds.SoundEngine/]: Missing sound for event: minecraft:entity.cat.purreow
[21Mar2025 15:26:14.829] [Render thread/WARN] [net.minecraft.client.sounds.SoundEngine/]: Missing sound for event: minecraft:block.cave_vines.break
[21Mar2025 15:26:14.830] [Render thread/WARN] [net.minecraft.client.sounds.SoundEngine/]: Missing sound for event: minecraft:block.cave_vines.fall
[21Mar2025 15:26:14.830] [Render thread/WARN] [net.minecraft.client.sounds.SoundEngine/]: Missing sound for event: minecraft:block.cave_vines.hit
[21Mar2025 15:26:14.830] [Render thread/WARN] [net.minecraft.client.sounds.SoundEngine/]: Missing sound for event: minecraft:block.cave_vines.place
[21Mar2025 15:26:14.830] [Render thread/WARN] [net.minecraft.client.sounds.SoundEngine/]: Missing sound for event: minecraft:block.cave_vines.step
[21Mar2025 15:26:14.830] [Render thread/WARN] [net.minecraft.client.sounds.SoundEngine/]: Missing sound for event: minecraft:block.cave_vines.pick_berries
[21Mar2025 15:26:14.830] [Render thread/WARN] [net.minecraft.client.sounds.SoundEngine/]: Missing sound for event: minecraft:block.chain.break
[21Mar2025 15:26:14.830] [Render thread/WARN] [net.minecraft.client.sounds.SoundEngine/]: Missing sound for event: minecraft:block.chain.fall
[21Mar2025 15:26:14.830] [Render thread/WARN] [net.minecraft.client.sounds.SoundEngine/]: Missing sound for event: minecraft:block.chain.hit
[21Mar2025 15:26:14.830] [Render thread/WARN] [net.minecraft.client.sounds.SoundEngine/]: Missing sound for event: minecraft:block.chain.place
[21Mar2025 15:26:14.830] [Render thread/WARN] [net.minecraft.client.sounds.SoundEngine/]: Missing sound for event: minecraft:block.chain.step
[21Mar2025 15:26:14.830] [Render thread/WARN] [net.minecraft.client.sounds.SoundEngine/]: Missing sound for event: minecraft:block.cherry_wood.break
[21Mar2025 15:26:14.830] [Render thread/WARN] [net.minecraft.client.sounds.SoundEngine/]: Missing sound for event: minecraft:block.cherry_wood.fall
[21Mar2025 15:26:14.830] [Render thread/WARN] [net.minecraft.client.sounds.SoundEngine/]: Missing sound for event: minecraft:block.cherry_wood.hit
[21Mar2025 15:26:14.830] [Render thread/WARN] [net.minecraft.client.sounds.SoundEngine/]: Missing sound for event: minecraft:block.cherry_wood.place
[21Mar2025 15:26:14.830] [Render thread/WARN] [net.minecraft.client.sounds.SoundEngine/]: Missing sound for event: minecraft:block.cherry_wood.step
[21Mar2025 15:26:14.830] [Render thread/WARN] [net.minecraft.client.sounds.SoundEngine/]: Missing sound for event: minecraft:block.cherry_sapling.break
[21Mar2025 15:26:14.830] [Render thread/WARN] [net.minecraft.client.sounds.SoundEngine/]: Missing sound for event: minecraft:block.cherry_sapling.fall
[21Mar2025 15:26:14.830] [Render thread/WARN] [net.minecraft.client.sounds.SoundEngine/]: Missing sound for event: minecraft:block.cherry_sapling.hit
[21Mar2025 15:26:14.830] [Render thread/WARN] [net.minecraft.client.sounds.SoundEngine/]: Missing sound for event: minecraft:block.cherry_sapling.place
[21Mar2025 15:26:14.830] [Render thread/WARN] [net.minecraft.client.sounds.SoundEngine/]: Missing sound for event: minecraft:block.cherry_sapling.step
[21Mar2025 15:26:14.831] [Render thread/WARN] [net.minecraft.client.sounds.SoundEngine/]: Missing sound for event: minecraft:block.cherry_leaves.break
[21Mar2025 15:26:14.831] [Render thread/WARN] [net.minecraft.client.sounds.SoundEngine/]: Missing sound for event: minecraft:block.cherry_leaves.fall
[21Mar2025 15:26:14.831] [Render thread/WARN] [net.minecraft.client.sounds.SoundEngine/]: Missing sound for event: minecraft:block.cherry_leaves.hit
[21Mar2025 15:26:14.831] [Render thread/WARN] [net.minecraft.client.sounds.SoundEngine/]: Missing sound for event: minecraft:block.cherry_leaves.place
[21Mar2025 15:26:14.831] [Render thread/WARN] [net.minecraft.client.sounds.SoundEngine/]: Missing sound for event: minecraft:block.cherry_leaves.step
[21Mar2025 15:26:14.831] [Render thread/WARN] [net.minecraft.client.sounds.SoundEngine/]: Missing sound for event: minecraft:block.cherry_wood_hanging_sign.step
[21Mar2025 15:26:14.831] [Render thread/WARN] [net.minecraft.client.sounds.SoundEngine/]: Missing sound for event: minecraft:block.cherry_wood_hanging_sign.break
[21Mar2025 15:26:14.831] [Render thread/WARN] [net.minecraft.client.sounds.SoundEngine/]: Missing sound for event: minecraft:block.cherry_wood_hanging_sign.fall
[21Mar2025 15:26:14.831] [Render thread/WARN] [net.minecraft.client.sounds.SoundEngine/]: Missing sound for event: minecraft:block.cherry_wood_hanging_sign.hit
[21Mar2025 15:26:14.831] [Render thread/WARN] [net.minecraft.client.sounds.SoundEngine/]: Missing sound for event: minecraft:block.cherry_wood_hanging_sign.place
[21Mar2025 15:26:14.831] [Render thread/WARN] [net.minecraft.client.sounds.SoundEngine/]: Missing sound for event: minecraft:block.cherry_wood_door.close
[21Mar2025 15:26:14.831] [Render thread/WARN] [net.minecraft.client.sounds.SoundEngine/]: Missing sound for event: minecraft:block.cherry_wood_door.open
[21Mar2025 15:26:14.831] [Render thread/WARN] [net.minecraft.client.sounds.SoundEngine/]: Missing sound for event: minecraft:block.cherry_wood_trapdoor.close
[21Mar2025 15:26:14.833] [Render thread/WARN] [net.minecraft.client.sounds.SoundEngine/]: Missing sound for event: minecraft:block.cherry_wood_trapdoor.open
[21Mar2025 15:26:14.833] [Render thread/WARN] [net.minecraft.client.sounds.SoundEngine/]: Missing sound for event: minecraft:block.cherry_wood_button.click_off
[21Mar2025 15:26:14.833] [Render thread/WARN] [net.minecraft.client.sounds.SoundEngine/]: Missing sound for event: minecraft:block.cherry_wood_button.click_on
[21Mar2025 15:26:14.833] [Render thread/WARN] [net.minecraft.client.sounds.SoundEngine/]: Missing sound for event: minecraft:block.cherry_wood_pressure_plate.click_off
[21Mar2025 15:26:14.833] [Render thread/WARN] [net.minecraft.client.sounds.SoundEngine/]: Missing sound for event: minecraft:block.cherry_wood_pressure_plate.click_on
[21Mar2025 15:26:14.833] [Render thread/WARN] [net.minecraft.client.sounds.SoundEngine/]: Missing sound for event: minecraft:block.cherry_wood_fence_gate.close
[21Mar2025 15:26:14.833] [Render thread/WARN] [net.minecraft.client.sounds.SoundEngine/]: Missing sound for event: minecraft:block.cherry_wood_fence_gate.open
[21Mar2025 15:26:14.833] [Render thread/WARN] [net.minecraft.client.sounds.SoundEngine/]: Missing sound for event: minecraft:block.chest.close
[21Mar2025 15:26:14.833] [Render thread/WARN] [net.minecraft.client.sounds.SoundEngine/]: Missing sound for event: minecraft:block.chest.locked
[21Mar2025 15:26:14.833] [Render thread/WARN] [net.minecraft.client.sounds.SoundEngine/]: Missing sound for event: minecraft:block.chest.open
[21Mar2025 15:26:14.834] [Render thread/WARN] [net.minecraft.client.sounds.SoundEngine/]: Missing sound for event: minecraft:entity.chicken.ambient
[21Mar2025 15:26:14.834] [Render thread/WARN] [net.minecraft.client.sounds.SoundEngine/]: Missing sound for event: minecraft:entity.chicken.death
[21Mar2025 15:26:14.834] [Render thread/WARN] [net.minecraft.client.sounds.SoundEngine/]: Missing sound for event: minecraft:entity.chicken.egg
[21Mar2025 15:26:14.834] [Render thread/WARN] [net.minecraft.client.sounds.SoundEngine/]: Missing sound for event: minecraft:entity.chicken.hurt
[21Mar2025 15:26:14.834] [Render thread/WARN] [net.minecraft.client.sounds.SoundEngine/]: Missing sound for event: minecraft:entity.chicken.step
[21Mar2025 15:26:14.834] [Render thread/WARN] [net.minecraft.client.sounds.SoundEngine/]: Missing sound for event: minecraft:block.chiseled_bookshelf.break
[21Mar2025 15:26:14.834] [Render thread/WARN] [net.minecraft.client.sounds.SoundEngine/]: Missing sound for event: minecraft:block.chiseled_bookshelf.fall
[21Mar2025 15:26:14.834] [Render thread/WARN] [net.minecraft.client.sounds.SoundEngine/]: Missing sound for event: minecraft:block.chiseled_bookshelf.hit
[21Mar2025 15:26:14.834] [Render thread/WARN] [net.minecraft.client.sounds.SoundEngine/]: Missing sound for event: minecraft:block.chiseled_bookshelf.insert
[21Mar2025 15:26:14.834] [Render thread/WARN] [net.minecraft.client.sounds.SoundEngine/]: Missing sound for event: minecraft:block.chiseled_bookshelf.insert.enchanted
[21Mar2025 15:26:14.834] [Render thread/WARN] [net.minecraft.client.sounds.SoundEngine/]: Missing sound for event: minecraft:block.chiseled_bookshelf.step
[21Mar2025 15:26:14.834] [Render thread/WARN] [net.minecraft.client.sounds.SoundEngine/]: Missing sound for event: minecraft:block.chiseled_bookshelf.pickup
[21Mar2025 15:26:14.834] [Render thread/WARN] [net.minecraft.client.sounds.SoundEngine/]: Missing sound for event: minecraft:block.chiseled_bookshelf.pickup.enchanted
[21Mar2025 15:26:14.834] [Render thread/WARN] [net.minecraft.client.sounds.SoundEngine/]: Missing sound for event: minecraft:block.chiseled_bookshelf.place
[21Mar2025 15:26:14.834] [Render thread/WARN] [net.minecraft.client.sounds.SoundEngine/]: Missing sound for event: minecraft:block.chorus_flower.death
[21Mar2025 15:26:14.834] [Render thread/WARN] [net.minecraft.client.sounds.SoundEngine/]: Missing sound for event: minecraft:block.chorus_flower.grow
[21Mar2025 15:26:14.834] [Render thread/WARN] [net.minecraft.client.sounds.SoundEngine/]: Missing sound for event: minecraft:item.chorus_fruit.teleport
[21Mar2025 15:26:14.834] [Render thread/WARN] [net.minecraft.client.sounds.SoundEngine/]: Missing sound for event: minecraft:block.cobweb.break
[21Mar2025 15:26:14.834] [Render thread/WARN] [net.minecraft.client.sounds.SoundEngine/]: Missing sound for event: minecraft:block.cobweb.step
[21Mar2025 15:26:14.834] [Render thread/WARN] [net.minecraft.client.sounds.SoundEngine/]: Missing sound for event: minecraft:block.cobweb.place
[21Mar2025 15:26:14.835] [Render thread/WARN] [net.minecraft.client.sounds.SoundEngine/]: Missing sound for event: minecraft:block.cobweb.hit
[21Mar2025 15:26:14.835] [Render thread/WARN] [net.minecraft.client.sounds.SoundEngine/]: Missing sound for event: minecraft:block.cobweb.fall
[21Mar2025 15:26:14.835] [Render thread/WARN] [net.minecraft.client.sounds.SoundEngine/]: Missing sound for event: minecraft:entity.cod.ambient
[21Mar2025 15:26:14.835] [Render thread/WARN] [net.minecraft.client.sounds.SoundEngine/]: Missing sound for event: minecraft:entity.cod.death
[21Mar2025 15:26:14.835] [Render thread/WARN] [net.minecraft.client.sounds.SoundEngine/]: Missing sound for event: minecraft:entity.cod.flop
[21Mar2025 15:26:14.835] [Render thread/WARN] [net.minecraft.client.sounds.SoundEngine/]: Missing sound for event: minecraft:entity.cod.hurt
[21Mar2025 15:26:14.835] [Render thread/WARN] [net.minecraft.client.sounds.SoundEngine/]: Missing sound for event: minecraft:block.comparator.click
[21Mar2025 15:26:14.835] [Render thread/WARN] [net.minecraft.client.sounds.SoundEngine/]: Missing sound for event: minecraft:block.composter.empty
[21Mar2025 15:26:14.835] [Render thread/WARN] [net.minecraft.client.sounds.SoundEngine/]: Missing sound for event: minecraft:block.composter.fill
[21Mar2025 15:26:14.835] [Render thread/WARN] [net.minecraft.client.sounds.SoundEngine/]: Missing sound for event: minecraft:block.composter.fill_success
[21Mar2025 15:26:14.835] [Render thread/WARN] [net.minecraft.client.sounds.SoundEngine/]: Missing sound for event: minecraft:block.composter.ready
[21Mar2025 15:26:14.835] [Render thread/WARN] [net.minecraft.client.sounds.SoundEngine/]: Missing sound for event: minecraft:block.conduit.activate
[21Mar2025 15:26:14.835] [Render thread/WARN] [net.minecraft.client.sounds.SoundEngine/]: Missing sound for event: minecraft:block.conduit.ambient
[21Mar2025 15:26:14.835] [Render thread/WARN] [net.minecraft.client.sounds.SoundEngine/]: Missing sound for event: minecraft:block.conduit.ambient.short
[21Mar2025 15:26:14.835] [Render thread/WARN] [net.minecraft.client.sounds.SoundEngine/]: Missing sound for event: minecraft:block.conduit.attack.target
[21Mar2025 15:26:14.835] [Render thread/WARN] [net.minecraft.client.sounds.SoundEngine/]: Missing sound for event: minecraft:block.conduit.deactivate
[21Mar2025 15:26:14.835] [Render thread/WARN] [net.minecraft.client.sounds.SoundEngine/]: Missing sound for event: minecraft:block.copper_bulb.break
[21Mar2025 15:26:14.835] [Render thread/WARN] [net.minecraft.client.sounds.SoundEngine/]: Missing sound for event: minecraft:block.copper_bulb.step
[21Mar2025 15:26:14.835] [Render thread/WARN] [net.minecraft.client.sounds.SoundEngine/]: Missing sound for event: minecraft:block.copper_bulb.place
[21Mar2025 15:26:14.835] [Render thread/WARN] [net.minecraft.client.sounds.SoundEngine/]: Missing sound for event: minecraft:block.copper_bulb.hit
[21Mar2025 15:26:14.836] [Render thread/WARN] [net.minecraft.client.sounds.SoundEngine/]: Missing sound for event: minecraft:block.copper_bulb.fall
[21Mar2025 15:26:14.836] [Render thread/WARN] [net.minecraft.client.sounds.SoundEngine/]: Missing sound for event: minecraft:block.copper_bulb.turn_on
[21Mar2025 15:26:14.836] [Render thread/WARN] [net.minecraft.client.sounds.SoundEngine/]: Missing sound for event: minecraft:block.copper_bulb.turn_off
[21Mar2025 15:26:14.836] [Render thread/WARN] [net.minecraft.client.sounds.SoundEngine/]: Missing sound for event: minecraft:block.copper.break
[21Mar2025 15:26:14.836] [Render thread/WARN] [net.minecraft.client.sounds.SoundEngine/]: Missing sound for event: minecraft:block.copper.step
[21Mar2025 15:26:14.836] [Render thread/WARN] [net.minecraft.client.sounds.SoundEngine/]: Missing sound for event: minecraft:block.copper.place
[21Mar2025 15:26:14.836] [Render thread/WARN] [net.minecraft.client.sounds.SoundEngine/]: Missing sound for event: minecraft:block.copper.hit
[21Mar2025 15:26:14.836] [Render thread/WARN] [net.minecraft.client.sounds.SoundEngine/]: Missing sound for event: minecraft:block.copper.fall
[21Mar2025 15:26:14.836] [Render thread/WARN] [net.minecraft.client.sounds.SoundEngine/]: Missing sound for event: minecraft:block.copper_door.close
[21Mar2025 15:26:14.837] [Render thread/WARN] [net.minecraft.client.sounds.SoundEngine/]: Missing sound for event: minecraft:block.copper_door.open
[21Mar2025 15:26:14.837] [Render thread/WARN] [net.minecraft.client.sounds.SoundEngine/]: Missing sound for event: minecraft:block.copper_grate.break
[21Mar2025 15:26:14.837] [Render thread/WARN] [net.minecraft.client.sounds.SoundEngine/]: Missing sound for event: minecraft:block.copper_grate.step
[21Mar2025 15:26:14.837] [Render thread/WARN] [net.minecraft.client.sounds.SoundEngine/]: Missing sound for event: minecraft:block.copper_grate.place
[21Mar2025 15:26:14.837] [Render thread/WARN] [net.minecraft.client.sounds.SoundEngine/]: Missing sound for event: minecraft:block.copper_grate.hit
[21Mar2025 15:26:14.837] [Render thread/WARN] [net.minecraft.client.sounds.SoundEngine/]: Missing sound for event: minecraft:block.copper_grate.fall
[21Mar2025 15:26:14.837] [Render thread/WARN] [net.minecraft.client.sounds.SoundEngine/]: Missing sound for event: minecraft:block.copper_trapdoor.close
[21Mar2025 15:26:14.837] [Render thread/WARN] [net.minecraft.client.sounds.SoundEngine/]: Missing sound for event: minecraft:block.copper_trapdoor.open
[21Mar2025 15:26:14.837] [Render thread/WARN] [net.minecraft.client.sounds.SoundEngine/]: Missing sound for event: minecraft:block.coral_block.break
[21Mar2025 15:26:14.837] [Render thread/WARN] [net.minecraft.client.sounds.SoundEngine/]: Missing sound for event: minecraft:block.coral_block.fall
[21Mar2025 15:26:14.837] [Render thread/WARN] [net.minecraft.client.sounds.SoundEngine/]: Missing sound for event: minecraft:block.coral_block.hit
[21Mar2025 15:26:14.837] [Render thread/WARN] [net.minecraft.client.sounds.SoundEngine/]: Missing sound for event: minecraft:block.coral_block.place
[21Mar2025 15:26:14.837] [Render thread/WARN] [net.minecraft.client.sounds.SoundEngine/]: Missing sound for event: minecraft:block.coral_block.step
[21Mar2025 15:26:14.837] [Render thread/WARN] [net.minecraft.client.sounds.SoundEngine/]: Missing sound for event: minecraft:entity.cow.ambient
[21Mar2025 15:26:14.837] [Render thread/WARN] [net.minecraft.client.sounds.SoundEngine/]: Missing sound for event: minecraft:entity.cow.death
[21Mar2025 15:26:14.837] [Render thread/WARN] [net.minecraft.client.sounds.SoundEngine/]: Missing sound for event: minecraft:entity.cow.hurt
[21Mar2025 15:26:14.837] [Render thread/WARN] [net.minecraft.client.sounds.SoundEngine/]: Missing sound for event: minecraft:entity.cow.milk
[21Mar2025 15:26:14.837] [Render thread/WARN] [net.minecraft.client.sounds.SoundEngine/]: Missing sound for event: minecraft:entity.cow.step
[21Mar2025 15:26:14.837] [Render thread/WARN] [net.minecraft.client.sounds.SoundEngine/]: Missing sound for event: minecraft:block.crafter.craft
[21Mar2025 15:26:14.837] [Render thread/WARN] [net.minecraft.client.sounds.SoundEngine/]: Missing sound for event: minecraft:block.crafter.fail
[21Mar2025 15:26:14.838] [Render thread/WARN] [net.minecraft.client.sounds.SoundEngine/]: Missing sound for event: minecraft:entity.creeper.death
[21Mar2025 15:26:14.838] [Render thread/WARN] [net.minecraft.client.sounds.SoundEngine/]: Missing sound for event: minecraft:entity.creeper.hurt
[21Mar2025 15:26:14.838] [Render thread/WARN] [net.minecraft.client.sounds.SoundEngine/]: Missing sound for event: minecraft:entity.creeper.primed
[21Mar2025 15:26:14.838] [Render thread/WARN] [net.minecraft.client.sounds.SoundEngine/]: Missing sound for event: minecraft:block.crop.break
[21Mar2025 15:26:14.838] [Render thread/WARN] [net.minecraft.client.sounds.SoundEngine/]: Missing sound for event: minecraft:item.crop.plant
[21Mar2025 15:26:14.838] [Render thread/WARN] [net.minecraft.client.sounds.SoundEngine/]: Missing sound for event: minecraft:item.crossbow.hit
[21Mar2025 15:26:14.838] [Render thread/WARN] [net.minecraft.client.sounds.SoundEngine/]: Missing sound for event: minecraft:item.crossbow.loading_end
[21Mar2025 15:26:14.838] [Render thread/WARN] [net.minecraft.client.sounds.SoundEngine/]: Missing sound for event: minecraft:item.crossbow.loading_middle
[21Mar2025 15:26:14.838] [Render thread/WARN] [net.minecraft.client.sounds.SoundEngine/]: Missing sound for event: minecraft:item.crossbow.loading_start
[21Mar2025 15:26:14.838] [Render thread/WARN] [net.minecraft.client.sounds.SoundEngine/]: Missing sound for event: minecraft:item.crossbow.quick_charge_1
[21Mar2025 15:26:14.838] [Render thread/WARN] [net.minecraft.client.sounds.SoundEngine/]: Missing sound for event: minecraft:item.crossbow.quick_charge_2
[21Mar2025 15:26:14.838] [Render thread/WARN] [net.minecraft.client.sounds.SoundEngine/]: Missing sound for event: minecraft:item.crossbow.quick_charge_3
[21Mar2025 15:26:14.838] [Render thread/WARN] [net.minecraft.client.sounds.SoundEngine/]: Missing sound for event: minecraft:item.crossbow.shoot
[21Mar2025 15:26:14.838] [Render thread/WARN] [net.minecraft.client.sounds.SoundEngine/]: Missing sound for event: minecraft:block.decorated_pot.break
[21Mar2025 15:26:14.838] [Render thread/WARN] [net.minecraft.client.sounds.SoundEngine/]: Missing sound for event: minecraft:block.decorated_pot.fall
[21Mar2025 15:26:14.838] [Render thread/WARN] [net.minecraft.client.sounds.SoundEngine/]: Missing sound for event: minecraft:block.decorated_pot.hit
[21Mar2025 15:26:14.838] [Render thread/WARN] [net.minecraft.client.sounds.SoundEngine/]: Missing sound for event: minecraft:block.decorated_pot.insert
[21Mar2025 15:26:14.838] [Render thread/WARN] [net.minecraft.client.sounds.SoundEngine/]: Missing sound for event: minecraft:block.decorated_pot.insert_fail
[21Mar2025 15:26:14.838] [Render thread/WARN] [net.minecraft.client.sounds.SoundEngine/]: Missing sound for event: minecraft:block.decorated_pot.step
[21Mar2025 15:26:14.839] [Render thread/WARN] [net.minecraft.client.sounds.SoundEngine/]: Missing sound for event: minecraft:block.decorated_pot.place
[21Mar2025 15:26:14.839] [Render thread/WARN] [net.minecraft.client.sounds.SoundEngine/]: Missing sound for event: minecraft:block.decorated_pot.shatter
[21Mar2025 15:26:14.839] [Render thread/WARN] [net.minecraft.client.sounds.SoundEngine/]: Missing sound for event: minecraft:block.deepslate_bricks.break
[21Mar2025 15:26:14.839] [Render thread/WARN] [net.minecraft.client.sounds.SoundEngine/]: Missing sound for event: minecraft:block.deepslate_bricks.fall
[21Mar2025 15:26:14.839] [Render thread/WARN] [net.minecraft.client.sounds.SoundEngine/]: Missing sound for event: minecraft:block.deepslate_bricks.hit
[21Mar2025 15:26:14.839] [Render thread/WARN] [net.minecraft.client.sounds.SoundEngine/]: Missing sound for event: minecraft:block.deepslate_bricks.place
[21Mar2025 15:26:14.839] [Render thread/WARN] [net.minecraft.client.sounds.SoundEngine/]: Missing sound for event: minecraft:block.deepslate_bricks.step
[21Mar2025 15:26:14.839] [Render thread/WARN] [net.minecraft.client.sounds.SoundEngine/]: Missing sound for event: minecraft:block.deepslate.break
[21Mar2025 15:26:14.839] [Render thread/WARN] [net.minecraft.client.sounds.SoundEngine/]: Missing sound for event: minecraft:block.deepslate.fall
[21Mar2025 15:26:14.839] [Render thread/WARN] [net.minecraft.client.sounds.SoundEngine/]: Missing sound for event: minecraft:block.deepslate.hit
[21Mar2025 15:26:14.839] [Render thread/WARN] [net.minecraft.client.sounds.SoundEngine/]: Missing sound for event: minecraft:block.deepslate.place
[21Mar2025 15:26:14.839] [Render thread/WARN] [net.minecraft.client.sounds.SoundEngine/]: Missing sound for event: minecraft:block.deepslate.step
[21Mar2025 15:26:14.839] [Render thread/WARN] [net.minecraft.client.sounds.SoundEngine/]: Missing sound for event: minecraft:block.deepslate_tiles.break
[21Mar2025 15:26:14.839] [Render thread/WARN] [net.minecraft.client.sounds.SoundEngine/]: Missing sound for event: minecraft:block.deepslate_tiles.fall
[21Mar2025 15:26:14.839] [Render thread/WARN] [net.minecraft.client.sounds.SoundEngine/]: Missing sound for event: minecraft:block.deepslate_tiles.hit
[21Mar2025 15:26:14.839] [Render thread/WARN] [net.minecraft.client.sounds.SoundEngine/]: Missing sound for event: minecraft:block.deepslate_tiles.place
[21Mar2025 15:26:14.839] [Render thread/WARN] [net.minecraft.client.sounds.SoundEngine/]: Missing sound for event: minecraft:block.deepslate_tiles.step
[21Mar2025 15:26:14.839] [Render thread/WARN] [net.minecraft.client.sounds.SoundEngine/]: Missing sound for event: minecraft:block.dispenser.dispense
[21Mar2025 15:26:14.839] [Render thread/WARN] [net.minecraft.client.sounds.SoundEngine/]: Missing sound for event: minecraft:block.dispenser.fail
[21Mar2025 15:26:14.839] [Render thread/WARN] [net.minecraft.client.sounds.SoundEngine/]: Missing sound for event: minecraft:block.dispenser.launch
[21Mar2025 15:26:14.839] [Render thread/WARN] [net.minecraft.client.sounds.SoundEngine/]: Missing sound for event: minecraft:entity.dolphin.ambient
[21Mar2025 15:26:14.839] [Render thread/WARN] [net.minecraft.client.sounds.SoundEngine/]: Missing sound for event: minecraft:entity.dolphin.ambient_water
[21Mar2025 15:26:14.839] [Render thread/WARN] [net.minecraft.client.sounds.SoundEngine/]: Missing sound for event: minecraft:entity.dolphin.attack
[21Mar2025 15:26:14.840] [Render thread/WARN] [net.minecraft.client.sounds.SoundEngine/]: Missing sound for event: minecraft:entity.dolphin.death
[21Mar2025 15:26:14.840] [Render thread/WARN] [net.minecraft.client.sounds.SoundEngine/]: Missing sound for event: minecraft:entity.dolphin.eat
[21Mar2025 15:26:14.840] [Render thread/WARN] [net.minecraft.client.sounds.SoundEngine/]: Missing sound for event: minecraft:entity.dolphin.hurt
[21Mar2025 15:26:14.840] [Render thread/WARN] [net.minecraft.client.sounds.SoundEngine/]: Missing sound for event: minecraft:entity.dolphin.jump
[21Mar2025 15:26:14.840] [Render thread/WARN] [net.minecraft.client.sounds.SoundEngine/]: Missing sound for event: minecraft:entity.dolphin.play
[21Mar2025 15:26:14.840] [Render thread/WARN] [net.minecraft.client.sounds.SoundEngine/]: Missing sound for event: minecraft:entity.dolphin.splash
[21Mar2025 15:26:14.840] [Render thread/WARN] [net.minecraft.client.sounds.SoundEngine/]: Missing sound for event: minecraft:entity.dolphin.swim
[21Mar2025 15:26:14.840] [Render thread/WARN] [net.minecraft.client.sounds.SoundEngine/]: Missing sound for event: minecraft:entity.donkey.ambient
[21Mar2025 15:26:14.841] [Render thread/WARN] [net.minecraft.client.sounds.SoundEngine/]: Missing sound for event: minecraft:entity.donkey.angry
[21Mar2025 15:26:14.841] [Render thread/WARN] [net.minecraft.client.sounds.SoundEngine/]: Missing sound for event: minecraft:entity.donkey.chest
[21Mar2025 15:26:14.841] [Render thread/WARN] [net.minecraft.client.sounds.SoundEngine/]: Missing sound for event: minecraft:entity.donkey.death
[21Mar2025 15:26:14.841] [Render thread/WARN] [net.minecraft.client.sounds.SoundEngine/]: Missing sound for event: minecraft:entity.donkey.eat
[21Mar2025 15:26:14.841] [Render thread/WARN] [net.minecraft.client.sounds.SoundEngine/]: Missing sound for event: minecraft:entity.donkey.hurt
[21Mar2025 15:26:14.841] [Render thread/WARN] [net.minecraft.client.sounds.SoundEngine/]: Missing sound for event: minecraft:entity.donkey.jump
[21Mar2025 15:26:14.841] [Render thread/WARN] [net.minecraft.client.sounds.SoundEngine/]: Missing sound for event: minecraft:block.dripstone_block.break
[21Mar2025 15:26:14.841] [Render thread/WARN] [net.minecraft.client.sounds.SoundEngine/]: Missing sound for event: minecraft:block.dripstone_block.step
[21Mar2025 15:26:14.841] [Render thread/WARN] [net.minecraft.client.sounds.SoundEngine/]: Missing sound for event: minecraft:block.dripstone_block.place
[21Mar2025 15:26:14.841] [Render thread/WARN] [net.minecraft.client.sounds.SoundEngine/]: Missing sound for event: minecraft:block.dripstone_block.hit
[21Mar2025 15:26:14.841] [Render thread/WARN] [net.minecraft.client.sounds.SoundEngine/]: Missing sound for event: minecraft:block.dripstone_block.fall
[21Mar2025 15:26:14.841] [Render thread/WARN] [net.minecraft.client.sounds.SoundEngine/]: Missing sound for event: minecraft:block.pointed_dripstone.break
[21Mar2025 15:26:14.841] [Render thread/WARN] [net.minecraft.client.sounds.SoundEngine/]: Missing sound for event: minecraft:block.pointed_dripstone.step
[21Mar2025 15:26:14.841] [Render thread/WARN] [net.minecraft.client.sounds.SoundEngine/]: Missing sound for event: minecraft:block.pointed_dripstone.place
[21Mar2025 15:26:14.841] [Render thread/WARN] [net.minecraft.client.sounds.SoundEngine/]: Missing sound for event: minecraft:block.pointed_dripstone.hit
[21Mar2025 15:26:14.841] [Render thread/WARN] [net.minecraft.client.sounds.SoundEngine/]: Missing sound for event: minecraft:block.pointed_dripstone.fall
[21Mar2025 15:26:14.841] [Render thread/WARN] [net.minecraft.client.sounds.SoundEngine/]: Missing sound for event: minecraft:block.pointed_dripstone.land
[21Mar2025 15:26:14.841] [Render thread/WARN] [net.minecraft.client.sounds.SoundEngine/]: Missing sound for event: minecraft:block.pointed_dripstone.drip_lava
[21Mar2025 15:26:14.841] [Render thread/WARN] [net.minecraft.client.sounds.SoundEngine/]: Missing sound for event: minecraft:block.pointed_dripstone.drip_water
[21Mar2025 15:26:14.841] [Render thread/WARN] [net.minecraft.client.sounds.SoundEngine/]: Missing sound for event: minecraft:block.pointed_dripstone.drip_lava_into_cauldron
[21Mar2025 15:26:14.841] [Render thread/WARN] [net.minecraft.client.sounds.SoundEngine/]: Missing sound for event: minecraft:block.pointed_dripstone.drip_water_into_cauldron
[21Mar2025 15:26:14.841] [Render thread/WARN] [net.minecraft.client.sounds.SoundEngine/]: Missing sound for event: minecraft:block.big_dripleaf.tilt_down
[21Mar2025 15:26:14.841] [Render thread/WARN] [net.minecraft.client.sounds.SoundEngine/]: Missing sound for event: minecraft:block.big_dripleaf.tilt_up
[21Mar2025 15:26:14.841] [Render thread/WARN] [net.minecraft.client.sounds.SoundEngine/]: Missing sound for event: minecraft:entity.drowned.ambient
[21Mar2025 15:26:14.842] [Render thread/WARN] [net.minecraft.client.sounds.SoundEngine/]: Missing sound for event: minecraft:entity.drowned.ambient_water
[21Mar2025 15:26:14.842] [Render thread/WARN] [net.minecraft.client.sounds.SoundEngine/]: Missing sound for event: minecraft:entity.drowned.death
[21Mar2025 15:26:14.842] [Render thread/WARN] [net.minecraft.client.sounds.SoundEngine/]: Missing sound for event: minecraft:entity.drowned.death_water
[21Mar2025 15:26:14.842] [Render thread/WARN] [net.minecraft.client.sounds.SoundEngine/]: Missing sound for event: minecraft:entity.drowned.hurt
[21Mar2025 15:26:14.842] [Render thread/WARN] [net.minecraft.client.sounds.SoundEngine/]: Missing sound for event: minecraft:entity.drowned.hurt_water
[21Mar2025 15:26:14.842] [Render thread/WARN] [net.minecraft.client.sounds.SoundEngine/]: Missing sound for event: minecraft:entity.drowned.shoot
[21Mar2025 15:26:14.842] [Render thread/WARN] [net.minecraft.client.sounds.SoundEngine/]: Missing sound for event: minecraft:entity.drowned.step
[21Mar2025 15:26:14.842] [Render thread/WARN] [net.minecraft.client.sounds.SoundEngine/]: Missing sound for event: minecraft:entity.drowned.swim
[21Mar2025 15:26:14.842] [Render thread/WARN] [net.minecraft.client.sounds.SoundEngine/]: Missing sound for event: minecraft:item.dye.use
[21Mar2025 15:26:14.842] [Render thread/WARN] [net.minecraft.client.sounds.SoundEngine/]: Missing sound for event: minecraft:entity.egg.throw
[21Mar2025 15:26:14.842] [Render thread/WARN] [net.minecraft.client.sounds.SoundEngine/]: Missing sound for event: minecraft:entity.elder_guardian.ambient
[21Mar2025 15:26:14.842] [Render thread/WARN] [net.minecraft.client.sounds.SoundEngine/]: Missing sound for event: minecraft:entity.elder_guardian.ambient_land
[21Mar2025 15:26:14.842] [Render thread/WARN] [net.minecraft.client.sounds.SoundEngine/]: Missing sound for event: minecraft:entity.elder_guardian.curse
[21Mar2025 15:26:14.842] [Render thread/WARN] [net.minecraft.client.sounds.SoundEngine/]: Missing sound for event: minecraft:entity.elder_guardian.death
[21Mar2025 15:26:14.842] [Render thread/WARN] [net.minecraft.client.sounds.SoundEngine/]: Missing sound for event: minecraft:entity.elder_guardian.death_land
[21Mar2025 15:26:14.842] [Render thread/WARN] [net.minecraft.client.sounds.SoundEngine/]: Missing sound for event: minecraft:entity.elder_guardian.flop
[21Mar2025 15:26:14.842] [Render thread/WARN] [net.minecraft.client.sounds.SoundEngine/]: Missing sound for event: minecraft:entity.elder_guardian.hurt
[21Mar2025 15:26:14.842] [Render thread/WARN] [net.minecraft.client.sounds.SoundEngine/]: Missing sound for event: minecraft:entity.elder_guardian.hurt_land
[21Mar2025 15:26:14.842] [Render thread/WARN] [net.minecraft.client.sounds.SoundEngine/]: Missing sound for event: minecraft:item.elytra.flying
[21Mar2025 15:26:14.842] [Render thread/WARN] [net.minecraft.client.sounds.SoundEngine/]: Missing sound for event: minecraft:block.enchantment_table.use
[21Mar2025 15:26:14.842] [Render thread/WARN] [net.minecraft.client.sounds.SoundEngine/]: Missing sound for event: minecraft:block.ender_chest.close
[21Mar2025 15:26:14.842] [Render thread/WARN] [net.minecraft.client.sounds.SoundEngine/]: Missing sound for event: minecraft:block.ender_chest.open
[21Mar2025 15:26:14.842] [Render thread/WARN] [net.minecraft.client.sounds.SoundEngine/]: Missing sound for event: minecraft:entity.ender_dragon.ambient
[21Mar2025 15:26:14.842] [Render thread/WARN] [net.minecraft.client.sounds.SoundEngine/]: Missing sound for event: minecraft:entity.ender_dragon.death
[21Mar2025 15:26:14.843] [Render thread/WARN] [net.minecraft.client.sounds.SoundEngine/]: Missing sound for event: minecraft:entity.dragon_fireball.explode
[21Mar2025 15:26:14.843] [Render thread/WARN] [net.minecraft.client.sounds.SoundEngine/]: Missing sound for event: minecraft:entity.ender_dragon.flap
[21Mar2025 15:26:14.843] [Render thread/WARN] [net.minecraft.client.sounds.SoundEngine/]: Missing sound for event: minecraft:entity.ender_dragon.growl
[21Mar2025 15:26:14.843] [Render thread/WARN] [net.minecraft.client.sounds.SoundEngine/]: Missing sound for event: minecraft:entity.ender_dragon.hurt
[21Mar2025 15:26:14.843] [Render thread/WARN] [net.minecraft.client.sounds.SoundEngine/]: Missing sound for event: minecraft:entity.ender_dragon.shoot
[21Mar2025 15:26:14.843] [Render thread/WARN] [net.minecraft.client.sounds.SoundEngine/]: Missing sound for event: minecraft:entity.ender_eye.death
[21Mar2025 15:26:14.843] [Render thread/WARN] [net.minecraft.client.sounds.SoundEngine/]: Missing sound for event: minecraft:entity.ender_eye.launch
[21Mar2025 15:26:14.843] [Render thread/WARN] [net.minecraft.client.sounds.SoundEngine/]: Missing sound for event: minecraft:entity.enderman.ambient
[21Mar2025 15:26:14.843] [Render thread/WARN] [net.minecraft.client.sounds.SoundEngine/]: Missing sound for event: minecraft:entity.enderman.death
[21Mar2025 15:26:14.843] [Render thread/WARN] [net.minecraft.client.sounds.SoundEngine/]: Missing sound for event: minecraft:entity.enderman.hurt
[21Mar2025 15:26:14.843] [Render thread/WARN] [net.minecraft.client.sounds.SoundEngine/]: Missing sound for event: minecraft:entity.enderman.scream
[21Mar2025 15:26:14.843] [Render thread/WARN] [net.minecraft.client.sounds.SoundEngine/]: Missing sound for event: minecraft:entity.enderman.stare
[21Mar2025 15:26:14.843] [Render thread/WARN] [net.minecraft.client.sounds.SoundEngine/]: Missing sound for event: minecraft:entity.enderman.teleport
[21Mar2025 15:26:14.843] [Render thread/WARN] [net.minecraft.client.sounds.SoundEngine/]: Missing sound for event: minecraft:entity.endermite.ambient
[21Mar2025 15:26:14.843] [Render thread/WARN] [net.minecraft.client.sounds.SoundEngine/]: Missing sound for event: minecraft:entity.endermite.death
[21Mar2025 15:26:14.843] [Render thread/WARN] [net.minecraft.client.sounds.SoundEngine/]: Missing sound for event: minecraft:entity.endermite.hurt
[21Mar2025 15:26:14.843] [Render thread/WARN] [net.minecraft.client.sounds.SoundEngine/]: Missing sound for event: minecraft:entity.endermite.step
[21Mar2025 15:26:14.843] [Render thread/WARN] [net.minecraft.client.sounds.SoundEngine/]: Missing sound for event: minecraft:entity.ender_pearl.throw
[21Mar2025 15:26:14.843] [Render thread/WARN] [net.minecraft.client.sounds.SoundEngine/]: Missing sound for event: minecraft:block.end_gateway.spawn
[21Mar2025 15:26:14.843] [Render thread/WARN] [net.minecraft.client.sounds.SoundEngine/]: Missing sound for event: minecraft:block.end_portal_frame.fill
[21Mar2025 15:26:14.843] [Render thread/WARN] [net.minecraft.client.sounds.SoundEngine/]: Missing sound for event: minecraft:block.end_portal.spawn
[21Mar2025 15:26:14.843] [Render thread/WARN] [net.minecraft.client.sounds.SoundEngine/]: Missing sound for event: minecraft:entity.evoker.ambient
[21Mar2025 15:26:14.843] [Render thread/WARN] [net.minecraft.client.sounds.SoundEngine/]: Missing sound for event: minecraft:entity.evoker.cast_spell
[21Mar2025 15:26:14.844] [Render thread/WARN] [net.minecraft.client.sounds.SoundEngine/]: Missing sound for event: minecraft:entity.evoker.celebrate
[21Mar2025 15:26:14.844] [Render thread/WARN] [net.minecraft.client.sounds.SoundEngine/]: Missing sound for event: minecraft:entity.evoker.death
[21Mar2025 15:26:14.844] [Render thread/WARN] [net.minecraft.client.sounds.SoundEngine/]: Missing sound for event: minecraft:entity.evoker_fangs.attack
[21Mar2025 15:26:14.844] [Render thread/WARN] [net.minecraft.client.sounds.SoundEngine/]: Missing sound for event: minecraft:entity.evoker.hurt
[21Mar2025 15:26:14.844] [Render thread/WARN] [net.minecraft.client.sounds.SoundEngine/]: Missing sound for event: minecraft:entity.evoker.prepare_attack
[21Mar2025 15:26:14.844] [Render thread/WARN] [net.minecraft.client.sounds.SoundEngine/]: Missing sound for event: minecraft:entity.evoker.prepare_summon
[21Mar2025 15:26:14.844] [Render thread/WARN] [net.minecraft.client.sounds.SoundEngine/]: Missing sound for event: minecraft:entity.evoker.prepare_wololo
[21Mar2025 15:26:14.844] [Render thread/WARN] [net.minecraft.client.sounds.SoundEngine/]: Missing sound for event: minecraft:entity.experience_bottle.throw
[21Mar2025 15:26:14.844] [Render thread/WARN] [net.minecraft.client.sounds.SoundEngine/]: Missing sound for event: minecraft:entity.experience_orb.pickup
[21Mar2025 15:26:14.844] [Render thread/WARN] [net.minecraft.client.sounds.SoundEngine/]: Missing sound for event: minecraft:block.fence_gate.close
[21Mar2025 15:26:14.844] [Render thread/WARN] [net.minecraft.client.sounds.SoundEngine/]: Missing sound for event: minecraft:block.fence_gate.open
[21Mar2025 15:26:14.844] [Render thread/WARN] [net.minecraft.client.sounds.SoundEngine/]: Missing sound for event: minecraft:item.firecharge.use
[21Mar2025 15:26:14.844] [Render thread/WARN] [net.minecraft.client.sounds.SoundEngine/]: Missing sound for event: minecraft:entity.firework_rocket.blast
[21Mar2025 15:26:14.844] [Render thread/WARN] [net.minecraft.client.sounds.SoundEngine/]: Missing sound for event: minecraft:entity.firework_rocket.blast_far
[21Mar2025 15:26:14.844] [Render thread/WARN] [net.minecraft.client.sounds.SoundEngine/]: Missing sound for event: minecraft:entity.firework_rocket.large_blast
[21Mar2025 15:26:14.844] [Render thread/WARN] [net.minecraft.client.sounds.SoundEngine/]: Missing sound for event: minecraft:entity.firework_rocket.large_blast_far
[21Mar2025 15:26:14.844] [Render thread/WARN] [net.minecraft.client.sounds.SoundEngine/]: Missing sound for event: minecraft:entity.firework_rocket.launch
[21Mar2025 15:26:14.844] [Render thread/WARN] [net.minecraft.client.sounds.SoundEngine/]: Missing sound for event: minecraft:entity.firework_rocket.shoot
[21Mar2025 15:26:14.844] [Render thread/WARN] [net.minecraft.client.sounds.SoundEngine/]: Missing sound for event: minecraft:entity.firework_rocket.twinkle
[21Mar2025 15:26:14.844] [Render thread/WARN] [net.minecraft.client.sounds.SoundEngine/]: Missing sound for event: minecraft:entity.firework_rocket.twinkle_far
[21Mar2025 15:26:14.844] [Render thread/WARN] [net.minecraft.client.sounds.SoundEngine/]: Missing sound for event: minecraft:block.fire.ambient
[21Mar2025 15:26:14.844] [Render thread/WARN] [net.minecraft.client.sounds.SoundEngine/]: Missing sound for event: minecraft:block.fire.extinguish
[21Mar2025 15:26:14.844] [Render thread/WARN] [net.minecraft.client.sounds.SoundEngine/]: Missing sound for event: minecraft:entity.fish.swim
[21Mar2025 15:26:14.844] [Render thread/WARN] [net.minecraft.client.sounds.SoundEngine/]: Missing sound for event: minecraft:entity.fishing_bobber.retrieve
[21Mar2025 15:26:14.844] [Render thread/WARN] [net.minecraft.client.sounds.SoundEngine/]: Missing sound for event: minecraft:entity.fishing_bobber.splash
[21Mar2025 15:26:14.845] [Render thread/WARN] [net.minecraft.client.sounds.SoundEngine/]: Missing sound for event: minecraft:entity.fishing_bobber.throw
[21Mar2025 15:26:14.845] [Render thread/WARN] [net.minecraft.client.sounds.SoundEngine/]: Missing sound for event: minecraft:item.flintandsteel.use
[21Mar2025 15:26:14.845] [Render thread/WARN] [net.minecraft.client.sounds.SoundEngine/]: Missing sound for event: minecraft:block.flowering_azalea.break
[21Mar2025 15:26:14.845] [Render thread/WARN] [net.minecraft.client.sounds.SoundEngine/]: Missing sound for event: minecraft:block.flowering_azalea.fall
[21Mar2025 15:26:14.845] [Render thread/WARN] [net.minecraft.client.sounds.SoundEngine/]: Missing sound for event: minecraft:block.flowering_azalea.hit
[21Mar2025 15:26:14.845] [Render thread/WARN] [net.minecraft.client.sounds.SoundEngine/]: Missing sound for event: minecraft:block.flowering_azalea.place
[21Mar2025 15:26:14.845] [Render thread/WARN] [net.minecraft.client.sounds.SoundEngine/]: Missing sound for event: minecraft:block.flowering_azalea.step
[21Mar2025 15:26:14.845] [Render thread/WARN] [net.minecraft.client.sounds.SoundEngine/]: Missing sound for event: minecraft:entity.fox.aggro
[21Mar2025 15:26:14.845] [Render thread/WARN] [net.minecraft.client.sounds.SoundEngine/]: Missing sound for event: minecraft:entity.fox.ambient
[21Mar2025 15:26:14.845] [Render thread/WARN] [net.minecraft.client.sounds.SoundEngine/]: Missing sound for event: minecraft:entity.fox.bite
[21Mar2025 15:26:14.845] [Render thread/WARN] [net.minecraft.client.sounds.SoundEngine/]: Missing sound for event: minecraft:entity.fox.death
[21Mar2025 15:26:14.845] [Render thread/WARN] [net.minecraft.client.sounds.SoundEngine/]: Missing sound for event: minecraft:entity.fox.eat
[21Mar2025 15:26:14.845] [Render thread/WARN] [net.minecraft.client.sounds.SoundEngine/]: Missing sound for event: minecraft:entity.fox.hurt
[21Mar2025 15:26:14.845] [Render thread/WARN] [net.minecraft.client.sounds.SoundEngine/]: Missing sound for event: minecraft:entity.fox.screech
[21Mar2025 15:26:14.845] [Render thread/WARN] [net.minecraft.client.sounds.SoundEngine/]: Missing sound for event: minecraft:entity.fox.sleep
[21Mar2025 15:26:14.845] [Render thread/WARN] [net.minecraft.client.sounds.SoundEngine/]: Missing sound for event: minecraft:entity.fox.sniff
[21Mar2025 15:26:14.845] [Render thread/WARN] [net.minecraft.client.sounds.SoundEngine/]: Missing sound for event: minecraft:entity.fox.spit
[21Mar2025 15:26:14.845] [Render thread/WARN] [net.minecraft.client.sounds.SoundEngine/]: Missing sound for event: minecraft:entity.fox.teleport
[21Mar2025 15:26:14.845] [Render thread/WARN] [net.minecraft.client.sounds.SoundEngine/]: Missing sound for event: minecraft:block.suspicious_sand.break
[21Mar2025 15:26:14.845] [Render thread/WARN] [net.minecraft.client.sounds.SoundEngine/]: Missing sound for event: minecraft:block.suspicious_sand.step
[21Mar2025 15:26:14.845] [Render thread/WARN] [net.minecraft.client.sounds.SoundEngine/]: Missing sound for event: minecraft:block.suspicious_sand.place
[21Mar2025 15:26:14.845] [Render thread/WARN] [net.minecraft.client.sounds.SoundEngine/]: Missing sound for event: minecraft:block.suspicious_sand.hit
[21Mar2025 15:26:14.845] [Render thread/WARN] [net.minecraft.client.sounds.SoundEngine/]: Missing sound for event: minecraft:block.suspicious_sand.fall
[21Mar2025 15:26:14.845] [Render thread/WARN] [net.minecraft.client.sounds.SoundEngine/]: Missing sound for event: minecraft:block.suspicious_gravel.break
[21Mar2025 15:26:14.846] [Render thread/WARN] [net.minecraft.client.sounds.SoundEngine/]: Missing sound for event: minecraft:block.suspicious_gravel.step
[21Mar2025 15:26:14.846] [Render thread/WARN] [net.minecraft.client.sounds.SoundEngine/]: Missing sound for event: minecraft:block.suspicious_gravel.place
[21Mar2025 15:26:14.846] [Render thread/WARN] [net.minecraft.client.sounds.SoundEngine/]: Missing sound for event: minecraft:block.suspicious_gravel.hit
[21Mar2025 15:26:14.846] [Render thread/WARN] [net.minecraft.client.sounds.SoundEngine/]: Missing sound for event: minecraft:block.suspicious_gravel.fall
[21Mar2025 15:26:14.846] [Render thread/WARN] [net.minecraft.client.sounds.SoundEngine/]: Missing sound for event: minecraft:block.froglight.break
[21Mar2025 15:26:14.846] [Render thread/WARN] [net.minecraft.client.sounds.SoundEngine/]: Missing sound for event: minecraft:block.froglight.fall
[21Mar2025 15:26:14.846] [Render thread/WARN] [net.minecraft.client.sounds.SoundEngine/]: Missing sound for event: minecraft:block.froglight.hit
[21Mar2025 15:26:14.846] [Render thread/WARN] [net.minecraft.client.sounds.SoundEngine/]: Missing sound for event: minecraft:block.froglight.place
[21Mar2025 15:26:14.846] [Render thread/WARN] [net.minecraft.client.sounds.SoundEngine/]: Missing sound for event: minecraft:block.froglight.step
[21Mar2025 15:26:14.846] [Render thread/WARN] [net.minecraft.client.sounds.SoundEngine/]: Missing sound for event: minecraft:block.frogspawn.step
[21Mar2025 15:26:14.846] [Render thread/WARN] [net.minecraft.client.sounds.SoundEngine/]: Missing sound for event: minecraft:block.frogspawn.break
[21Mar2025 15:26:14.846] [Render thread/WARN] [net.minecraft.client.sounds.SoundEngine/]: Missing sound for event: minecraft:block.frogspawn.fall
[21Mar2025 15:26:14.846] [Render thread/WARN] [net.minecraft.client.sounds.SoundEngine/]: Missing sound for event: minecraft:block.frogspawn.hatch
[21Mar2025 15:26:14.846] [Render thread/WARN] [net.minecraft.client.sounds.SoundEngine/]: Missing sound for event: minecraft:block.frogspawn.hit
[21Mar2025 15:26:14.846] [Render thread/WARN] [net.minecraft.client.sounds.SoundEngine/]: Missing sound for event: minecraft:block.frogspawn.place
[21Mar2025 15:26:14.846] [Render thread/WARN] [net.minecraft.client.sounds.SoundEngine/]: Missing sound for event: minecraft:entity.frog.ambient
[21Mar2025 15:26:14.846] [Render thread/WARN] [net.minecraft.client.sounds.SoundEngine/]: Missing sound for event: minecraft:entity.frog.death
[21Mar2025 15:26:14.846] [Render thread/WARN] [net.minecraft.client.sounds.SoundEngine/]: Missing sound for event: minecraft:entity.frog.eat
[21Mar2025 15:26:14.846] [Render thread/WARN] [net.minecraft.client.sounds.SoundEngine/]: Missing sound for event: minecraft:entity.frog.hurt
[21Mar2025 15:26:14.846] [Render thread/WARN] [net.minecraft.client.sounds.SoundEngine/]: Missing sound for event: minecraft:entity.frog.lay_spawn
[21Mar2025 15:26:14.846] [Render thread/WARN] [net.minecraft.client.sounds.SoundEngine/]: Missing sound for event: minecraft:entity.frog.long_jump
[21Mar2025 15:26:14.846] [Render thread/WARN] [net.minecraft.client.sounds.SoundEngine/]: Missing sound for event: minecraft:entity.frog.step
[21Mar2025 15:26:14.846] [Render thread/WARN] [net.minecraft.client.sounds.SoundEngine/]: Missing sound for event: minecraft:entity.frog.tongue
[21Mar2025 15:26:14.846] [Render thread/WARN] [net.minecraft.client.sounds.SoundEngine/]: Missing sound for event: minecraft:block.roots.break
[21Mar2025 15:26:14.847] [Render thread/WARN] [net.minecraft.client.sounds.SoundEngine/]: Missing sound for event: minecraft:block.roots.step
[21Mar2025 15:26:14.847] [Render thread/WARN] [net.minecraft.client.sounds.SoundEngine/]: Missing sound for event: minecraft:block.roots.place
[21Mar2025 15:26:14.847] [Render thread/WARN] [net.minecraft.client.sounds.SoundEngine/]: Missing sound for event: minecraft:block.roots.hit
[21Mar2025 15:26:14.847] [Render thread/WARN] [net.minecraft.client.sounds.SoundEngine/]: Missing sound for event: minecraft:block.roots.fall
[21Mar2025 15:26:14.847] [Render thread/WARN] [net.minecraft.client.sounds.SoundEngine/]: Missing sound for event: minecraft:block.furnace.fire_crackle
[21Mar2025 15:26:14.847] [Render thread/WARN] [net.minecraft.client.sounds.SoundEngine/]: Missing sound for event: minecraft:entity.generic.big_fall
[21Mar2025 15:26:14.847] [Render thread/WARN] [net.minecraft.client.sounds.SoundEngine/]: Missing sound for event: minecraft:entity.generic.burn
[21Mar2025 15:26:14.847] [Render thread/WARN] [net.minecraft.client.sounds.SoundEngine/]: Missing sound for event: minecraft:entity.generic.death
[21Mar2025 15:26:14.847] [Render thread/WARN] [net.minecraft.client.sounds.SoundEngine/]: Missing sound for event: minecraft:entity.generic.drink
[21Mar2025 15:26:14.847] [Render thread/WARN] [net.minecraft.client.sounds.SoundEngine/]: Missing sound for event: minecraft:entity.generic.eat
[21Mar2025 15:26:14.847] [Render thread/WARN] [net.minecraft.client.sounds.SoundEngine/]: Missing sound for event: minecraft:entity.generic.explode
[21Mar2025 15:26:14.847] [Render thread/WARN] [net.minecraft.client.sounds.SoundEngine/]: Missing sound for event: minecraft:entity.generic.extinguish_fire
[21Mar2025 15:26:14.847] [Render thread/WARN] [net.minecraft.client.sounds.SoundEngine/]: Missing sound for event: minecraft:entity.generic.hurt
[21Mar2025 15:26:14.847] [Render thread/WARN] [net.minecraft.client.sounds.SoundEngine/]: Missing sound for event: minecraft:entity.generic.small_fall
[21Mar2025 15:26:14.847] [Render thread/WARN] [net.minecraft.client.sounds.SoundEngine/]: Missing sound for event: minecraft:entity.generic.splash
[21Mar2025 15:26:14.847] [Render thread/WARN] [net.minecraft.client.sounds.SoundEngine/]: Missing sound for event: minecraft:entity.generic.swim
[21Mar2025 15:26:14.847] [Render thread/WARN] [net.minecraft.client.sounds.SoundEngine/]: Missing sound for event: minecraft:entity.ghast.ambient
[21Mar2025 15:26:14.847] [Render thread/WARN] [net.minecraft.client.sounds.SoundEngine/]: Missing sound for event: minecraft:entity.ghast.death
[21Mar2025 15:26:14.847] [Render thread/WARN] [net.minecraft.client.sounds.SoundEngine/]: Missing sound for event: minecraft:entity.ghast.hurt
[21Mar2025 15:26:14.847] [Render thread/WARN] [net.minecraft.client.sounds.SoundEngine/]: Missing sound for event: minecraft:entity.ghast.scream
[21Mar2025 15:26:14.847] [Render thread/WARN] [net.minecraft.client.sounds.SoundEngine/]: Missing sound for event: minecraft:entity.ghast.shoot
[21Mar2025 15:26:14.847] [Render thread/WARN] [net.minecraft.client.sounds.SoundEngine/]: Missing sound for event: minecraft:entity.ghast.warn
[21Mar2025 15:26:14.847] [Render thread/WARN] [net.minecraft.client.sounds.SoundEngine/]: Missing sound for event: minecraft:block.gilded_blackstone.break
[21Mar2025 15:26:14.847] [Render thread/WARN] [net.minecraft.client.sounds.SoundEngine/]: Missing sound for event: minecraft:block.gilded_blackstone.fall
[21Mar2025 15:26:14.847] [Render thread/WARN] [net.minecraft.client.sounds.SoundEngine/]: Missing sound for event: minecraft:block.gilded_blackstone.hit
[21Mar2025 15:26:14.847] [Render thread/WARN] [net.minecraft.client.sounds.SoundEngine/]: Missing sound for event: minecraft:block.gilded_blackstone.place
[21Mar2025 15:26:14.848] [Render thread/WARN] [net.minecraft.client.sounds.SoundEngine/]: Missing sound for event: minecraft:block.gilded_blackstone.step
[21Mar2025 15:26:14.848] [Render thread/WARN] [net.minecraft.client.sounds.SoundEngine/]: Missing sound for event: minecraft:block.glass.break
[21Mar2025 15:26:14.848] [Render thread/WARN] [net.minecraft.client.sounds.SoundEngine/]: Missing sound for event: minecraft:block.glass.fall
[21Mar2025 15:26:14.848] [Render thread/WARN] [net.minecraft.client.sounds.SoundEngine/]: Missing sound for event: minecraft:block.glass.hit
[21Mar2025 15:26:14.848] [Render thread/WARN] [net.minecraft.client.sounds.SoundEngine/]: Missing sound for event: minecraft:block.glass.place
[21Mar2025 15:26:14.848] [Render thread/WARN] [net.minecraft.client.sounds.SoundEngine/]: Missing sound for event: minecraft:block.glass.step
[21Mar2025 15:26:14.848] [Render thread/WARN] [net.minecraft.client.sounds.SoundEngine/]: Missing sound for event: minecraft:item.glow_ink_sac.use
[21Mar2025 15:26:14.848] [Render thread/WARN] [net.minecraft.client.sounds.SoundEngine/]: Missing sound for event: minecraft:entity.glow_item_frame.add_item
[21Mar2025 15:26:14.848] [Render thread/WARN] [net.minecraft.client.sounds.SoundEngine/]: Missing sound for event: minecraft:entity.glow_item_frame.break
[21Mar2025 15:26:14.848] [Render thread/WARN] [net.minecraft.client.sounds.SoundEngine/]: Missing sound for event: minecraft:entity.glow_item_frame.place
[21Mar2025 15:26:14.848] [Render thread/WARN] [net.minecraft.client.sounds.SoundEngine/]: Missing sound for event: minecraft:entity.glow_item_frame.remove_item
[21Mar2025 15:26:14.848] [Render thread/WARN] [net.minecraft.client.sounds.SoundEngine/]: Missing sound for event: minecraft:entity.glow_item_frame.rotate_item
[21Mar2025 15:26:14.848] [Render thread/WARN] [net.minecraft.client.sounds.SoundEngine/]: Missing sound for event: minecraft:entity.glow_squid.ambient
[21Mar2025 15:26:14.848] [Render thread/WARN] [net.minecraft.client.sounds.SoundEngine/]: Missing sound for event: minecraft:entity.glow_squid.death
[21Mar2025 15:26:14.848] [Render thread/WARN] [net.minecraft.client.sounds.SoundEngine/]: Missing sound for event: minecraft:entity.glow_squid.hurt
[21Mar2025 15:26:14.848] [Render thread/WARN] [net.minecraft.client.sounds.SoundEngine/]: Missing sound for event: minecraft:entity.glow_squid.squirt
[21Mar2025 15:26:14.848] [Render thread/WARN] [net.minecraft.client.sounds.SoundEngine/]: Missing sound for event: minecraft:entity.goat.ambient
[21Mar2025 15:26:14.848] [Render thread/WARN] [net.minecraft.client.sounds.SoundEngine/]: Missing sound for event: minecraft:entity.goat.death
[21Mar2025 15:26:14.848] [Render thread/WARN] [net.minecraft.client.sounds.SoundEngine/]: Missing sound for event: minecraft:entity.goat.eat
[21Mar2025 15:26:14.848] [Render thread/WARN] [net.minecraft.client.sounds.SoundEngine/]: Missing sound for event: minecraft:entity.goat.hurt
[21Mar2025 15:26:14.848] [Render thread/WARN] [net.minecraft.client.sounds.SoundEngine/]: Missing sound for event: minecraft:entity.goat.long_jump
[21Mar2025 15:26:14.848] [Render thread/WARN] [net.minecraft.client.sounds.SoundEngine/]: Missing sound for event: minecraft:entity.goat.milk
[21Mar2025 15:26:14.848] [Render thread/WARN] [net.minecraft.client.sounds.SoundEngine/]: Missing sound for event: minecraft:entity.goat.prepare_ram
[21Mar2025 15:26:14.848] [Render thread/WARN] [net.minecraft.client.sounds.SoundEngine/]: Missing sound for event: minecraft:entity.goat.ram_impact
[21Mar2025 15:26:14.848] [Render thread/WARN] [net.minecraft.client.sounds.SoundEngine/]: Missing sound for event: minecraft:entity.goat.horn_break
[21Mar2025 15:26:14.848] [Render thread/WARN] [net.minecraft.client.sounds.SoundEngine/]: Missing sound for event: minecraft:item.goat_horn.play
[21Mar2025 15:26:14.849] [Render thread/WARN] [net.minecraft.client.sounds.SoundEngine/]: Missing sound for event: minecraft:entity.goat.screaming.ambient
[21Mar2025 15:26:14.849] [Render thread/WARN] [net.minecraft.client.sounds.SoundEngine/]: Missing sound for event: minecraft:entity.goat.screaming.death
[21Mar2025 15:26:14.849] [Render thread/WARN] [net.minecraft.client.sounds.SoundEngine/]: Missing sound for event: minecraft:entity.goat.screaming.eat
[21Mar2025 15:26:14.849] [Render thread/WARN] [net.minecraft.client.sounds.SoundEngine/]: Missing sound for event: minecraft:entity.goat.screaming.hurt
[21Mar2025 15:26:14.849] [Render thread/WARN] [net.minecraft.client.sounds.SoundEngine/]: Missing sound for event: minecraft:entity.goat.screaming.long_jump
[21Mar2025 15:26:14.849] [Render thread/WARN] [net.minecraft.client.sounds.SoundEngine/]: Missing sound for event: minecraft:entity.goat.screaming.milk
[21Mar2025 15:26:14.849] [Render thread/WARN] [net.minecraft.client.sounds.SoundEngine/]: Missing sound for event: minecraft:entity.goat.screaming.prepare_ram
[21Mar2025 15:26:14.849] [Render thread/WARN] [net.minecraft.client.sounds.SoundEngine/]: Missing sound for event: minecraft:entity.goat.screaming.ram_impact
[21Mar2025 15:26:14.849] [Render thread/WARN] [net.minecraft.client.sounds.SoundEngine/]: Missing sound for event: minecraft:entity.goat.screaming.horn_break
[21Mar2025 15:26:14.849] [Render thread/WARN] [net.minecraft.client.sounds.SoundEngine/]: Missing sound for event: minecraft:entity.goat.step
[21Mar2025 15:26:14.849] [Render thread/WARN] [net.minecraft.client.sounds.SoundEngine/]: Missing sound for event: minecraft:block.grass.break
[21Mar2025 15:26:14.849] [Render thread/WARN] [net.minecraft.client.sounds.SoundEngine/]: Missing sound for event: minecraft:block.grass.fall
[21Mar2025 15:26:14.849] [Render thread/WARN] [net.minecraft.client.sounds.SoundEngine/]: Missing sound for event: minecraft:block.grass.hit
[21Mar2025 15:26:14.849] [Render thread/WARN] [net.minecraft.client.sounds.SoundEngine/]: Missing sound for event: minecraft:block.grass.place
[21Mar2025 15:26:14.849] [Render thread/WARN] [net.minecraft.client.sounds.SoundEngine/]: Missing sound for event: minecraft:block.grass.step
[21Mar2025 15:26:14.849] [Render thread/WARN] [net.minecraft.client.sounds.SoundEngine/]: Missing sound for event: minecraft:block.gravel.break
[21Mar2025 15:26:14.849] [Render thread/WARN] [net.minecraft.client.sounds.SoundEngine/]: Missing sound for event: minecraft:block.gravel.fall
[21Mar2025 15:26:14.849] [Render thread/WARN] [net.minecraft.client.sounds.SoundEngine/]: Missing sound for event: minecraft:block.gravel.hit
[21Mar2025 15:26:14.849] [Render thread/WARN] [net.minecraft.client.sounds.SoundEngine/]: Missing sound for event: minecraft:block.gravel.place
[21Mar2025 15:26:14.849] [Render thread/WARN] [net.minecraft.client.sounds.SoundEngine/]: Missing sound for event: minecraft:block.gravel.step
[21Mar2025 15:26:14.849] [Render thread/WARN] [net.minecraft.client.sounds.SoundEngine/]: Missing sound for event: minecraft:block.grindstone.use
[21Mar2025 15:26:14.849] [Render thread/WARN] [net.minecraft.client.sounds.SoundEngine/]: Missing sound for event: minecraft:block.growing_plant.crop
[21Mar2025 15:26:14.849] [Render thread/WARN] [net.minecraft.client.sounds.SoundEngine/]: Missing sound for event: minecraft:entity.guardian.ambient
[21Mar2025 15:26:14.849] [Render thread/WARN] [net.minecraft.client.sounds.SoundEngine/]: Missing sound for event: minecraft:entity.guardian.ambient_land
[21Mar2025 15:26:14.849] [Render thread/WARN] [net.minecraft.client.sounds.SoundEngine/]: Missing sound for event: minecraft:entity.guardian.attack
[21Mar2025 15:26:14.849] [Render thread/WARN] [net.minecraft.client.sounds.SoundEngine/]: Missing sound for event: minecraft:entity.guardian.death
[21Mar2025 15:26:14.850] [Render thread/WARN] [net.minecraft.client.sounds.SoundEngine/]: Missing sound for event: minecraft:entity.guardian.death_land
[21Mar2025 15:26:14.850] [Render thread/WARN] [net.minecraft.client.sounds.SoundEngine/]: Missing sound for event: minecraft:entity.guardian.flop
[21Mar2025 15:26:14.850] [Render thread/WARN] [net.minecraft.client.sounds.SoundEngine/]: Missing sound for event: minecraft:entity.guardian.hurt
[21Mar2025 15:26:14.850] [Render thread/WARN] [net.minecraft.client.sounds.SoundEngine/]: Missing sound for event: minecraft:entity.guardian.hurt_land
[21Mar2025 15:26:14.850] [Render thread/WARN] [net.minecraft.client.sounds.SoundEngine/]: Missing sound for event: minecraft:block.hanging_roots.break
[21Mar2025 15:26:14.850] [Render thread/WARN] [net.minecraft.client.sounds.SoundEngine/]: Missing sound for event: minecraft:block.hanging_roots.fall
[21Mar2025 15:26:14.850] [Render thread/WARN] [net.minecraft.client.sounds.SoundEngine/]: Missing sound for event: minecraft:block.hanging_roots.hit
[21Mar2025 15:26:14.850] [Render thread/WARN] [net.minecraft.client.sounds.SoundEngine/]: Missing sound for event: minecraft:block.hanging_roots.place
[21Mar2025 15:26:14.850] [Render thread/WARN] [net.minecraft.client.sounds.SoundEngine/]: Missing sound for event: minecraft:block.hanging_roots.step
[21Mar2025 15:26:14.850] [Render thread/WARN] [net.minecraft.client.sounds.SoundEngine/]: Missing sound for event: minecraft:block.hanging_sign.step
[21Mar2025 15:26:14.850] [Render thread/WARN] [net.minecraft.client.sounds.SoundEngine/]: Missing sound for event: minecraft:block.hanging_sign.break
[21Mar2025 15:26:14.850] [Render thread/WARN] [net.minecraft.client.sounds.SoundEngine/]: Missing sound for event: minecraft:block.hanging_sign.fall
[21Mar2025 15:26:14.850] [Render thread/WARN] [net.minecraft.client.sounds.SoundEngine/]: Missing sound for event: minecraft:block.hanging_sign.hit
[21Mar2025 15:26:14.850] [Render thread/WARN] [net.minecraft.client.sounds.SoundEngine/]: Missing sound for event: minecraft:block.hanging_sign.place
[21Mar2025 15:26:14.850] [Render thread/WARN] [net.minecraft.client.sounds.SoundEngine/]: Missing sound for event: minecraft:block.heavy_core.break
[21Mar2025 15:26:14.850] [Render thread/WARN] [net.minecraft.client.sounds.SoundEngine/]: Missing sound for event: minecraft:block.heavy_core.fall
[21Mar2025 15:26:14.850] [Render thread/WARN] [net.minecraft.client.sounds.SoundEngine/]: Missing sound for event: minecraft:block.heavy_core.hit
[21Mar2025 15:26:14.850] [Render thread/WARN] [net.minecraft.client.sounds.SoundEngine/]: Missing sound for event: minecraft:block.heavy_core.place
[21Mar2025 15:26:14.850] [Render thread/WARN] [net.minecraft.client.sounds.SoundEngine/]: Missing sound for event: minecraft:block.heavy_core.step
[21Mar2025 15:26:14.850] [Render thread/WARN] [net.minecraft.client.sounds.SoundEngine/]: Missing sound for event: minecraft:block.nether_wood_hanging_sign.step
[21Mar2025 15:26:14.850] [Render thread/WARN] [net.minecraft.client.sounds.SoundEngine/]: Missing sound for event: minecraft:block.nether_wood_hanging_sign.break
[21Mar2025 15:26:14.850] [Render thread/WARN] [net.minecraft.client.sounds.SoundEngine/]: Missing sound for event: minecraft:block.nether_wood_hanging_sign.fall
[21Mar2025 15:26:14.850] [Render thread/WARN] [net.minecraft.client.sounds.SoundEngine/]: Missing sound for event: minecraft:block.nether_wood_hanging_sign.hit
[21Mar2025 15:26:14.851] [Render thread/WARN] [net.minecraft.client.sounds.SoundEngine/]: Missing sound for event: minecraft:block.nether_wood_hanging_sign.place
[21Mar2025 15:26:14.851] [Render thread/WARN] [net.minecraft.client.sounds.SoundEngine/]: Missing sound for event: minecraft:block.bamboo_wood_hanging_sign.step
[21Mar2025 15:26:14.851] [Render thread/WARN] [net.minecraft.client.sounds.SoundEngine/]: Missing sound for event: minecraft:block.bamboo_wood_hanging_sign.break
[21Mar2025 15:26:14.851] [Render thread/WARN] [net.minecraft.client.sounds.SoundEngine/]: Missing sound for event: minecraft:block.bamboo_wood_hanging_sign.fall
[21Mar2025 15:26:14.851] [Render thread/WARN] [net.minecraft.client.sounds.SoundEngine/]: Missing sound for event: minecraft:block.bamboo_wood_hanging_sign.hit
[21Mar2025 15:26:14.851] [Render thread/WARN] [net.minecraft.client.sounds.SoundEngine/]: Missing sound for event: minecraft:block.bamboo_wood_hanging_sign.place
[21Mar2025 15:26:14.851] [Render thread/WARN] [net.minecraft.client.sounds.SoundEngine/]: Missing sound for event: minecraft:block.trial_spawner.break
[21Mar2025 15:26:14.851] [Render thread/WARN] [net.minecraft.client.sounds.SoundEngine/]: Missing sound for event: minecraft:block.trial_spawner.step
[21Mar2025 15:26:14.851] [Render thread/WARN] [net.minecraft.client.sounds.SoundEngine/]: Missing sound for event: minecraft:block.trial_spawner.place
[21Mar2025 15:26:14.851] [Render thread/WARN] [net.minecraft.client.sounds.SoundEngine/]: Missing sound for event: minecraft:block.trial_spawner.hit
[21Mar2025 15:26:14.851] [Render thread/WARN] [net.minecraft.client.sounds.SoundEngine/]: Missing sound for event: minecraft:block.trial_spawner.fall
[21Mar2025 15:26:14.851] [Render thread/WARN] [net.minecraft.client.sounds.SoundEngine/]: Missing sound for event: minecraft:block.trial_spawner.spawn_mob
[21Mar2025 15:26:14.851] [Render thread/WARN] [net.minecraft.client.sounds.SoundEngine/]: Missing sound for event: minecraft:block.trial_spawner.about_to_spawn_item
[21Mar2025 15:26:14.851] [Render thread/WARN] [net.minecraft.client.sounds.SoundEngine/]: Missing sound for event: minecraft:block.trial_spawner.spawn_item
[21Mar2025 15:26:14.851] [Render thread/WARN] [net.minecraft.client.sounds.SoundEngine/]: Missing sound for event: minecraft:block.trial_spawner.spawn_item_begin
[21Mar2025 15:26:14.851] [Render thread/WARN] [net.minecraft.client.sounds.SoundEngine/]: Missing sound for event: minecraft:block.trial_spawner.detect_player
[21Mar2025 15:26:14.851] [Render thread/WARN] [net.minecraft.client.sounds.SoundEngine/]: Missing sound for event: minecraft:block.trial_spawner.ominous_activate
[21Mar2025 15:26:14.851] [Render thread/WARN] [net.minecraft.client.sounds.SoundEngine/]: Missing sound for event: minecraft:block.trial_spawner.ambient
[21Mar2025 15:26:14.851] [Render thread/WARN] [net.minecraft.client.sounds.SoundEngine/]: Missing sound for event: minecraft:block.trial_spawner.ambient_ominous
[21Mar2025 15:26:14.852] [Render thread/WARN] [net.minecraft.client.sounds.SoundEngine/]: Missing sound for event: minecraft:block.trial_spawner.open_shutter
[21Mar2025 15:26:14.852] [Render thread/WARN] [net.minecraft.client.sounds.SoundEngine/]: Missing sound for event: minecraft:block.trial_spawner.close_shutter
[21Mar2025 15:26:14.852] [Render thread/WARN] [net.minecraft.client.sounds.SoundEngine/]: Missing sound for event: minecraft:block.trial_spawner.eject_item
[21Mar2025 15:26:14.852] [Render thread/WARN] [net.minecraft.client.sounds.SoundEngine/]: Missing sound for event: minecraft:item.hoe.till
[21Mar2025 15:26:14.852] [Render thread/WARN] [net.minecraft.client.sounds.SoundEngine/]: Missing sound for event: minecraft:entity.hoglin.ambient
[21Mar2025 15:26:14.852] [Render thread/WARN] [net.minecraft.client.sounds.SoundEngine/]: Missing sound for event: minecraft:entity.hoglin.angry
[21Mar2025 15:26:14.852] [Render thread/WARN] [net.minecraft.client.sounds.SoundEngine/]: Missing sound for event: minecraft:entity.hoglin.attack
[21Mar2025 15:26:14.852] [Render thread/WARN] [net.minecraft.client.sounds.SoundEngine/]: Missing sound for event: minecraft:entity.hoglin.converted_to_zombified
[21Mar2025 15:26:14.852] [Render thread/WARN] [net.minecraft.client.sounds.SoundEngine/]: Missing sound for event: minecraft:entity.hoglin.death
[21Mar2025 15:26:14.852] [Render thread/WARN] [net.minecraft.client.sounds.SoundEngine/]: Missing sound for event: minecraft:entity.hoglin.hurt
[21Mar2025 15:26:14.852] [Render thread/WARN] [net.minecraft.client.sounds.SoundEngine/]: Missing sound for event: minecraft:entity.hoglin.retreat
[21Mar2025 15:26:14.852] [Render thread/WARN] [net.minecraft.client.sounds.SoundEngine/]: Missing sound for event: minecraft:entity.hoglin.step
[21Mar2025 15:26:14.852] [Render thread/WARN] [net.minecraft.client.sounds.SoundEngine/]: Missing sound for event: minecraft:block.honey_block.break
[21Mar2025 15:26:14.852] [Render thread/WARN] [net.minecraft.client.sounds.SoundEngine/]: Missing sound for event: minecraft:block.honey_block.fall
[21Mar2025 15:26:14.852] [Render thread/WARN] [net.minecraft.client.sounds.SoundEngine/]: Missing sound for event: minecraft:block.honey_block.hit
[21Mar2025 15:26:14.852] [Render thread/WARN] [net.minecraft.client.sounds.SoundEngine/]: Missing sound for event: minecraft:block.honey_block.place
[21Mar2025 15:26:14.852] [Render thread/WARN] [net.minecraft.client.sounds.SoundEngine/]: Missing sound for event: minecraft:block.honey_block.slide
[21Mar2025 15:26:14.852] [Render thread/WARN] [net.minecraft.client.sounds.SoundEngine/]: Missing sound for event: minecraft:block.honey_block.step
[21Mar2025 15:26:14.852] [Render thread/WARN] [net.minecraft.client.sounds.SoundEngine/]: Missing sound for event: minecraft:item.honeycomb.wax_on
[21Mar2025 15:26:14.852] [Render thread/WARN] [net.minecraft.client.sounds.SoundEngine/]: Missing sound for event: minecraft:item.honey_bottle.drink
[21Mar2025 15:26:14.853] [Render thread/WARN] [net.minecraft.client.sounds.SoundEngine/]: Missing sound for event: minecraft:item.goat_horn.sound.0
[21Mar2025 15:26:14.853] [Render thread/WARN] [net.minecraft.client.sounds.SoundEngine/]: Missing sound for event: minecraft:item.goat_horn.sound.1
[21Mar2025 15:26:14.853] [Render thread/WARN] [net.minecraft.client.sounds.SoundEngine/]: Missing sound for event: minecraft:item.goat_horn.sound.2
[21Mar2025 15:26:14.853] [Render thread/WARN] [net.minecraft.client.sounds.SoundEngine/]: Missing sound for event: minecraft:item.goat_horn.sound.3
[21Mar2025 15:26:14.853] [Render thread/WARN] [net.minecraft.client.sounds.SoundEngine/]: Missing sound for event: minecraft:item.goat_horn.sound.4
[21Mar2025 15:26:14.853] [Render thread/WARN] [net.minecraft.client.sounds.SoundEngine/]: Missing sound for event: minecraft:item.goat_horn.sound.5
[21Mar2025 15:26:14.853] [Render thread/WARN] [net.minecraft.client.sounds.SoundEngine/]: Missing sound for event: minecraft:item.goat_horn.sound.6
[21Mar2025 15:26:14.853] [Render thread/WARN] [net.minecraft.client.sounds.SoundEngine/]: Missing sound for event: minecraft:item.goat_horn.sound.7
[21Mar2025 15:26:14.853] [Render thread/WARN] [net.minecraft.client.sounds.SoundEngine/]: Missing sound for event: minecraft:entity.horse.ambient
[21Mar2025 15:26:14.853] [Render thread/WARN] [net.minecraft.client.sounds.SoundEngine/]: Missing sound for event: minecraft:entity.horse.angry
[21Mar2025 15:26:14.853] [Render thread/WARN] [net.minecraft.client.sounds.SoundEngine/]: Missing sound for event: minecraft:entity.horse.armor
[21Mar2025 15:26:14.853] [Render thread/WARN] [net.minecraft.client.sounds.SoundEngine/]: Missing sound for event: minecraft:entity.horse.breathe
[21Mar2025 15:26:14.853] [Render thread/WARN] [net.minecraft.client.sounds.SoundEngine/]: Missing sound for event: minecraft:entity.horse.death
[21Mar2025 15:26:14.853] [Render thread/WARN] [net.minecraft.client.sounds.SoundEngine/]: Missing sound for event: minecraft:entity.horse.eat
[21Mar2025 15:26:14.853] [Render thread/WARN] [net.minecraft.client.sounds.SoundEngine/]: Missing sound for event: minecraft:entity.horse.gallop
[21Mar2025 15:26:14.853] [Render thread/WARN] [net.minecraft.client.sounds.SoundEngine/]: Missing sound for event: minecraft:entity.horse.hurt
[21Mar2025 15:26:14.853] [Render thread/WARN] [net.minecraft.client.sounds.SoundEngine/]: Missing sound for event: minecraft:entity.horse.jump
[21Mar2025 15:26:14.853] [Render thread/WARN] [net.minecraft.client.sounds.SoundEngine/]: Missing sound for event: minecraft:entity.horse.land
[21Mar2025 15:26:14.853] [Render thread/WARN] [net.minecraft.client.sounds.SoundEngine/]: Missing sound for event: minecraft:entity.horse.saddle
[21Mar2025 15:26:14.853] [Render thread/WARN] [net.minecraft.client.sounds.SoundEngine/]: Missing sound for event: minecraft:entity.horse.step
[21Mar2025 15:26:14.853] [Render thread/WARN] [net.minecraft.client.sounds.SoundEngine/]: Missing sound for event: minecraft:entity.horse.step_wood
[21Mar2025 15:26:14.853] [Render thread/WARN] [net.minecraft.client.sounds.SoundEngine/]: Missing sound for event: minecraft:entity.hostile.big_fall
[21Mar2025 15:26:14.854] [Render thread/WARN] [net.minecraft.client.sounds.SoundEngine/]: Missing sound for event: minecraft:entity.hostile.death
[21Mar2025 15:26:14.854] [Render thread/WARN] [net.minecraft.client.sounds.SoundEngine/]: Missing sound for event: minecraft:entity.hostile.hurt
[21Mar2025 15:26:14.854] [Render thread/WARN] [net.minecraft.client.sounds.SoundEngine/]: Missing sound for event: minecraft:entity.hostile.small_fall
[21Mar2025 15:26:14.854] [Render thread/WARN] [net.minecraft.client.sounds.SoundEngine/]: Missing sound for event: minecraft:entity.hostile.splash
[21Mar2025 15:26:14.854] [Render thread/WARN] [net.minecraft.client.sounds.SoundEngine/]: Missing sound for event: minecraft:entity.hostile.swim
[21Mar2025 15:26:14.855] [Render thread/WARN] [net.minecraft.client.sounds.SoundEngine/]: Missing sound for event: minecraft:entity.husk.ambient
[21Mar2025 15:26:14.855] [Render thread/WARN] [net.minecraft.client.sounds.SoundEngine/]: Missing sound for event: minecraft:entity.husk.converted_to_zombie
[21Mar2025 15:26:14.855] [Render thread/WARN] [net.minecraft.client.sounds.SoundEngine/]: Missing sound for event: minecraft:entity.husk.death
[21Mar2025 15:26:14.855] [Render thread/WARN] [net.minecraft.client.sounds.SoundEngine/]: Missing sound for event: minecraft:entity.husk.hurt
[21Mar2025 15:26:14.855] [Render thread/WARN] [net.minecraft.client.sounds.SoundEngine/]: Missing sound for event: minecraft:entity.husk.step
[21Mar2025 15:26:14.855] [Render thread/WARN] [net.minecraft.client.sounds.SoundEngine/]: Missing sound for event: minecraft:entity.illusioner.ambient
[21Mar2025 15:26:14.855] [Render thread/WARN] [net.minecraft.client.sounds.SoundEngine/]: Missing sound for event: minecraft:entity.illusioner.cast_spell
[21Mar2025 15:26:14.855] [Render thread/WARN] [net.minecraft.client.sounds.SoundEngine/]: Missing sound for event: minecraft:entity.illusioner.death
[21Mar2025 15:26:14.855] [Render thread/WARN] [net.minecraft.client.sounds.SoundEngine/]: Missing sound for event: minecraft:entity.illusioner.hurt
[21Mar2025 15:26:14.855] [Render thread/WARN] [net.minecraft.client.sounds.SoundEngine/]: Missing sound for event: minecraft:entity.illusioner.mirror_move
[21Mar2025 15:26:14.855] [Render thread/WARN] [net.minecraft.client.sounds.SoundEngine/]: Missing sound for event: minecraft:entity.illusioner.prepare_blindness
[21Mar2025 15:26:14.855] [Render thread/WARN] [net.minecraft.client.sounds.SoundEngine/]: Missing sound for event: minecraft:entity.illusioner.prepare_mirror
[21Mar2025 15:26:14.855] [Render thread/WARN] [net.minecraft.client.sounds.SoundEngine/]: Missing sound for event: minecraft:item.ink_sac.use
[21Mar2025 15:26:14.855] [Render thread/WARN] [net.minecraft.client.sounds.SoundEngine/]: Missing sound for event: minecraft:block.iron_door.close
[21Mar2025 15:26:14.855] [Render thread/WARN] [net.minecraft.client.sounds.SoundEngine/]: Missing sound for event: minecraft:block.iron_door.open
[21Mar2025 15:26:14.855] [Render thread/WARN] [net.minecraft.client.sounds.SoundEngine/]: Missing sound for event: minecraft:entity.iron_golem.attack
[21Mar2025 15:26:14.855] [Render thread/WARN] [net.minecraft.client.sounds.SoundEngine/]: Missing sound for event: minecraft:entity.iron_golem.damage
[21Mar2025 15:26:14.855] [Render thread/WARN] [net.minecraft.client.sounds.SoundEngine/]: Missing sound for event: minecraft:entity.iron_golem.death
[21Mar2025 15:26:14.855] [Render thread/WARN] [net.minecraft.client.sounds.SoundEngine/]: Missing sound for event: minecraft:entity.iron_golem.hurt
[21Mar2025 15:26:14.855] [Render thread/WARN] [net.minecraft.client.sounds.SoundEngine/]: Missing sound for event: minecraft:entity.iron_golem.repair
[21Mar2025 15:26:14.855] [Render thread/WARN] [net.minecraft.client.sounds.SoundEngine/]: Missing sound for event: minecraft:entity.iron_golem.step
[21Mar2025 15:26:14.855] [Render thread/WARN] [net.minecraft.client.sounds.SoundEngine/]: Missing sound for event: minecraft:block.iron_trapdoor.close
[21Mar2025 15:26:14.856] [Render thread/WARN] [net.minecraft.client.sounds.SoundEngine/]: Missing sound for event: minecraft:block.iron_trapdoor.open
[21Mar2025 15:26:14.856] [Render thread/WARN] [net.minecraft.client.sounds.SoundEngine/]: Missing sound for event: minecraft:entity.item_frame.add_item
[21Mar2025 15:26:14.856] [Render thread/WARN] [net.minecraft.client.sounds.SoundEngine/]: Missing sound for event: minecraft:entity.item_frame.break
[21Mar2025 15:26:14.856] [Render thread/WARN] [net.minecraft.client.sounds.SoundEngine/]: Missing sound for event: minecraft:entity.item_frame.place
[21Mar2025 15:26:14.856] [Render thread/WARN] [net.minecraft.client.sounds.SoundEngine/]: Missing sound for event: minecraft:entity.item_frame.remove_item
[21Mar2025 15:26:14.856] [Render thread/WARN] [net.minecraft.client.sounds.SoundEngine/]: Missing sound for event: minecraft:entity.item_frame.rotate_item
[21Mar2025 15:26:14.856] [Render thread/WARN] [net.minecraft.client.sounds.SoundEngine/]: Missing sound for event: minecraft:entity.item.break
[21Mar2025 15:26:14.856] [Render thread/WARN] [net.minecraft.client.sounds.SoundEngine/]: Missing sound for event: minecraft:entity.item.pickup
[21Mar2025 15:26:14.856] [Render thread/WARN] [net.minecraft.client.sounds.SoundEngine/]: Missing sound for event: minecraft:block.ladder.break
[21Mar2025 15:26:14.856] [Render thread/WARN] [net.minecraft.client.sounds.SoundEngine/]: Missing sound for event: minecraft:block.ladder.fall
[21Mar2025 15:26:14.856] [Render thread/WARN] [net.minecraft.client.sounds.SoundEngine/]: Missing sound for event: minecraft:block.ladder.hit
[21Mar2025 15:26:14.856] [Render thread/WARN] [net.minecraft.client.sounds.SoundEngine/]: Missing sound for event: minecraft:block.ladder.place
[21Mar2025 15:26:14.856] [Render thread/WARN] [net.minecraft.client.sounds.SoundEngine/]: Missing sound for event: minecraft:block.ladder.step
[21Mar2025 15:26:14.856] [Render thread/WARN] [net.minecraft.client.sounds.SoundEngine/]: Missing sound for event: minecraft:block.lantern.break
[21Mar2025 15:26:14.856] [Render thread/WARN] [net.minecraft.client.sounds.SoundEngine/]: Missing sound for event: minecraft:block.lantern.fall
[21Mar2025 15:26:14.856] [Render thread/WARN] [net.minecraft.client.sounds.SoundEngine/]: Missing sound for event: minecraft:block.lantern.hit
[21Mar2025 15:26:14.856] [Render thread/WARN] [net.minecraft.client.sounds.SoundEngine/]: Missing sound for event: minecraft:block.lantern.place
[21Mar2025 15:26:14.856] [Render thread/WARN] [net.minecraft.client.sounds.SoundEngine/]: Missing sound for event: minecraft:block.lantern.step
[21Mar2025 15:26:14.857] [Render thread/WARN] [net.minecraft.client.sounds.SoundEngine/]: Missing sound for event: minecraft:block.large_amethyst_bud.break
[21Mar2025 15:26:14.857] [Render thread/WARN] [net.minecraft.client.sounds.SoundEngine/]: Missing sound for event: minecraft:block.large_amethyst_bud.place
[21Mar2025 15:26:14.857] [Render thread/WARN] [net.minecraft.client.sounds.SoundEngine/]: Missing sound for event: minecraft:block.lava.ambient
[21Mar2025 15:26:14.857] [Render thread/WARN] [net.minecraft.client.sounds.SoundEngine/]: Missing sound for event: minecraft:block.lava.extinguish
[21Mar2025 15:26:14.857] [Render thread/WARN] [net.minecraft.client.sounds.SoundEngine/]: Missing sound for event: minecraft:block.lava.pop
[21Mar2025 15:26:14.857] [Render thread/WARN] [net.minecraft.client.sounds.SoundEngine/]: Missing sound for event: minecraft:entity.leash_knot.break
[21Mar2025 15:26:14.857] [Render thread/WARN] [net.minecraft.client.sounds.SoundEngine/]: Missing sound for event: minecraft:entity.leash_knot.place
[21Mar2025 15:26:14.857] [Render thread/WARN] [net.minecraft.client.sounds.SoundEngine/]: Missing sound for event: minecraft:block.lever.click
[21Mar2025 15:26:14.857] [Render thread/WARN] [net.minecraft.client.sounds.SoundEngine/]: Missing sound for event: minecraft:entity.lightning_bolt.impact
[21Mar2025 15:26:14.857] [Render thread/WARN] [net.minecraft.client.sounds.SoundEngine/]: Missing sound for event: minecraft:entity.lightning_bolt.thunder
[21Mar2025 15:26:14.857] [Render thread/WARN] [net.minecraft.client.sounds.SoundEngine/]: Missing sound for event: minecraft:entity.lingering_potion.throw
[21Mar2025 15:26:14.857] [Render thread/WARN] [net.minecraft.client.sounds.SoundEngine/]: Missing sound for event: minecraft:entity.llama.ambient
[21Mar2025 15:26:14.857] [Render thread/WARN] [net.minecraft.client.sounds.SoundEngine/]: Missing sound for event: minecraft:entity.llama.angry
[21Mar2025 15:26:14.857] [Render thread/WARN] [net.minecraft.client.sounds.SoundEngine/]: Missing sound for event: minecraft:entity.llama.chest
[21Mar2025 15:26:14.857] [Render thread/WARN] [net.minecraft.client.sounds.SoundEngine/]: Missing sound for event: minecraft:entity.llama.death
[21Mar2025 15:26:14.857] [Render thread/WARN] [net.minecraft.client.sounds.SoundEngine/]: Missing sound for event: minecraft:entity.llama.eat
[21Mar2025 15:26:14.857] [Render thread/WARN] [net.minecraft.client.sounds.SoundEngine/]: Missing sound for event: minecraft:entity.llama.hurt
[21Mar2025 15:26:14.857] [Render thread/WARN] [net.minecraft.client.sounds.SoundEngine/]: Missing sound for event: minecraft:entity.llama.spit
[21Mar2025 15:26:14.857] [Render thread/WARN] [net.minecraft.client.sounds.SoundEngine/]: Missing sound for event: minecraft:entity.llama.step
[21Mar2025 15:26:14.858] [Render thread/WARN] [net.minecraft.client.sounds.SoundEngine/]: Missing sound for event: minecraft:entity.llama.swag
[21Mar2025 15:26:14.858] [Render thread/WARN] [net.minecraft.client.sounds.SoundEngine/]: Missing sound for event: minecraft:entity.magma_cube.death_small
[21Mar2025 15:26:14.858] [Render thread/WARN] [net.minecraft.client.sounds.SoundEngine/]: Missing sound for event: minecraft:block.lodestone.break
[21Mar2025 15:26:14.858] [Render thread/WARN] [net.minecraft.client.sounds.SoundEngine/]: Missing sound for event: minecraft:block.lodestone.step
[21Mar2025 15:26:14.858] [Render thread/WARN] [net.minecraft.client.sounds.SoundEngine/]: Missing sound for event: minecraft:block.lodestone.place
[21Mar2025 15:26:14.858] [Render thread/WARN] [net.minecraft.client.sounds.SoundEngine/]: Missing sound for event: minecraft:block.lodestone.hit
[21Mar2025 15:26:14.858] [Render thread/WARN] [net.minecraft.client.sounds.SoundEngine/]: Missing sound for event: minecraft:block.lodestone.fall
[21Mar2025 15:26:14.858] [Render thread/WARN] [net.minecraft.client.sounds.SoundEngine/]: Missing sound for event: minecraft:item.lodestone_compass.lock
[21Mar2025 15:26:14.858] [Render thread/WARN] [net.minecraft.client.sounds.SoundEngine/]: Missing sound for event: minecraft:item.mace.smash_air
[21Mar2025 15:26:14.858] [Render thread/WARN] [net.minecraft.client.sounds.SoundEngine/]: Missing sound for event: minecraft:item.mace.smash_ground
[21Mar2025 15:26:14.858] [Render thread/WARN] [net.minecraft.client.sounds.SoundEngine/]: Missing sound for event: minecraft:item.mace.smash_ground_heavy
[21Mar2025 15:26:14.858] [Render thread/WARN] [net.minecraft.client.sounds.SoundEngine/]: Missing sound for event: minecraft:entity.magma_cube.death
[21Mar2025 15:26:14.858] [Render thread/WARN] [net.minecraft.client.sounds.SoundEngine/]: Missing sound for event: minecraft:entity.magma_cube.hurt
[21Mar2025 15:26:14.858] [Render thread/WARN] [net.minecraft.client.sounds.SoundEngine/]: Missing sound for event: minecraft:entity.magma_cube.hurt_small
[21Mar2025 15:26:14.858] [Render thread/WARN] [net.minecraft.client.sounds.SoundEngine/]: Missing sound for event: minecraft:entity.magma_cube.jump
[21Mar2025 15:26:14.858] [Render thread/WARN] [net.minecraft.client.sounds.SoundEngine/]: Missing sound for event: minecraft:entity.magma_cube.squish
[21Mar2025 15:26:14.858] [Render thread/WARN] [net.minecraft.client.sounds.SoundEngine/]: Missing sound for event: minecraft:entity.magma_cube.squish_small
[21Mar2025 15:26:14.858] [Render thread/WARN] [net.minecraft.client.sounds.SoundEngine/]: Missing sound for event: minecraft:block.mangrove_roots.break
[21Mar2025 15:26:14.858] [Render thread/WARN] [net.minecraft.client.sounds.SoundEngine/]: Missing sound for event: minecraft:block.mangrove_roots.fall
[21Mar2025 15:26:14.858] [Render thread/WARN] [net.minecraft.client.sounds.SoundEngine/]: Missing sound for event: minecraft:block.mangrove_roots.hit
[21Mar2025 15:26:14.859] [Render thread/WARN] [net.minecraft.client.sounds.SoundEngine/]: Missing sound for event: minecraft:block.mangrove_roots.place
[21Mar2025 15:26:14.859] [Render thread/WARN] [net.minecraft.client.sounds.SoundEngine/]: Missing sound for event: minecraft:block.mangrove_roots.step
[21Mar2025 15:26:14.859] [Render thread/WARN] [net.minecraft.client.sounds.SoundEngine/]: Missing sound for event: minecraft:block.medium_amethyst_bud.break
[21Mar2025 15:26:14.859] [Render thread/WARN] [net.minecraft.client.sounds.SoundEngine/]: Missing sound for event: minecraft:block.medium_amethyst_bud.place
[21Mar2025 15:26:14.859] [Render thread/WARN] [net.minecraft.client.sounds.SoundEngine/]: Missing sound for event: minecraft:block.metal.break
[21Mar2025 15:26:14.859] [Render thread/WARN] [net.minecraft.client.sounds.SoundEngine/]: Missing sound for event: minecraft:block.metal.fall
[21Mar2025 15:26:14.859] [Render thread/WARN] [net.minecraft.client.sounds.SoundEngine/]: Missing sound for event: minecraft:block.metal.hit
[21Mar2025 15:26:14.859] [Render thread/WARN] [net.minecraft.client.sounds.SoundEngine/]: Missing sound for event: minecraft:block.metal.place
[21Mar2025 15:26:14.859] [Render thread/WARN] [net.minecraft.client.sounds.SoundEngine/]: Missing sound for event: minecraft:block.metal_pressure_plate.click_off
[21Mar2025 15:26:14.859] [Render thread/WARN] [net.minecraft.client.sounds.SoundEngine/]: Missing sound for event: minecraft:block.metal_pressure_plate.click_on
[21Mar2025 15:26:14.859] [Render thread/WARN] [net.minecraft.client.sounds.SoundEngine/]: Missing sound for event: minecraft:block.metal.step
[21Mar2025 15:26:14.859] [Render thread/WARN] [net.minecraft.client.sounds.SoundEngine/]: Missing sound for event: minecraft:entity.minecart.inside.underwater
[21Mar2025 15:26:14.860] [Render thread/WARN] [net.minecraft.client.sounds.SoundEngine/]: Missing sound for event: minecraft:entity.minecart.inside
[21Mar2025 15:26:14.860] [Render thread/WARN] [net.minecraft.client.sounds.SoundEngine/]: Missing sound for event: minecraft:entity.minecart.riding
[21Mar2025 15:26:14.860] [Render thread/WARN] [net.minecraft.client.sounds.SoundEngine/]: Missing sound for event: minecraft:entity.mooshroom.convert
[21Mar2025 15:26:14.860] [Render thread/WARN] [net.minecraft.client.sounds.SoundEngine/]: Missing sound for event: minecraft:entity.mooshroom.eat
[21Mar2025 15:26:14.860] [Render thread/WARN] [net.minecraft.client.sounds.SoundEngine/]: Missing sound for event: minecraft:entity.mooshroom.milk
[21Mar2025 15:26:14.860] [Render thread/WARN] [net.minecraft.client.sounds.SoundEngine/]: Missing sound for event: minecraft:entity.mooshroom.suspicious_milk
[21Mar2025 15:26:14.860] [Render thread/WARN] [net.minecraft.client.sounds.SoundEngine/]: Missing sound for event: minecraft:entity.mooshroom.shear
[21Mar2025 15:26:14.860] [Render thread/WARN] [net.minecraft.client.sounds.SoundEngine/]: Missing sound for event: minecraft:block.moss_carpet.break
[21Mar2025 15:26:14.860] [Render thread/WARN] [net.minecraft.client.sounds.SoundEngine/]: Missing sound for event: minecraft:block.moss_carpet.fall
[21Mar2025 15:26:14.860] [Render thread/WARN] [net.minecraft.client.sounds.SoundEngine/]: Missing sound for event: minecraft:block.moss_carpet.hit
[21Mar2025 15:26:14.860] [Render thread/WARN] [net.minecraft.client.sounds.SoundEngine/]: Missing sound for event: minecraft:block.moss_carpet.place
[21Mar2025 15:26:14.860] [Render thread/WARN] [net.minecraft.client.sounds.SoundEngine/]: Missing sound for event: minecraft:block.moss_carpet.step
[21Mar2025 15:26:14.860] [Render thread/WARN] [net.minecraft.client.sounds.SoundEngine/]: Missing sound for event: minecraft:block.pink_petals.break
[21Mar2025 15:26:14.861] [Render thread/WARN] [net.minecraft.client.sounds.SoundEngine/]: Missing sound for event: minecraft:block.pink_petals.fall
[21Mar2025 15:26:14.861] [Render thread/WARN] [net.minecraft.client.sounds.SoundEngine/]: Missing sound for event: minecraft:block.pink_petals.hit
[21Mar2025 15:26:14.861] [Render thread/WARN] [net.minecraft.client.sounds.SoundEngine/]: Missing sound for event: minecraft:block.pink_petals.place
[21Mar2025 15:26:14.861] [Render thread/WARN] [net.minecraft.client.sounds.SoundEngine/]: Missing sound for event: minecraft:block.pink_petals.step
[21Mar2025 15:26:14.861] [Render thread/WARN] [net.minecraft.client.sounds.SoundEngine/]: Missing sound for event: minecraft:block.moss.break
[21Mar2025 15:26:14.861] [Render thread/WARN] [net.minecraft.client.sounds.SoundEngine/]: Missing sound for event: minecraft:block.moss.fall
[21Mar2025 15:26:14.861] [Render thread/WARN] [net.minecraft.client.sounds.SoundEngine/]: Missing sound for event: minecraft:block.moss.hit
[21Mar2025 15:26:14.861] [Render thread/WARN] [net.minecraft.client.sounds.SoundEngine/]: Missing sound for event: minecraft:block.moss.place
[21Mar2025 15:26:14.861] [Render thread/WARN] [net.minecraft.client.sounds.SoundEngine/]: Missing sound for event: minecraft:block.moss.step
[21Mar2025 15:26:14.861] [Render thread/WARN] [net.minecraft.client.sounds.SoundEngine/]: Missing sound for event: minecraft:block.mud.break
[21Mar2025 15:26:14.861] [Render thread/WARN] [net.minecraft.client.sounds.SoundEngine/]: Missing sound for event: minecraft:block.mud.fall
[21Mar2025 15:26:14.861] [Render thread/WARN] [net.minecraft.client.sounds.SoundEngine/]: Missing sound for event: minecraft:block.mud.hit
[21Mar2025 15:26:14.861] [Render thread/WARN] [net.minecraft.client.sounds.SoundEngine/]: Missing sound for event: minecraft:block.mud.place
[21Mar2025 15:26:14.861] [Render thread/WARN] [net.minecraft.client.sounds.SoundEngine/]: Missing sound for event: minecraft:block.mud.step
[21Mar2025 15:26:14.861] [Render thread/WARN] [net.minecraft.client.sounds.SoundEngine/]: Missing sound for event: minecraft:block.mud_bricks.break
[21Mar2025 15:26:14.861] [Render thread/WARN] [net.minecraft.client.sounds.SoundEngine/]: Missing sound for event: minecraft:block.mud_bricks.fall
[21Mar2025 15:26:14.861] [Render thread/WARN] [net.minecraft.client.sounds.SoundEngine/]: Missing sound for event: minecraft:block.mud_bricks.hit
[21Mar2025 15:26:14.861] [Render thread/WARN] [net.minecraft.client.sounds.SoundEngine/]: Missing sound for event: minecraft:block.mud_bricks.place
[21Mar2025 15:26:14.861] [Render thread/WARN] [net.minecraft.client.sounds.SoundEngine/]: Missing sound for event: minecraft:block.mud_bricks.step
[21Mar2025 15:26:14.861] [Render thread/WARN] [net.minecraft.client.sounds.SoundEngine/]: Missing sound for event: minecraft:block.muddy_mangrove_roots.break
[21Mar2025 15:26:14.862] [Render thread/WARN] [net.minecraft.client.sounds.SoundEngine/]: Missing sound for event: minecraft:block.muddy_mangrove_roots.fall
[21Mar2025 15:26:14.862] [Render thread/WARN] [net.minecraft.client.sounds.SoundEngine/]: Missing sound for event: minecraft:block.muddy_mangrove_roots.hit
[21Mar2025 15:26:14.862] [Render thread/WARN] [net.minecraft.client.sounds.SoundEngine/]: Missing sound for event: minecraft:block.muddy_mangrove_roots.place
[21Mar2025 15:26:14.862] [Render thread/WARN] [net.minecraft.client.sounds.SoundEngine/]: Missing sound for event: minecraft:block.muddy_mangrove_roots.step
[21Mar2025 15:26:14.862] [Render thread/WARN] [net.minecraft.client.sounds.SoundEngine/]: Missing sound for event: minecraft:entity.mule.ambient
[21Mar2025 15:26:14.862] [Render thread/WARN] [net.minecraft.client.sounds.SoundEngine/]: Missing sound for event: minecraft:entity.mule.angry
[21Mar2025 15:26:14.862] [Render thread/WARN] [net.minecraft.client.sounds.SoundEngine/]: Missing sound for event: minecraft:entity.mule.chest
[21Mar2025 15:26:14.862] [Render thread/WARN] [net.minecraft.client.sounds.SoundEngine/]: Missing sound for event: minecraft:entity.mule.death
[21Mar2025 15:26:14.862] [Render thread/WARN] [net.minecraft.client.sounds.SoundEngine/]: Missing sound for event: minecraft:entity.mule.eat
[21Mar2025 15:26:14.862] [Render thread/WARN] [net.minecraft.client.sounds.SoundEngine/]: Missing sound for event: minecraft:entity.mule.hurt
[21Mar2025 15:26:14.863] [Render thread/WARN] [net.minecraft.client.sounds.SoundEngine/]: Missing sound for event: minecraft:entity.mule.jump
[21Mar2025 15:26:14.863] [Render thread/WARN] [net.minecraft.client.sounds.SoundEngine/]: Missing sound for event: minecraft:music.creative
[21Mar2025 15:26:14.863] [Render thread/WARN] [net.minecraft.client.sounds.SoundEngine/]: Missing sound for event: minecraft:music.credits
[21Mar2025 15:26:14.863] [Render thread/WARN] [net.minecraft.client.sounds.SoundEngine/]: Missing sound for event: minecraft:music_disc.5
[21Mar2025 15:26:14.863] [Render thread/WARN] [net.minecraft.client.sounds.SoundEngine/]: Missing sound for event: minecraft:music_disc.11
[21Mar2025 15:26:14.863] [Render thread/WARN] [net.minecraft.client.sounds.SoundEngine/]: Missing sound for event: minecraft:music_disc.13
[21Mar2025 15:26:14.863] [Render thread/WARN] [net.minecraft.client.sounds.SoundEngine/]: Missing sound for event: minecraft:music_disc.blocks
[21Mar2025 15:26:14.863] [Render thread/WARN] [net.minecraft.client.sounds.SoundEngine/]: Missing sound for event: minecraft:music_disc.cat
[21Mar2025 15:26:14.863] [Render thread/WARN] [net.minecraft.client.sounds.SoundEngine/]: Missing sound for event: minecraft:music_disc.chirp
[21Mar2025 15:26:14.863] [Render thread/WARN] [net.minecraft.client.sounds.SoundEngine/]: Missing sound for event: minecraft:music_disc.far
[21Mar2025 15:26:14.863] [Render thread/WARN] [net.minecraft.client.sounds.SoundEngine/]: Missing sound for event: minecraft:music_disc.mall
[21Mar2025 15:26:14.863] [Render thread/WARN] [net.minecraft.client.sounds.SoundEngine/]: Missing sound for event: minecraft:music_disc.mellohi
[21Mar2025 15:26:14.863] [Render thread/WARN] [net.minecraft.client.sounds.SoundEngine/]: Missing sound for event: minecraft:music_disc.pigstep
[21Mar2025 15:26:14.863] [Render thread/WARN] [net.minecraft.client.sounds.SoundEngine/]: Missing sound for event: minecraft:music_disc.stal
[21Mar2025 15:26:14.863] [Render thread/WARN] [net.minecraft.client.sounds.SoundEngine/]: Missing sound for event: minecraft:music_disc.strad
[21Mar2025 15:26:14.863] [Render thread/WARN] [net.minecraft.client.sounds.SoundEngine/]: Missing sound for event: minecraft:music_disc.wait
[21Mar2025 15:26:14.863] [Render thread/WARN] [net.minecraft.client.sounds.SoundEngine/]: Missing sound for event: minecraft:music_disc.ward
[21Mar2025 15:26:14.863] [Render thread/WARN] [net.minecraft.client.sounds.SoundEngine/]: Missing sound for event: minecraft:music_disc.otherside
[21Mar2025 15:26:14.863] [Render thread/WARN] [net.minecraft.client.sounds.SoundEngine/]: Missing sound for event: minecraft:music_disc.relic
[21Mar2025 15:26:14.863] [Render thread/WARN] [net.minecraft.client.sounds.SoundEngine/]: Missing sound for event: minecraft:music_disc.creator
[21Mar2025 15:26:14.863] [Render thread/WARN] [net.minecraft.client.sounds.SoundEngine/]: Missing sound for event: minecraft:music_disc.creator_music_box
[21Mar2025 15:26:14.864] [Render thread/WARN] [net.minecraft.client.sounds.SoundEngine/]: Missing sound for event: minecraft:music_disc.precipice
[21Mar2025 15:26:14.864] [Render thread/WARN] [net.minecraft.client.sounds.SoundEngine/]: Missing sound for event: minecraft:music.dragon
[21Mar2025 15:26:14.864] [Render thread/WARN] [net.minecraft.client.sounds.SoundEngine/]: Missing sound for event: minecraft:music.end
[21Mar2025 15:26:14.864] [Render thread/WARN] [net.minecraft.client.sounds.SoundEngine/]: Missing sound for event: minecraft:music.game
[21Mar2025 15:26:14.864] [Render thread/WARN] [net.minecraft.client.sounds.SoundEngine/]: Missing sound for event: minecraft:music.menu
[21Mar2025 15:26:14.864] [Render thread/WARN] [net.minecraft.client.sounds.SoundEngine/]: Missing sound for event: minecraft:music.nether.basalt_deltas
[21Mar2025 15:26:14.864] [Render thread/WARN] [net.minecraft.client.sounds.SoundEngine/]: Missing sound for event: minecraft:music.nether.crimson_forest
[21Mar2025 15:26:14.864] [Render thread/WARN] [net.minecraft.client.sounds.SoundEngine/]: Missing sound for event: minecraft:music.overworld.deep_dark
[21Mar2025 15:26:14.864] [Render thread/WARN] [net.minecraft.client.sounds.SoundEngine/]: Missing sound for event: minecraft:music.overworld.dripstone_caves
[21Mar2025 15:26:14.864] [Render thread/WARN] [net.minecraft.client.sounds.SoundEngine/]: Missing sound for event: minecraft:music.overworld.grove
[21Mar2025 15:26:14.864] [Render thread/WARN] [net.minecraft.client.sounds.SoundEngine/]: Missing sound for event: minecraft:music.overworld.jagged_peaks
[21Mar2025 15:26:14.864] [Render thread/WARN] [net.minecraft.client.sounds.SoundEngine/]: Missing sound for event: minecraft:music.overworld.lush_caves
[21Mar2025 15:26:14.864] [Render thread/WARN] [net.minecraft.client.sounds.SoundEngine/]: Missing sound for event: minecraft:music.overworld.swamp
[21Mar2025 15:26:14.864] [Render thread/WARN] [net.minecraft.client.sounds.SoundEngine/]: Missing sound for event: minecraft:music.overworld.forest
[21Mar2025 15:26:14.865] [Render thread/WARN] [net.minecraft.client.sounds.SoundEngine/]: Missing sound for event: minecraft:music.overworld.old_growth_taiga
[21Mar2025 15:26:14.865] [Render thread/WARN] [net.minecraft.client.sounds.SoundEngine/]: Missing sound for event: minecraft:music.overworld.meadow
[21Mar2025 15:26:14.865] [Render thread/WARN] [net.minecraft.client.sounds.SoundEngine/]: Missing sound for event: minecraft:music.overworld.cherry_grove
[21Mar2025 15:26:14.865] [Render thread/WARN] [net.minecraft.client.sounds.SoundEngine/]: Missing sound for event: minecraft:music.nether.nether_wastes
[21Mar2025 15:26:14.865] [Render thread/WARN] [net.minecraft.client.sounds.SoundEngine/]: Missing sound for event: minecraft:music.overworld.frozen_peaks
[21Mar2025 15:26:14.865] [Render thread/WARN] [net.minecraft.client.sounds.SoundEngine/]: Missing sound for event: minecraft:music.overworld.snowy_slopes
[21Mar2025 15:26:14.865] [Render thread/WARN] [net.minecraft.client.sounds.SoundEngine/]: Missing sound for event: minecraft:music.nether.soul_sand_valley
[21Mar2025 15:26:14.865] [Render thread/WARN] [net.minecraft.client.sounds.SoundEngine/]: Missing sound for event: minecraft:music.overworld.stony_peaks
[21Mar2025 15:26:14.865] [Render thread/WARN] [net.minecraft.client.sounds.SoundEngine/]: Missing sound for event: minecraft:music.nether.warped_forest
[21Mar2025 15:26:14.865] [Render thread/WARN] [net.minecraft.client.sounds.SoundEngine/]: Missing sound for event: minecraft:music.overworld.flower_forest
[21Mar2025 15:26:14.865] [Render thread/WARN] [net.minecraft.client.sounds.SoundEngine/]: Missing sound for event: minecraft:music.overworld.desert
[21Mar2025 15:26:14.865] [Render thread/WARN] [net.minecraft.client.sounds.SoundEngine/]: Missing sound for event: minecraft:music.overworld.badlands
[21Mar2025 15:26:14.865] [Render thread/WARN] [net.minecraft.client.sounds.SoundEngine/]: Missing sound for event: minecraft:music.overworld.jungle
[21Mar2025 15:26:14.865] [Render thread/WARN] [net.minecraft.client.sounds.SoundEngine/]: Missing sound for event: minecraft:music.overworld.sparse_jungle
[21Mar2025 15:26:14.866] [Render thread/WARN] [net.minecraft.client.sounds.SoundEngine/]: Missing sound for event: minecraft:music.overworld.bamboo_jungle
[21Mar2025 15:26:14.866] [Render thread/WARN] [net.minecraft.client.sounds.SoundEngine/]: Missing sound for event: minecraft:music.under_water
[21Mar2025 15:26:14.866] [Render thread/WARN] [net.minecraft.client.sounds.SoundEngine/]: Missing sound for event: minecraft:block.nether_bricks.break
[21Mar2025 15:26:14.866] [Render thread/WARN] [net.minecraft.client.sounds.SoundEngine/]: Missing sound for event: minecraft:block.nether_bricks.step
[21Mar2025 15:26:14.866] [Render thread/WARN] [net.minecraft.client.sounds.SoundEngine/]: Missing sound for event: minecraft:block.nether_bricks.place
[21Mar2025 15:26:14.866] [Render thread/WARN] [net.minecraft.client.sounds.SoundEngine/]: Missing sound for event: minecraft:block.nether_bricks.hit
[21Mar2025 15:26:14.866] [Render thread/WARN] [net.minecraft.client.sounds.SoundEngine/]: Missing sound for event: minecraft:block.nether_bricks.fall
[21Mar2025 15:26:14.866] [Render thread/WARN] [net.minecraft.client.sounds.SoundEngine/]: Missing sound for event: minecraft:block.nether_wart.break
[21Mar2025 15:26:14.866] [Render thread/WARN] [net.minecraft.client.sounds.SoundEngine/]: Missing sound for event: minecraft:item.nether_wart.plant
[21Mar2025 15:26:14.866] [Render thread/WARN] [net.minecraft.client.sounds.SoundEngine/]: Missing sound for event: minecraft:block.nether_wood.break
[21Mar2025 15:26:14.866] [Render thread/WARN] [net.minecraft.client.sounds.SoundEngine/]: Missing sound for event: minecraft:block.nether_wood.fall
[21Mar2025 15:26:14.866] [Render thread/WARN] [net.minecraft.client.sounds.SoundEngine/]: Missing sound for event: minecraft:block.nether_wood.hit
[21Mar2025 15:26:14.866] [Render thread/WARN] [net.minecraft.client.sounds.SoundEngine/]: Missing sound for event: minecraft:block.nether_wood.place
[21Mar2025 15:26:14.866] [Render thread/WARN] [net.minecraft.client.sounds.SoundEngine/]: Missing sound for event: minecraft:block.nether_wood.step
[21Mar2025 15:26:14.866] [Render thread/WARN] [net.minecraft.client.sounds.SoundEngine/]: Missing sound for event: minecraft:block.nether_wood_door.close
[21Mar2025 15:26:14.866] [Render thread/WARN] [net.minecraft.client.sounds.SoundEngine/]: Missing sound for event: minecraft:block.nether_wood_door.open
[21Mar2025 15:26:14.866] [Render thread/WARN] [net.minecraft.client.sounds.SoundEngine/]: Missing sound for event: minecraft:block.nether_wood_trapdoor.close
[21Mar2025 15:26:14.866] [Render thread/WARN] [net.minecraft.client.sounds.SoundEngine/]: Missing sound for event: minecraft:block.nether_wood_trapdoor.open
[21Mar2025 15:26:14.866] [Render thread/WARN] [net.minecraft.client.sounds.SoundEngine/]: Missing sound for event: minecraft:block.nether_wood_button.click_off
[21Mar2025 15:26:14.867] [Render thread/WARN] [net.minecraft.client.sounds.SoundEngine/]: Missing sound for event: minecraft:block.nether_wood_button.click_on
[21Mar2025 15:26:14.867] [Render thread/WARN] [net.minecraft.client.sounds.SoundEngine/]: Missing sound for event: minecraft:block.nether_wood_pressure_plate.click_off
[21Mar2025 15:26:14.867] [Render thread/WARN] [net.minecraft.client.sounds.SoundEngine/]: Missing sound for event: minecraft:block.nether_wood_pressure_plate.click_on
[21Mar2025 15:26:14.867] [Render thread/WARN] [net.minecraft.client.sounds.SoundEngine/]: Missing sound for event: minecraft:block.nether_wood_fence_gate.close
[21Mar2025 15:26:14.867] [Render thread/WARN] [net.minecraft.client.sounds.SoundEngine/]: Missing sound for event: minecraft:block.nether_wood_fence_gate.open
[21Mar2025 15:26:14.867] [Render thread/WARN] [net.minecraft.client.sounds.SoundEngine/]: Missing sound for event: minecraft:block.packed_mud.break
[21Mar2025 15:26:14.867] [Render thread/WARN] [net.minecraft.client.sounds.SoundEngine/]: Missing sound for event: minecraft:block.packed_mud.fall
[21Mar2025 15:26:14.867] [Render thread/WARN] [net.minecraft.client.sounds.SoundEngine/]: Missing sound for event: minecraft:block.packed_mud.hit
[21Mar2025 15:26:14.867] [Render thread/WARN] [net.minecraft.client.sounds.SoundEngine/]: Missing sound for event: minecraft:block.packed_mud.place
[21Mar2025 15:26:14.867] [Render thread/WARN] [net.minecraft.client.sounds.SoundEngine/]: Missing sound for event: minecraft:block.packed_mud.step
[21Mar2025 15:26:14.867] [Render thread/WARN] [net.minecraft.client.sounds.SoundEngine/]: Missing sound for event: minecraft:block.stem.break
[21Mar2025 15:26:14.867] [Render thread/WARN] [net.minecraft.client.sounds.SoundEngine/]: Missing sound for event: minecraft:block.stem.step
[21Mar2025 15:26:14.867] [Render thread/WARN] [net.minecraft.client.sounds.SoundEngine/]: Missing sound for event: minecraft:block.stem.place
[21Mar2025 15:26:14.867] [Render thread/WARN] [net.minecraft.client.sounds.SoundEngine/]: Missing sound for event: minecraft:block.stem.hit
[21Mar2025 15:26:14.867] [Render thread/WARN] [net.minecraft.client.sounds.SoundEngine/]: Missing sound for event: minecraft:block.stem.fall
[21Mar2025 15:26:14.867] [Render thread/WARN] [net.minecraft.client.sounds.SoundEngine/]: Missing sound for event: minecraft:block.nylium.break
[21Mar2025 15:26:14.867] [Render thread/WARN] [net.minecraft.client.sounds.SoundEngine/]: Missing sound for event: minecraft:block.nylium.step
[21Mar2025 15:26:14.867] [Render thread/WARN] [net.minecraft.client.sounds.SoundEngine/]: Missing sound for event: minecraft:block.nylium.place
[21Mar2025 15:26:14.867] [Render thread/WARN] [net.minecraft.client.sounds.SoundEngine/]: Missing sound for event: minecraft:block.nylium.hit
[21Mar2025 15:26:14.868] [Render thread/WARN] [net.minecraft.client.sounds.SoundEngine/]: Missing sound for event: minecraft:block.nylium.fall
[21Mar2025 15:26:14.868] [Render thread/WARN] [net.minecraft.client.sounds.SoundEngine/]: Missing sound for event: minecraft:block.nether_sprouts.break
[21Mar2025 15:26:14.868] [Render thread/WARN] [net.minecraft.client.sounds.SoundEngine/]: Missing sound for event: minecraft:block.nether_sprouts.step
[21Mar2025 15:26:14.868] [Render thread/WARN] [net.minecraft.client.sounds.SoundEngine/]: Missing sound for event: minecraft:block.nether_sprouts.place
[21Mar2025 15:26:14.868] [Render thread/WARN] [net.minecraft.client.sounds.SoundEngine/]: Missing sound for event: minecraft:block.nether_sprouts.hit
[21Mar2025 15:26:14.868] [Render thread/WARN] [net.minecraft.client.sounds.SoundEngine/]: Missing sound for event: minecraft:block.nether_sprouts.fall
[21Mar2025 15:26:14.868] [Render thread/WARN] [net.minecraft.client.sounds.SoundEngine/]: Missing sound for event: minecraft:block.fungus.break
[21Mar2025 15:26:14.868] [Render thread/WARN] [net.minecraft.client.sounds.SoundEngine/]: Missing sound for event: minecraft:block.fungus.step
[21Mar2025 15:26:14.868] [Render thread/WARN] [net.minecraft.client.sounds.SoundEngine/]: Missing sound for event: minecraft:block.fungus.place
[21Mar2025 15:26:14.868] [Render thread/WARN] [net.minecraft.client.sounds.SoundEngine/]: Missing sound for event: minecraft:block.fungus.hit
[21Mar2025 15:26:14.868] [Render thread/WARN] [net.minecraft.client.sounds.SoundEngine/]: Missing sound for event: minecraft:block.fungus.fall
[21Mar2025 15:26:14.868] [Render thread/WARN] [net.minecraft.client.sounds.SoundEngine/]: Missing sound for event: minecraft:block.weeping_vines.break
[21Mar2025 15:26:14.868] [Render thread/WARN] [net.minecraft.client.sounds.SoundEngine/]: Missing sound for event: minecraft:block.weeping_vines.step
[21Mar2025 15:26:14.868] [Render thread/WARN] [net.minecraft.client.sounds.SoundEngine/]: Missing sound for event: minecraft:block.weeping_vines.place
[21Mar2025 15:26:14.868] [Render thread/WARN] [net.minecraft.client.sounds.SoundEngine/]: Missing sound for event: minecraft:block.weeping_vines.hit
[21Mar2025 15:26:14.868] [Render thread/WARN] [net.minecraft.client.sounds.SoundEngine/]: Missing sound for event: minecraft:block.weeping_vines.fall
[21Mar2025 15:26:14.868] [Render thread/WARN] [net.minecraft.client.sounds.SoundEngine/]: Missing sound for event: minecraft:block.wart_block.break
[21Mar2025 15:26:14.868] [Render thread/WARN] [net.minecraft.client.sounds.SoundEngine/]: Missing sound for event: minecraft:block.wart_block.step
[21Mar2025 15:26:14.868] [Render thread/WARN] [net.minecraft.client.sounds.SoundEngine/]: Missing sound for event: minecraft:block.wart_block.place
[21Mar2025 15:26:14.868] [Render thread/WARN] [net.minecraft.client.sounds.SoundEngine/]: Missing sound for event: minecraft:block.wart_block.hit
[21Mar2025 15:26:14.868] [Render thread/WARN] [net.minecraft.client.sounds.SoundEngine/]: Missing sound for event: minecraft:block.wart_block.fall
[21Mar2025 15:26:14.868] [Render thread/WARN] [net.minecraft.client.sounds.SoundEngine/]: Missing sound for event: minecraft:block.netherite_block.break
[21Mar2025 15:26:14.868] [Render thread/WARN] [net.minecraft.client.sounds.SoundEngine/]: Missing sound for event: minecraft:block.netherite_block.step
[21Mar2025 15:26:14.869] [Render thread/WARN] [net.minecraft.client.sounds.SoundEngine/]: Missing sound for event: minecraft:block.netherite_block.place
[21Mar2025 15:26:14.869] [Render thread/WARN] [net.minecraft.client.sounds.SoundEngine/]: Missing sound for event: minecraft:block.netherite_block.hit
[21Mar2025 15:26:14.869] [Render thread/WARN] [net.minecraft.client.sounds.SoundEngine/]: Missing sound for event: minecraft:block.netherite_block.fall
[21Mar2025 15:26:14.869] [Render thread/WARN] [net.minecraft.client.sounds.SoundEngine/]: Missing sound for event: minecraft:block.netherrack.break
[21Mar2025 15:26:14.869] [Render thread/WARN] [net.minecraft.client.sounds.SoundEngine/]: Missing sound for event: minecraft:block.netherrack.step
[21Mar2025 15:26:14.869] [Render thread/WARN] [net.minecraft.client.sounds.SoundEngine/]: Missing sound for event: minecraft:block.netherrack.place
[21Mar2025 15:26:14.869] [Render thread/WARN] [net.minecraft.client.sounds.SoundEngine/]: Missing sound for event: minecraft:block.netherrack.hit
[21Mar2025 15:26:14.869] [Render thread/WARN] [net.minecraft.client.sounds.SoundEngine/]: Missing sound for event: minecraft:block.netherrack.fall
[21Mar2025 15:26:14.869] [Render thread/WARN] [net.minecraft.client.sounds.SoundEngine/]: Missing sound for event: minecraft:block.note_block.basedrum
[21Mar2025 15:26:14.869] [Render thread/WARN] [net.minecraft.client.sounds.SoundEngine/]: Missing sound for event: minecraft:block.note_block.bass
[21Mar2025 15:26:14.869] [Render thread/WARN] [net.minecraft.client.sounds.SoundEngine/]: Missing sound for event: minecraft:block.note_block.bell
[21Mar2025 15:26:14.869] [Render thread/WARN] [net.minecraft.client.sounds.SoundEngine/]: Missing sound for event: minecraft:block.note_block.chime
[21Mar2025 15:26:14.869] [Render thread/WARN] [net.minecraft.client.sounds.SoundEngine/]: Missing sound for event: minecraft:block.note_block.flute
[21Mar2025 15:26:14.869] [Render thread/WARN] [net.minecraft.client.sounds.SoundEngine/]: Missing sound for event: minecraft:block.note_block.guitar
[21Mar2025 15:26:14.869] [Render thread/WARN] [net.minecraft.client.sounds.SoundEngine/]: Missing sound for event: minecraft:block.note_block.harp
[21Mar2025 15:26:14.869] [Render thread/WARN] [net.minecraft.client.sounds.SoundEngine/]: Missing sound for event: minecraft:block.note_block.hat
[21Mar2025 15:26:14.869] [Render thread/WARN] [net.minecraft.client.sounds.SoundEngine/]: Missing sound for event: minecraft:block.note_block.pling
[21Mar2025 15:26:14.869] [Render thread/WARN] [net.minecraft.client.sounds.SoundEngine/]: Missing sound for event: minecraft:block.note_block.snare
[21Mar2025 15:26:14.869] [Render thread/WARN] [net.minecraft.client.sounds.SoundEngine/]: Missing sound for event: minecraft:block.note_block.xylophone
[21Mar2025 15:26:14.869] [Render thread/WARN] [net.minecraft.client.sounds.SoundEngine/]: Missing sound for event: minecraft:block.note_block.iron_xylophone
[21Mar2025 15:26:14.869] [Render thread/WARN] [net.minecraft.client.sounds.SoundEngine/]: Missing sound for event: minecraft:block.note_block.cow_bell
[21Mar2025 15:26:14.869] [Render thread/WARN] [net.minecraft.client.sounds.SoundEngine/]: Missing sound for event: minecraft:block.note_block.didgeridoo
[21Mar2025 15:26:14.869] [Render thread/WARN] [net.minecraft.client.sounds.SoundEngine/]: Missing sound for event: minecraft:block.note_block.bit
[21Mar2025 15:26:14.870] [Render thread/WARN] [net.minecraft.client.sounds.SoundEngine/]: Missing sound for event: minecraft:block.note_block.banjo
[21Mar2025 15:26:14.870] [Render thread/WARN] [net.minecraft.client.sounds.SoundEngine/]: Missing sound for event: minecraft:block.note_block.imitate.zombie
[21Mar2025 15:26:14.870] [Render thread/WARN] [net.minecraft.client.sounds.SoundEngine/]: Missing sound for event: minecraft:block.note_block.imitate.skeleton
[21Mar2025 15:26:14.870] [Render thread/WARN] [net.minecraft.client.sounds.SoundEngine/]: Missing sound for event: minecraft:block.note_block.imitate.creeper
[21Mar2025 15:26:14.870] [Render thread/WARN] [net.minecraft.client.sounds.SoundEngine/]: Missing sound for event: minecraft:block.note_block.imitate.ender_dragon
[21Mar2025 15:26:14.870] [Render thread/WARN] [net.minecraft.client.sounds.SoundEngine/]: Missing sound for event: minecraft:block.note_block.imitate.wither_skeleton
[21Mar2025 15:26:14.870] [Render thread/WARN] [net.minecraft.client.sounds.SoundEngine/]: Missing sound for event: minecraft:block.note_block.imitate.piglin
[21Mar2025 15:26:14.870] [Render thread/WARN] [net.minecraft.client.sounds.SoundEngine/]: Missing sound for event: minecraft:entity.ocelot.hurt
[21Mar2025 15:26:14.870] [Render thread/WARN] [net.minecraft.client.sounds.SoundEngine/]: Missing sound for event: minecraft:entity.ocelot.ambient
[21Mar2025 15:26:14.870] [Render thread/WARN] [net.minecraft.client.sounds.SoundEngine/]: Missing sound for event: minecraft:entity.ocelot.death
[21Mar2025 15:26:14.870] [Render thread/WARN] [net.minecraft.client.sounds.SoundEngine/]: Missing sound for event: minecraft:item.ominous_bottle.dispose
[21Mar2025 15:26:14.870] [Render thread/WARN] [net.minecraft.client.sounds.SoundEngine/]: Missing sound for event: minecraft:entity.painting.break
[21Mar2025 15:26:14.870] [Render thread/WARN] [net.minecraft.client.sounds.SoundEngine/]: Missing sound for event: minecraft:entity.painting.place
[21Mar2025 15:26:14.870] [Render thread/WARN] [net.minecraft.client.sounds.SoundEngine/]: Missing sound for event: minecraft:entity.panda.pre_sneeze
[21Mar2025 15:26:14.870] [Render thread/WARN] [net.minecraft.client.sounds.SoundEngine/]: Missing sound for event: minecraft:entity.panda.sneeze
[21Mar2025 15:26:14.870] [Render thread/WARN] [net.minecraft.client.sounds.SoundEngine/]: Missing sound for event: minecraft:entity.panda.ambient
[21Mar2025 15:26:14.870] [Render thread/WARN] [net.minecraft.client.sounds.SoundEngine/]: Missing sound for event: minecraft:entity.panda.death
[21Mar2025 15:26:14.870] [Render thread/WARN] [net.minecraft.client.sounds.SoundEngine/]: Missing sound for event: minecraft:entity.panda.eat
[21Mar2025 15:26:14.870] [Render thread/WARN] [net.minecraft.client.sounds.SoundEngine/]: Missing sound for event: minecraft:entity.panda.step
[21Mar2025 15:26:14.870] [Render thread/WARN] [net.minecraft.client.sounds.SoundEngine/]: Missing sound for event: minecraft:entity.panda.cant_breed
[21Mar2025 15:26:14.870] [Render thread/WARN] [net.minecraft.client.sounds.SoundEngine/]: Missing sound for event: minecraft:entity.panda.aggressive_ambient
[21Mar2025 15:26:14.870] [Render thread/WARN] [net.minecraft.client.sounds.SoundEngine/]: Missing sound for event: minecraft:entity.panda.worried_ambient
[21Mar2025 15:26:14.871] [Render thread/WARN] [net.minecraft.client.sounds.SoundEngine/]: Missing sound for event: minecraft:entity.panda.hurt
[21Mar2025 15:26:14.871] [Render thread/WARN] [net.minecraft.client.sounds.SoundEngine/]: Missing sound for event: minecraft:entity.panda.bite
[21Mar2025 15:26:14.871] [Render thread/WARN] [net.minecraft.client.sounds.SoundEngine/]: Missing sound for event: minecraft:entity.parrot.ambient
[21Mar2025 15:26:14.871] [Render thread/WARN] [net.minecraft.client.sounds.SoundEngine/]: Missing sound for event: minecraft:entity.parrot.death
[21Mar2025 15:26:14.871] [Render thread/WARN] [net.minecraft.client.sounds.SoundEngine/]: Missing sound for event: minecraft:entity.parrot.eat
[21Mar2025 15:26:14.871] [Render thread/WARN] [net.minecraft.client.sounds.SoundEngine/]: Missing sound for event: minecraft:entity.parrot.fly
[21Mar2025 15:26:14.871] [Render thread/WARN] [net.minecraft.client.sounds.SoundEngine/]: Missing sound for event: minecraft:entity.parrot.hurt
[21Mar2025 15:26:14.871] [Render thread/WARN] [net.minecraft.client.sounds.SoundEngine/]: Missing sound for event: minecraft:entity.parrot.imitate.blaze
[21Mar2025 15:26:14.871] [Render thread/WARN] [net.minecraft.client.sounds.SoundEngine/]: Missing sound for event: minecraft:entity.parrot.imitate.bogged
[21Mar2025 15:26:14.871] [Render thread/WARN] [net.minecraft.client.sounds.SoundEngine/]: Missing sound for event: minecraft:entity.parrot.imitate.breeze
[21Mar2025 15:26:14.871] [Render thread/WARN] [net.minecraft.client.sounds.SoundEngine/]: Missing sound for event: minecraft:entity.parrot.imitate.creeper
[21Mar2025 15:26:14.871] [Render thread/WARN] [net.minecraft.client.sounds.SoundEngine/]: Missing sound for event: minecraft:entity.parrot.imitate.drowned
[21Mar2025 15:26:14.871] [Render thread/WARN] [net.minecraft.client.sounds.SoundEngine/]: Missing sound for event: minecraft:entity.parrot.imitate.elder_guardian
[21Mar2025 15:26:14.871] [Render thread/WARN] [net.minecraft.client.sounds.SoundEngine/]: Missing sound for event: minecraft:entity.parrot.imitate.ender_dragon
[21Mar2025 15:26:14.871] [Render thread/WARN] [net.minecraft.client.sounds.SoundEngine/]: Missing sound for event: minecraft:entity.parrot.imitate.endermite
[21Mar2025 15:26:14.871] [Render thread/WARN] [net.minecraft.client.sounds.SoundEngine/]: Missing sound for event: minecraft:entity.parrot.imitate.evoker
[21Mar2025 15:26:14.871] [Render thread/WARN] [net.minecraft.client.sounds.SoundEngine/]: Missing sound for event: minecraft:entity.parrot.imitate.ghast
[21Mar2025 15:26:14.871] [Render thread/WARN] [net.minecraft.client.sounds.SoundEngine/]: Missing sound for event: minecraft:entity.parrot.imitate.guardian
[21Mar2025 15:26:14.871] [Render thread/WARN] [net.minecraft.client.sounds.SoundEngine/]: Missing sound for event: minecraft:entity.parrot.imitate.hoglin
[21Mar2025 15:26:14.871] [Render thread/WARN] [net.minecraft.client.sounds.SoundEngine/]: Missing sound for event: minecraft:entity.parrot.imitate.husk
[21Mar2025 15:26:14.871] [Render thread/WARN] [net.minecraft.client.sounds.SoundEngine/]: Missing sound for event: minecraft:entity.parrot.imitate.illusioner
[21Mar2025 15:26:14.871] [Render thread/WARN] [net.minecraft.client.sounds.SoundEngine/]: Missing sound for event: minecraft:entity.parrot.imitate.magma_cube
[21Mar2025 15:26:14.871] [Render thread/WARN] [net.minecraft.client.sounds.SoundEngine/]: Missing sound for event: minecraft:entity.parrot.imitate.phantom
[21Mar2025 15:26:14.872] [Render thread/WARN] [net.minecraft.client.sounds.SoundEngine/]: Missing sound for event: minecraft:entity.parrot.imitate.piglin
[21Mar2025 15:26:14.872] [Render thread/WARN] [net.minecraft.client.sounds.SoundEngine/]: Missing sound for event: minecraft:entity.parrot.imitate.piglin_brute
[21Mar2025 15:26:14.872] [Render thread/WARN] [net.minecraft.client.sounds.SoundEngine/]: Missing sound for event: minecraft:entity.parrot.imitate.pillager
[21Mar2025 15:26:14.872] [Render thread/WARN] [net.minecraft.client.sounds.SoundEngine/]: Missing sound for event: minecraft:entity.parrot.imitate.ravager
[21Mar2025 15:26:14.872] [Render thread/WARN] [net.minecraft.client.sounds.SoundEngine/]: Missing sound for event: minecraft:entity.parrot.imitate.shulker
[21Mar2025 15:26:14.872] [Render thread/WARN] [net.minecraft.client.sounds.SoundEngine/]: Missing sound for event: minecraft:entity.parrot.imitate.silverfish
[21Mar2025 15:26:14.872] [Render thread/WARN] [net.minecraft.client.sounds.SoundEngine/]: Missing sound for event: minecraft:entity.parrot.imitate.skeleton
[21Mar2025 15:26:14.872] [Render thread/WARN] [net.minecraft.client.sounds.SoundEngine/]: Missing sound for event: minecraft:entity.parrot.imitate.slime
[21Mar2025 15:26:14.872] [Render thread/WARN] [net.minecraft.client.sounds.SoundEngine/]: Missing sound for event: minecraft:entity.parrot.imitate.spider
[21Mar2025 15:26:14.872] [Render thread/WARN] [net.minecraft.client.sounds.SoundEngine/]: Missing sound for event: minecraft:entity.parrot.imitate.stray
[21Mar2025 15:26:14.872] [Render thread/WARN] [net.minecraft.client.sounds.SoundEngine/]: Missing sound for event: minecraft:entity.parrot.imitate.vex
[21Mar2025 15:26:14.872] [Render thread/WARN] [net.minecraft.client.sounds.SoundEngine/]: Missing sound for event: minecraft:entity.parrot.imitate.vindicator
[21Mar2025 15:26:14.872] [Render thread/WARN] [net.minecraft.client.sounds.SoundEngine/]: Missing sound for event: minecraft:entity.parrot.imitate.warden
[21Mar2025 15:26:14.872] [Render thread/WARN] [net.minecraft.client.sounds.SoundEngine/]: Missing sound for event: minecraft:entity.parrot.imitate.witch
[21Mar2025 15:26:14.872] [Render thread/WARN] [net.minecraft.client.sounds.SoundEngine/]: Missing sound for event: minecraft:entity.parrot.imitate.wither
[21Mar2025 15:26:14.872] [Render thread/WARN] [net.minecraft.client.sounds.SoundEngine/]: Missing sound for event: minecraft:entity.parrot.imitate.wither_skeleton
[21Mar2025 15:26:14.872] [Render thread/WARN] [net.minecraft.client.sounds.SoundEngine/]: Missing sound for event: minecraft:entity.parrot.imitate.zoglin
[21Mar2025 15:26:14.872] [Render thread/WARN] [net.minecraft.client.sounds.SoundEngine/]: Missing sound for event: minecraft:entity.parrot.imitate.zombie
[21Mar2025 15:26:14.872] [Render thread/WARN] [net.minecraft.client.sounds.SoundEngine/]: Missing sound for event: minecraft:entity.parrot.imitate.zombie_villager
[21Mar2025 15:26:14.872] [Render thread/WARN] [net.minecraft.client.sounds.SoundEngine/]: Missing sound for event: minecraft:entity.parrot.step
[21Mar2025 15:26:14.872] [Render thread/WARN] [net.minecraft.client.sounds.SoundEngine/]: Missing sound for event: minecraft:entity.phantom.ambient
[21Mar2025 15:26:14.872] [Render thread/WARN] [net.minecraft.client.sounds.SoundEngine/]: Missing sound for event: minecraft:entity.phantom.bite
[21Mar2025 15:26:14.872] [Render thread/WARN] [net.minecraft.client.sounds.SoundEngine/]: Missing sound for event: minecraft:entity.phantom.death
[21Mar2025 15:26:14.872] [Render thread/WARN] [net.minecraft.client.sounds.SoundEngine/]: Missing sound for event: minecraft:entity.phantom.flap
[21Mar2025 15:26:14.872] [Render thread/WARN] [net.minecraft.client.sounds.SoundEngine/]: Missing sound for event: minecraft:entity.phantom.hurt
[21Mar2025 15:26:14.873] [Render thread/WARN] [net.minecraft.client.sounds.SoundEngine/]: Missing sound for event: minecraft:entity.phantom.swoop
[21Mar2025 15:26:14.873] [Render thread/WARN] [net.minecraft.client.sounds.SoundEngine/]: Missing sound for event: minecraft:entity.pig.ambient
[21Mar2025 15:26:14.873] [Render thread/WARN] [net.minecraft.client.sounds.SoundEngine/]: Missing sound for event: minecraft:entity.pig.death
[21Mar2025 15:26:14.873] [Render thread/WARN] [net.minecraft.client.sounds.SoundEngine/]: Missing sound for event: minecraft:entity.pig.hurt
[21Mar2025 15:26:14.873] [Render thread/WARN] [net.minecraft.client.sounds.SoundEngine/]: Missing sound for event: minecraft:entity.pig.saddle
[21Mar2025 15:26:14.873] [Render thread/WARN] [net.minecraft.client.sounds.SoundEngine/]: Missing sound for event: minecraft:entity.pig.step
[21Mar2025 15:26:14.873] [Render thread/WARN] [net.minecraft.client.sounds.SoundEngine/]: Missing sound for event: minecraft:entity.piglin.admiring_item
[21Mar2025 15:26:14.873] [Render thread/WARN] [net.minecraft.client.sounds.SoundEngine/]: Missing sound for event: minecraft:entity.piglin.ambient
[21Mar2025 15:26:14.873] [Render thread/WARN] [net.minecraft.client.sounds.SoundEngine/]: Missing sound for event: minecraft:entity.piglin.angry
[21Mar2025 15:26:14.873] [Render thread/WARN] [net.minecraft.client.sounds.SoundEngine/]: Missing sound for event: minecraft:entity.piglin.celebrate
[21Mar2025 15:26:14.873] [Render thread/WARN] [net.minecraft.client.sounds.SoundEngine/]: Missing sound for event: minecraft:entity.piglin.death
[21Mar2025 15:26:14.873] [Render thread/WARN] [net.minecraft.client.sounds.SoundEngine/]: Missing sound for event: minecraft:entity.piglin.jealous
[21Mar2025 15:26:14.873] [Render thread/WARN] [net.minecraft.client.sounds.SoundEngine/]: Missing sound for event: minecraft:entity.piglin.hurt
[21Mar2025 15:26:14.873] [Render thread/WARN] [net.minecraft.client.sounds.SoundEngine/]: Missing sound for event: minecraft:entity.piglin.retreat
[21Mar2025 15:26:14.873] [Render thread/WARN] [net.minecraft.client.sounds.SoundEngine/]: Missing sound for event: minecraft:entity.piglin.step
[21Mar2025 15:26:14.873] [Render thread/WARN] [net.minecraft.client.sounds.SoundEngine/]: Missing sound for event: minecraft:entity.piglin.converted_to_zombified
[21Mar2025 15:26:14.873] [Render thread/WARN] [net.minecraft.client.sounds.SoundEngine/]: Missing sound for event: minecraft:entity.piglin_brute.ambient
[21Mar2025 15:26:14.873] [Render thread/WARN] [net.minecraft.client.sounds.SoundEngine/]: Missing sound for event: minecraft:entity.piglin_brute.angry
[21Mar2025 15:26:14.873] [Render thread/WARN] [net.minecraft.client.sounds.SoundEngine/]: Missing sound for event: minecraft:entity.piglin_brute.death
[21Mar2025 15:26:14.873] [Render thread/WARN] [net.minecraft.client.sounds.SoundEngine/]: Missing sound for event: minecraft:entity.piglin_brute.hurt
[21Mar2025 15:26:14.873] [Render thread/WARN] [net.minecraft.client.sounds.SoundEngine/]: Missing sound for event: minecraft:entity.piglin_brute.step
[21Mar2025 15:26:14.873] [Render thread/WARN] [net.minecraft.client.sounds.SoundEngine/]: Missing sound for event: minecraft:entity.piglin_brute.converted_to_zombified
[21Mar2025 15:26:14.873] [Render thread/WARN] [net.minecraft.client.sounds.SoundEngine/]: Missing sound for event: minecraft:entity.pillager.ambient
[21Mar2025 15:26:14.873] [Render thread/WARN] [net.minecraft.client.sounds.SoundEngine/]: Missing sound for event: minecraft:entity.pillager.celebrate
[21Mar2025 15:26:14.873] [Render thread/WARN] [net.minecraft.client.sounds.SoundEngine/]: Missing sound for event: minecraft:entity.pillager.death
[21Mar2025 15:26:14.874] [Render thread/WARN] [net.minecraft.client.sounds.SoundEngine/]: Missing sound for event: minecraft:entity.pillager.hurt
[21Mar2025 15:26:14.875] [Render thread/WARN] [net.minecraft.client.sounds.SoundEngine/]: Missing sound for event: minecraft:block.piston.contract
[21Mar2025 15:26:14.875] [Render thread/WARN] [net.minecraft.client.sounds.SoundEngine/]: Missing sound for event: minecraft:block.piston.extend
[21Mar2025 15:26:14.875] [Render thread/WARN] [net.minecraft.client.sounds.SoundEngine/]: Missing sound for event: minecraft:entity.player.attack.crit
[21Mar2025 15:26:14.875] [Render thread/WARN] [net.minecraft.client.sounds.SoundEngine/]: Missing sound for event: minecraft:entity.player.attack.knockback
[21Mar2025 15:26:14.875] [Render thread/WARN] [net.minecraft.client.sounds.SoundEngine/]: Missing sound for event: minecraft:entity.player.attack.nodamage
[21Mar2025 15:26:14.875] [Render thread/WARN] [net.minecraft.client.sounds.SoundEngine/]: Missing sound for event: minecraft:entity.player.attack.strong
[21Mar2025 15:26:14.875] [Render thread/WARN] [net.minecraft.client.sounds.SoundEngine/]: Missing sound for event: minecraft:entity.player.attack.sweep
[21Mar2025 15:26:14.875] [Render thread/WARN] [net.minecraft.client.sounds.SoundEngine/]: Missing sound for event: minecraft:entity.player.attack.weak
[21Mar2025 15:26:14.875] [Render thread/WARN] [net.minecraft.client.sounds.SoundEngine/]: Missing sound for event: minecraft:entity.player.big_fall
[21Mar2025 15:26:14.875] [Render thread/WARN] [net.minecraft.client.sounds.SoundEngine/]: Missing sound for event: minecraft:entity.player.breath
[21Mar2025 15:26:14.875] [Render thread/WARN] [net.minecraft.client.sounds.SoundEngine/]: Missing sound for event: minecraft:entity.player.burp
[21Mar2025 15:26:14.875] [Render thread/WARN] [net.minecraft.client.sounds.SoundEngine/]: Missing sound for event: minecraft:entity.player.death
[21Mar2025 15:26:14.875] [Render thread/WARN] [net.minecraft.client.sounds.SoundEngine/]: Missing sound for event: minecraft:entity.player.hurt
[21Mar2025 15:26:14.875] [Render thread/WARN] [net.minecraft.client.sounds.SoundEngine/]: Missing sound for event: minecraft:entity.player.hurt_drown
[21Mar2025 15:26:14.875] [Render thread/WARN] [net.minecraft.client.sounds.SoundEngine/]: Missing sound for event: minecraft:entity.player.hurt_freeze
[21Mar2025 15:26:14.875] [Render thread/WARN] [net.minecraft.client.sounds.SoundEngine/]: Missing sound for event: minecraft:entity.player.hurt_on_fire
[21Mar2025 15:26:14.875] [Render thread/WARN] [net.minecraft.client.sounds.SoundEngine/]: Missing sound for event: minecraft:entity.player.hurt_sweet_berry_bush
[21Mar2025 15:26:14.875] [Render thread/WARN] [net.minecraft.client.sounds.SoundEngine/]: Missing sound for event: minecraft:entity.player.levelup
[21Mar2025 15:26:14.875] [Render thread/WARN] [net.minecraft.client.sounds.SoundEngine/]: Missing sound for event: minecraft:entity.player.small_fall
[21Mar2025 15:26:14.876] [Render thread/WARN] [net.minecraft.client.sounds.SoundEngine/]: Missing sound for event: minecraft:entity.player.splash
[21Mar2025 15:26:14.876] [Render thread/WARN] [net.minecraft.client.sounds.SoundEngine/]: Missing sound for event: minecraft:entity.player.splash.high_speed
[21Mar2025 15:26:14.876] [Render thread/WARN] [net.minecraft.client.sounds.SoundEngine/]: Missing sound for event: minecraft:entity.player.swim
[21Mar2025 15:26:14.876] [Render thread/WARN] [net.minecraft.client.sounds.SoundEngine/]: Missing sound for event: minecraft:entity.player.teleport
[21Mar2025 15:26:14.876] [Render thread/WARN] [net.minecraft.client.sounds.SoundEngine/]: Missing sound for event: minecraft:entity.polar_bear.ambient
[21Mar2025 15:26:14.876] [Render thread/WARN] [net.minecraft.client.sounds.SoundEngine/]: Missing sound for event: minecraft:entity.polar_bear.ambient_baby
[21Mar2025 15:26:14.876] [Render thread/WARN] [net.minecraft.client.sounds.SoundEngine/]: Missing sound for event: minecraft:entity.polar_bear.death
[21Mar2025 15:26:14.876] [Render thread/WARN] [net.minecraft.client.sounds.SoundEngine/]: Missing sound for event: minecraft:entity.polar_bear.hurt
[21Mar2025 15:26:14.876] [Render thread/WARN] [net.minecraft.client.sounds.SoundEngine/]: Missing sound for event: minecraft:entity.polar_bear.step
[21Mar2025 15:26:14.876] [Render thread/WARN] [net.minecraft.client.sounds.SoundEngine/]: Missing sound for event: minecraft:entity.polar_bear.warning
[21Mar2025 15:26:14.876] [Render thread/WARN] [net.minecraft.client.sounds.SoundEngine/]: Missing sound for event: minecraft:block.polished_deepslate.break
[21Mar2025 15:26:14.876] [Render thread/WARN] [net.minecraft.client.sounds.SoundEngine/]: Missing sound for event: minecraft:block.polished_deepslate.fall
[21Mar2025 15:26:14.876] [Render thread/WARN] [net.minecraft.client.sounds.SoundEngine/]: Missing sound for event: minecraft:block.polished_deepslate.hit
[21Mar2025 15:26:14.876] [Render thread/WARN] [net.minecraft.client.sounds.SoundEngine/]: Missing sound for event: minecraft:block.polished_deepslate.place
[21Mar2025 15:26:14.876] [Render thread/WARN] [net.minecraft.client.sounds.SoundEngine/]: Missing sound for event: minecraft:block.polished_deepslate.step
[21Mar2025 15:26:14.876] [Render thread/WARN] [net.minecraft.client.sounds.SoundEngine/]: Missing sound for event: minecraft:block.portal.ambient
[21Mar2025 15:26:14.878] [Render thread/WARN] [net.minecraft.client.sounds.SoundEngine/]: Missing sound for event: minecraft:block.portal.travel
[21Mar2025 15:26:14.878] [Render thread/WARN] [net.minecraft.client.sounds.SoundEngine/]: Missing sound for event: minecraft:block.portal.trigger
[21Mar2025 15:26:14.878] [Render thread/WARN] [net.minecraft.client.sounds.SoundEngine/]: Missing sound for event: minecraft:block.powder_snow.break
[21Mar2025 15:26:14.878] [Render thread/WARN] [net.minecraft.client.sounds.SoundEngine/]: Missing sound for event: minecraft:block.powder_snow.fall
[21Mar2025 15:26:14.878] [Render thread/WARN] [net.minecraft.client.sounds.SoundEngine/]: Missing sound for event: minecraft:block.powder_snow.hit
[21Mar2025 15:26:14.878] [Render thread/WARN] [net.minecraft.client.sounds.SoundEngine/]: Missing sound for event: minecraft:block.powder_snow.place
[21Mar2025 15:26:14.878] [Render thread/WARN] [net.minecraft.client.sounds.SoundEngine/]: Missing sound for event: minecraft:block.powder_snow.step
[21Mar2025 15:26:14.878] [Render thread/WARN] [net.minecraft.client.sounds.SoundEngine/]: Missing sound for event: minecraft:entity.puffer_fish.ambient
[21Mar2025 15:26:14.878] [Render thread/WARN] [net.minecraft.client.sounds.SoundEngine/]: Missing sound for event: minecraft:entity.puffer_fish.blow_out
[21Mar2025 15:26:14.878] [Render thread/WARN] [net.minecraft.client.sounds.SoundEngine/]: Missing sound for event: minecraft:entity.puffer_fish.blow_up
[21Mar2025 15:26:14.878] [Render thread/WARN] [net.minecraft.client.sounds.SoundEngine/]: Missing sound for event: minecraft:entity.puffer_fish.death
[21Mar2025 15:26:14.879] [Render thread/WARN] [net.minecraft.client.sounds.SoundEngine/]: Missing sound for event: minecraft:entity.puffer_fish.flop
[21Mar2025 15:26:14.879] [Render thread/WARN] [net.minecraft.client.sounds.SoundEngine/]: Missing sound for event: minecraft:entity.puffer_fish.hurt
[21Mar2025 15:26:14.879] [Render thread/WARN] [net.minecraft.client.sounds.SoundEngine/]: Missing sound for event: minecraft:entity.puffer_fish.sting
[21Mar2025 15:26:14.879] [Render thread/WARN] [net.minecraft.client.sounds.SoundEngine/]: Missing sound for event: minecraft:block.pumpkin.carve
[21Mar2025 15:26:14.879] [Render thread/WARN] [net.minecraft.client.sounds.SoundEngine/]: Missing sound for event: minecraft:entity.rabbit.ambient
[21Mar2025 15:26:14.879] [Render thread/WARN] [net.minecraft.client.sounds.SoundEngine/]: Missing sound for event: minecraft:entity.rabbit.attack
[21Mar2025 15:26:14.879] [Render thread/WARN] [net.minecraft.client.sounds.SoundEngine/]: Missing sound for event: minecraft:entity.rabbit.death
[21Mar2025 15:26:14.879] [Render thread/WARN] [net.minecraft.client.sounds.SoundEngine/]: Missing sound for event: minecraft:entity.rabbit.hurt
[21Mar2025 15:26:14.879] [Render thread/WARN] [net.minecraft.client.sounds.SoundEngine/]: Missing sound for event: minecraft:entity.rabbit.jump
[21Mar2025 15:26:14.879] [Render thread/WARN] [net.minecraft.client.sounds.SoundEngine/]: Missing sound for event: minecraft:event.raid.horn
[21Mar2025 15:26:14.879] [Render thread/WARN] [net.minecraft.client.sounds.SoundEngine/]: Missing sound for event: minecraft:entity.ravager.ambient
[21Mar2025 15:26:14.879] [Render thread/WARN] [net.minecraft.client.sounds.SoundEngine/]: Missing sound for event: minecraft:entity.ravager.attack
[21Mar2025 15:26:14.879] [Render thread/WARN] [net.minecraft.client.sounds.SoundEngine/]: Missing sound for event: minecraft:entity.ravager.celebrate
[21Mar2025 15:26:14.879] [Render thread/WARN] [net.minecraft.client.sounds.SoundEngine/]: Missing sound for event: minecraft:entity.ravager.death
[21Mar2025 15:26:14.879] [Render thread/WARN] [net.minecraft.client.sounds.SoundEngine/]: Missing sound for event: minecraft:entity.ravager.hurt
[21Mar2025 15:26:14.879] [Render thread/WARN] [net.minecraft.client.sounds.SoundEngine/]: Missing sound for event: minecraft:entity.ravager.step
[21Mar2025 15:26:14.879] [Render thread/WARN] [net.minecraft.client.sounds.SoundEngine/]: Missing sound for event: minecraft:entity.ravager.stunned
[21Mar2025 15:26:14.879] [Render thread/WARN] [net.minecraft.client.sounds.SoundEngine/]: Missing sound for event: minecraft:entity.ravager.roar
[21Mar2025 15:26:14.879] [Render thread/WARN] [net.minecraft.client.sounds.SoundEngine/]: Missing sound for event: minecraft:block.nether_gold_ore.break
[21Mar2025 15:26:14.879] [Render thread/WARN] [net.minecraft.client.sounds.SoundEngine/]: Missing sound for event: minecraft:block.nether_gold_ore.fall
[21Mar2025 15:26:14.879] [Render thread/WARN] [net.minecraft.client.sounds.SoundEngine/]: Missing sound for event: minecraft:block.nether_gold_ore.hit
[21Mar2025 15:26:14.879] [Render thread/WARN] [net.minecraft.client.sounds.SoundEngine/]: Missing sound for event: minecraft:block.nether_gold_ore.place
[21Mar2025 15:26:14.879] [Render thread/WARN] [net.minecraft.client.sounds.SoundEngine/]: Missing sound for event: minecraft:block.nether_gold_ore.step
[21Mar2025 15:26:14.879] [Render thread/WARN] [net.minecraft.client.sounds.SoundEngine/]: Missing sound for event: minecraft:block.nether_ore.break
[21Mar2025 15:26:14.880] [Render thread/WARN] [net.minecraft.client.sounds.SoundEngine/]: Missing sound for event: minecraft:block.nether_ore.fall
[21Mar2025 15:26:14.880] [Render thread/WARN] [net.minecraft.client.sounds.SoundEngine/]: Missing sound for event: minecraft:block.nether_ore.hit
[21Mar2025 15:26:14.880] [Render thread/WARN] [net.minecraft.client.sounds.SoundEngine/]: Missing sound for event: minecraft:block.nether_ore.place
[21Mar2025 15:26:14.880] [Render thread/WARN] [net.minecraft.client.sounds.SoundEngine/]: Missing sound for event: minecraft:block.nether_ore.step
[21Mar2025 15:26:14.880] [Render thread/WARN] [net.minecraft.client.sounds.SoundEngine/]: Missing sound for event: minecraft:block.redstone_torch.burnout
[21Mar2025 15:26:14.880] [Render thread/WARN] [net.minecraft.client.sounds.SoundEngine/]: Missing sound for event: minecraft:block.respawn_anchor.ambient
[21Mar2025 15:26:14.880] [Render thread/WARN] [net.minecraft.client.sounds.SoundEngine/]: Missing sound for event: minecraft:block.respawn_anchor.charge
[21Mar2025 15:26:14.880] [Render thread/WARN] [net.minecraft.client.sounds.SoundEngine/]: Missing sound for event: minecraft:block.respawn_anchor.deplete
[21Mar2025 15:26:14.880] [Render thread/WARN] [net.minecraft.client.sounds.SoundEngine/]: Missing sound for event: minecraft:block.respawn_anchor.set_spawn
[21Mar2025 15:26:14.880] [Render thread/WARN] [net.minecraft.client.sounds.SoundEngine/]: Missing sound for event: minecraft:block.rooted_dirt.break
[21Mar2025 15:26:14.880] [Render thread/WARN] [net.minecraft.client.sounds.SoundEngine/]: Missing sound for event: minecraft:block.rooted_dirt.fall
[21Mar2025 15:26:14.880] [Render thread/WARN] [net.minecraft.client.sounds.SoundEngine/]: Missing sound for event: minecraft:block.rooted_dirt.hit
[21Mar2025 15:26:14.880] [Render thread/WARN] [net.minecraft.client.sounds.SoundEngine/]: Missing sound for event: minecraft:block.rooted_dirt.place
[21Mar2025 15:26:14.880] [Render thread/WARN] [net.minecraft.client.sounds.SoundEngine/]: Missing sound for event: minecraft:block.rooted_dirt.step
[21Mar2025 15:26:14.880] [Render thread/WARN] [net.minecraft.client.sounds.SoundEngine/]: Missing sound for event: minecraft:entity.salmon.ambient
[21Mar2025 15:26:14.880] [Render thread/WARN] [net.minecraft.client.sounds.SoundEngine/]: Missing sound for event: minecraft:entity.salmon.death
[21Mar2025 15:26:14.880] [Render thread/WARN] [net.minecraft.client.sounds.SoundEngine/]: Missing sound for event: minecraft:entity.salmon.flop
[21Mar2025 15:26:14.880] [Render thread/WARN] [net.minecraft.client.sounds.SoundEngine/]: Missing sound for event: minecraft:entity.salmon.hurt
[21Mar2025 15:26:14.880] [Render thread/WARN] [net.minecraft.client.sounds.SoundEngine/]: Missing sound for event: minecraft:block.sand.break
[21Mar2025 15:26:14.880] [Render thread/WARN] [net.minecraft.client.sounds.SoundEngine/]: Missing sound for event: minecraft:block.sand.fall
[21Mar2025 15:26:14.880] [Render thread/WARN] [net.minecraft.client.sounds.SoundEngine/]: Missing sound for event: minecraft:block.sand.hit
[21Mar2025 15:26:14.880] [Render thread/WARN] [net.minecraft.client.sounds.SoundEngine/]: Missing sound for event: minecraft:block.sand.place
[21Mar2025 15:26:14.880] [Render thread/WARN] [net.minecraft.client.sounds.SoundEngine/]: Missing sound for event: minecraft:block.sand.step
[21Mar2025 15:26:14.880] [Render thread/WARN] [net.minecraft.client.sounds.SoundEngine/]: Missing sound for event: minecraft:block.scaffolding.break
[21Mar2025 15:26:14.881] [Render thread/WARN] [net.minecraft.client.sounds.SoundEngine/]: Missing sound for event: minecraft:block.scaffolding.fall
[21Mar2025 15:26:14.881] [Render thread/WARN] [net.minecraft.client.sounds.SoundEngine/]: Missing sound for event: minecraft:block.scaffolding.hit
[21Mar2025 15:26:14.881] [Render thread/WARN] [net.minecraft.client.sounds.SoundEngine/]: Missing sound for event: minecraft:block.scaffolding.place
[21Mar2025 15:26:14.881] [Render thread/WARN] [net.minecraft.client.sounds.SoundEngine/]: Missing sound for event: minecraft:block.scaffolding.step
[21Mar2025 15:26:14.881] [Render thread/WARN] [net.minecraft.client.sounds.SoundEngine/]: Missing sound for event: minecraft:block.sculk.spread
[21Mar2025 15:26:14.881] [Render thread/WARN] [net.minecraft.client.sounds.SoundEngine/]: Missing sound for event: minecraft:block.sculk.charge
[21Mar2025 15:26:14.881] [Render thread/WARN] [net.minecraft.client.sounds.SoundEngine/]: Missing sound for event: minecraft:block.sculk.break
[21Mar2025 15:26:14.881] [Render thread/WARN] [net.minecraft.client.sounds.SoundEngine/]: Missing sound for event: minecraft:block.sculk.fall
[21Mar2025 15:26:14.881] [Render thread/WARN] [net.minecraft.client.sounds.SoundEngine/]: Missing sound for event: minecraft:block.sculk.hit
[21Mar2025 15:26:14.881] [Render thread/WARN] [net.minecraft.client.sounds.SoundEngine/]: Missing sound for event: minecraft:block.sculk.place
[21Mar2025 15:26:14.881] [Render thread/WARN] [net.minecraft.client.sounds.SoundEngine/]: Missing sound for event: minecraft:block.sculk.step
[21Mar2025 15:26:14.881] [Render thread/WARN] [net.minecraft.client.sounds.SoundEngine/]: Missing sound for event: minecraft:block.sculk_catalyst.bloom
[21Mar2025 15:26:14.881] [Render thread/WARN] [net.minecraft.client.sounds.SoundEngine/]: Missing sound for event: minecraft:block.sculk_catalyst.break
[21Mar2025 15:26:14.881] [Render thread/WARN] [net.minecraft.client.sounds.SoundEngine/]: Missing sound for event: minecraft:block.sculk_catalyst.fall
[21Mar2025 15:26:14.881] [Render thread/WARN] [net.minecraft.client.sounds.SoundEngine/]: Missing sound for event: minecraft:block.sculk_catalyst.hit
[21Mar2025 15:26:14.881] [Render thread/WARN] [net.minecraft.client.sounds.SoundEngine/]: Missing sound for event: minecraft:block.sculk_catalyst.place
[21Mar2025 15:26:14.881] [Render thread/WARN] [net.minecraft.client.sounds.SoundEngine/]: Missing sound for event: minecraft:block.sculk_catalyst.step
[21Mar2025 15:26:14.881] [Render thread/WARN] [net.minecraft.client.sounds.SoundEngine/]: Missing sound for event: minecraft:block.sculk_sensor.clicking
[21Mar2025 15:26:14.881] [Render thread/WARN] [net.minecraft.client.sounds.SoundEngine/]: Missing sound for event: minecraft:block.sculk_sensor.clicking_stop
[21Mar2025 15:26:14.881] [Render thread/WARN] [net.minecraft.client.sounds.SoundEngine/]: Missing sound for event: minecraft:block.sculk_sensor.break
[21Mar2025 15:26:14.881] [Render thread/WARN] [net.minecraft.client.sounds.SoundEngine/]: Missing sound for event: minecraft:block.sculk_sensor.fall
[21Mar2025 15:26:14.881] [Render thread/WARN] [net.minecraft.client.sounds.SoundEngine/]: Missing sound for event: minecraft:block.sculk_sensor.hit
[21Mar2025 15:26:14.881] [Render thread/WARN] [net.minecraft.client.sounds.SoundEngine/]: Missing sound for event: minecraft:block.sculk_sensor.place
[21Mar2025 15:26:14.881] [Render thread/WARN] [net.minecraft.client.sounds.SoundEngine/]: Missing sound for event: minecraft:block.sculk_sensor.step
[21Mar2025 15:26:14.881] [Render thread/WARN] [net.minecraft.client.sounds.SoundEngine/]: Missing sound for event: minecraft:block.sculk_shrieker.break
[21Mar2025 15:26:14.882] [Render thread/WARN] [net.minecraft.client.sounds.SoundEngine/]: Missing sound for event: minecraft:block.sculk_shrieker.fall
[21Mar2025 15:26:14.882] [Render thread/WARN] [net.minecraft.client.sounds.SoundEngine/]: Missing sound for event: minecraft:block.sculk_shrieker.hit
[21Mar2025 15:26:14.882] [Render thread/WARN] [net.minecraft.client.sounds.SoundEngine/]: Missing sound for event: minecraft:block.sculk_shrieker.place
[21Mar2025 15:26:14.882] [Render thread/WARN] [net.minecraft.client.sounds.SoundEngine/]: Missing sound for event: minecraft:block.sculk_shrieker.shriek
[21Mar2025 15:26:14.882] [Render thread/WARN] [net.minecraft.client.sounds.SoundEngine/]: Missing sound for event: minecraft:block.sculk_shrieker.step
[21Mar2025 15:26:14.882] [Render thread/WARN] [net.minecraft.client.sounds.SoundEngine/]: Missing sound for event: minecraft:block.sculk_vein.break
[21Mar2025 15:26:14.882] [Render thread/WARN] [net.minecraft.client.sounds.SoundEngine/]: Missing sound for event: minecraft:block.sculk_vein.fall
[21Mar2025 15:26:14.882] [Render thread/WARN] [net.minecraft.client.sounds.SoundEngine/]: Missing sound for event: minecraft:block.sculk_vein.hit
[21Mar2025 15:26:14.882] [Render thread/WARN] [net.minecraft.client.sounds.SoundEngine/]: Missing sound for event: minecraft:block.sculk_vein.place
[21Mar2025 15:26:14.882] [Render thread/WARN] [net.minecraft.client.sounds.SoundEngine/]: Missing sound for event: minecraft:block.sculk_vein.step
[21Mar2025 15:26:14.882] [Render thread/WARN] [net.minecraft.client.sounds.SoundEngine/]: Missing sound for event: minecraft:entity.sheep.ambient
[21Mar2025 15:26:14.882] [Render thread/WARN] [net.minecraft.client.sounds.SoundEngine/]: Missing sound for event: minecraft:entity.sheep.death
[21Mar2025 15:26:14.882] [Render thread/WARN] [net.minecraft.client.sounds.SoundEngine/]: Missing sound for event: minecraft:entity.sheep.hurt
[21Mar2025 15:26:14.882] [Render thread/WARN] [net.minecraft.client.sounds.SoundEngine/]: Missing sound for event: minecraft:entity.sheep.shear
[21Mar2025 15:26:14.882] [Render thread/WARN] [net.minecraft.client.sounds.SoundEngine/]: Missing sound for event: minecraft:entity.sheep.step
[21Mar2025 15:26:14.882] [Render thread/WARN] [net.minecraft.client.sounds.SoundEngine/]: Missing sound for event: minecraft:item.shield.block
[21Mar2025 15:26:14.882] [Render thread/WARN] [net.minecraft.client.sounds.SoundEngine/]: Missing sound for event: minecraft:item.shield.break
[21Mar2025 15:26:14.882] [Render thread/WARN] [net.minecraft.client.sounds.SoundEngine/]: Missing sound for event: minecraft:block.shroomlight.break
[21Mar2025 15:26:14.883] [Render thread/WARN] [net.minecraft.client.sounds.SoundEngine/]: Missing sound for event: minecraft:block.shroomlight.step
[21Mar2025 15:26:14.883] [Render thread/WARN] [net.minecraft.client.sounds.SoundEngine/]: Missing sound for event: minecraft:block.shroomlight.place
[21Mar2025 15:26:14.883] [Render thread/WARN] [net.minecraft.client.sounds.SoundEngine/]: Missing sound for event: minecraft:block.shroomlight.hit
[21Mar2025 15:26:14.883] [Render thread/WARN] [net.minecraft.client.sounds.SoundEngine/]: Missing sound for event: minecraft:block.shroomlight.fall
[21Mar2025 15:26:14.883] [Render thread/WARN] [net.minecraft.client.sounds.SoundEngine/]: Missing sound for event: minecraft:item.shovel.flatten
[21Mar2025 15:26:14.883] [Render thread/WARN] [net.minecraft.client.sounds.SoundEngine/]: Missing sound for event: minecraft:entity.shulker.ambient
[21Mar2025 15:26:14.883] [Render thread/WARN] [net.minecraft.client.sounds.SoundEngine/]: Missing sound for event: minecraft:block.shulker_box.close
[21Mar2025 15:26:14.883] [Render thread/WARN] [net.minecraft.client.sounds.SoundEngine/]: Missing sound for event: minecraft:block.shulker_box.open
[21Mar2025 15:26:14.883] [Render thread/WARN] [net.minecraft.client.sounds.SoundEngine/]: Missing sound for event: minecraft:entity.shulker_bullet.hit
[21Mar2025 15:26:14.883] [Render thread/WARN] [net.minecraft.client.sounds.SoundEngine/]: Missing sound for event: minecraft:entity.shulker_bullet.hurt
[21Mar2025 15:26:14.883] [Render thread/WARN] [net.minecraft.client.sounds.SoundEngine/]: Missing sound for event: minecraft:entity.shulker.close
[21Mar2025 15:26:14.883] [Render thread/WARN] [net.minecraft.client.sounds.SoundEngine/]: Missing sound for event: minecraft:entity.shulker.death
[21Mar2025 15:26:14.883] [Render thread/WARN] [net.minecraft.client.sounds.SoundEngine/]: Missing sound for event: minecraft:entity.shulker.hurt
[21Mar2025 15:26:14.883] [Render thread/WARN] [net.minecraft.client.sounds.SoundEngine/]: Missing sound for event: minecraft:entity.shulker.hurt_closed
[21Mar2025 15:26:14.883] [Render thread/WARN] [net.minecraft.client.sounds.SoundEngine/]: Missing sound for event: minecraft:entity.shulker.open
[21Mar2025 15:26:14.883] [Render thread/WARN] [net.minecraft.client.sounds.SoundEngine/]: Missing sound for event: minecraft:entity.shulker.shoot
[21Mar2025 15:26:14.884] [Render thread/WARN] [net.minecraft.client.sounds.SoundEngine/]: Missing sound for event: minecraft:entity.shulker.teleport
[21Mar2025 15:26:14.884] [Render thread/WARN] [net.minecraft.client.sounds.SoundEngine/]: Missing sound for event: minecraft:entity.silverfish.ambient
[21Mar2025 15:26:14.884] [Render thread/WARN] [net.minecraft.client.sounds.SoundEngine/]: Missing sound for event: minecraft:entity.silverfish.death
[21Mar2025 15:26:14.884] [Render thread/WARN] [net.minecraft.client.sounds.SoundEngine/]: Missing sound for event: minecraft:entity.silverfish.hurt
[21Mar2025 15:26:14.884] [Render thread/WARN] [net.minecraft.client.sounds.SoundEngine/]: Missing sound for event: minecraft:entity.silverfish.step
[21Mar2025 15:26:14.884] [Render thread/WARN] [net.minecraft.client.sounds.SoundEngine/]: Missing sound for event: minecraft:entity.skeleton.ambient
[21Mar2025 15:26:14.884] [Render thread/WARN] [net.minecraft.client.sounds.SoundEngine/]: Missing sound for event: minecraft:entity.skeleton.converted_to_stray
[21Mar2025 15:26:14.884] [Render thread/WARN] [net.minecraft.client.sounds.SoundEngine/]: Missing sound for event: minecraft:entity.skeleton.death
[21Mar2025 15:26:14.884] [Render thread/WARN] [net.minecraft.client.sounds.SoundEngine/]: Missing sound for event: minecraft:entity.skeleton_horse.ambient
[21Mar2025 15:26:14.884] [Render thread/WARN] [net.minecraft.client.sounds.SoundEngine/]: Missing sound for event: minecraft:entity.skeleton_horse.death
[21Mar2025 15:26:14.884] [Render thread/WARN] [net.minecraft.client.sounds.SoundEngine/]: Missing sound for event: minecraft:entity.skeleton_horse.hurt
[21Mar2025 15:26:14.884] [Render thread/WARN] [net.minecraft.client.sounds.SoundEngine/]: Missing sound for event: minecraft:entity.skeleton_horse.swim
[21Mar2025 15:26:14.884] [Render thread/WARN] [net.minecraft.client.sounds.SoundEngine/]: Missing sound for event: minecraft:entity.skeleton_horse.ambient_water
[21Mar2025 15:26:14.884] [Render thread/WARN] [net.minecraft.client.sounds.SoundEngine/]: Missing sound for event: minecraft:entity.skeleton_horse.gallop_water
[21Mar2025 15:26:14.884] [Render thread/WARN] [net.minecraft.client.sounds.SoundEngine/]: Missing sound for event: minecraft:entity.skeleton_horse.jump_water
[21Mar2025 15:26:14.884] [Render thread/WARN] [net.minecraft.client.sounds.SoundEngine/]: Missing sound for event: minecraft:entity.skeleton_horse.step_water
[21Mar2025 15:26:14.884] [Render thread/WARN] [net.minecraft.client.sounds.SoundEngine/]: Missing sound for event: minecraft:entity.skeleton.hurt
[21Mar2025 15:26:14.884] [Render thread/WARN] [net.minecraft.client.sounds.SoundEngine/]: Missing sound for event: minecraft:entity.skeleton.shoot
[21Mar2025 15:26:14.884] [Render thread/WARN] [net.minecraft.client.sounds.SoundEngine/]: Missing sound for event: minecraft:entity.skeleton.step
[21Mar2025 15:26:14.884] [Render thread/WARN] [net.minecraft.client.sounds.SoundEngine/]: Missing sound for event: minecraft:entity.slime.attack
[21Mar2025 15:26:14.884] [Render thread/WARN] [net.minecraft.client.sounds.SoundEngine/]: Missing sound for event: minecraft:entity.slime.death
[21Mar2025 15:26:14.885] [Render thread/WARN] [net.minecraft.client.sounds.SoundEngine/]: Missing sound for event: minecraft:entity.slime.hurt
[21Mar2025 15:26:14.885] [Render thread/WARN] [net.minecraft.client.sounds.SoundEngine/]: Missing sound for event: minecraft:entity.slime.jump
[21Mar2025 15:26:14.885] [Render thread/WARN] [net.minecraft.client.sounds.SoundEngine/]: Missing sound for event: minecraft:entity.slime.squish
[21Mar2025 15:26:14.885] [Render thread/WARN] [net.minecraft.client.sounds.SoundEngine/]: Missing sound for event: minecraft:block.slime_block.break
[21Mar2025 15:26:14.885] [Render thread/WARN] [net.minecraft.client.sounds.SoundEngine/]: Missing sound for event: minecraft:block.slime_block.fall
[21Mar2025 15:26:14.885] [Render thread/WARN] [net.minecraft.client.sounds.SoundEngine/]: Missing sound for event: minecraft:block.slime_block.hit
[21Mar2025 15:26:14.885] [Render thread/WARN] [net.minecraft.client.sounds.SoundEngine/]: Missing sound for event: minecraft:block.slime_block.place
[21Mar2025 15:26:14.885] [Render thread/WARN] [net.minecraft.client.sounds.SoundEngine/]: Missing sound for event: minecraft:block.slime_block.step
[21Mar2025 15:26:14.885] [Render thread/WARN] [net.minecraft.client.sounds.SoundEngine/]: Missing sound for event: minecraft:block.small_amethyst_bud.break
[21Mar2025 15:26:14.885] [Render thread/WARN] [net.minecraft.client.sounds.SoundEngine/]: Missing sound for event: minecraft:block.small_amethyst_bud.place
[21Mar2025 15:26:14.885] [Render thread/WARN] [net.minecraft.client.sounds.SoundEngine/]: Missing sound for event: minecraft:block.small_dripleaf.break
[21Mar2025 15:26:14.885] [Render thread/WARN] [net.minecraft.client.sounds.SoundEngine/]: Missing sound for event: minecraft:block.small_dripleaf.fall
[21Mar2025 15:26:14.885] [Render thread/WARN] [net.minecraft.client.sounds.SoundEngine/]: Missing sound for event: minecraft:block.small_dripleaf.hit
[21Mar2025 15:26:14.885] [Render thread/WARN] [net.minecraft.client.sounds.SoundEngine/]: Missing sound for event: minecraft:block.small_dripleaf.place
[21Mar2025 15:26:14.885] [Render thread/WARN] [net.minecraft.client.sounds.SoundEngine/]: Missing sound for event: minecraft:block.small_dripleaf.step
[21Mar2025 15:26:14.885] [Render thread/WARN] [net.minecraft.client.sounds.SoundEngine/]: Missing sound for event: minecraft:block.soul_sand.break
[21Mar2025 15:26:14.885] [Render thread/WARN] [net.minecraft.client.sounds.SoundEngine/]: Missing sound for event: minecraft:block.soul_sand.step
[21Mar2025 15:26:14.885] [Render thread/WARN] [net.minecraft.client.sounds.SoundEngine/]: Missing sound for event: minecraft:block.soul_sand.place
[21Mar2025 15:26:14.885] [Render thread/WARN] [net.minecraft.client.sounds.SoundEngine/]: Missing sound for event: minecraft:block.soul_sand.hit
[21Mar2025 15:26:14.885] [Render thread/WARN] [net.minecraft.client.sounds.SoundEngine/]: Missing sound for event: minecraft:block.soul_sand.fall
[21Mar2025 15:26:14.885] [Render thread/WARN] [net.minecraft.client.sounds.SoundEngine/]: Missing sound for event: minecraft:block.soul_soil.break
[21Mar2025 15:26:14.885] [Render thread/WARN] [net.minecraft.client.sounds.SoundEngine/]: Missing sound for event: minecraft:block.soul_soil.step
[21Mar2025 15:26:14.885] [Render thread/WARN] [net.minecraft.client.sounds.SoundEngine/]: Missing sound for event: minecraft:block.soul_soil.place
[21Mar2025 15:26:14.885] [Render thread/WARN] [net.minecraft.client.sounds.SoundEngine/]: Missing sound for event: minecraft:block.soul_soil.hit
[21Mar2025 15:26:14.885] [Render thread/WARN] [net.minecraft.client.sounds.SoundEngine/]: Missing sound for event: minecraft:block.soul_soil.fall
[21Mar2025 15:26:14.886] [Render thread/WARN] [net.minecraft.client.sounds.SoundEngine/]: Missing sound for event: minecraft:particle.soul_escape
[21Mar2025 15:26:14.886] [Render thread/WARN] [net.minecraft.client.sounds.SoundEngine/]: Missing sound for event: minecraft:block.spore_blossom.break
[21Mar2025 15:26:14.886] [Render thread/WARN] [net.minecraft.client.sounds.SoundEngine/]: Missing sound for event: minecraft:block.spore_blossom.fall
[21Mar2025 15:26:14.886] [Render thread/WARN] [net.minecraft.client.sounds.SoundEngine/]: Missing sound for event: minecraft:block.spore_blossom.hit
[21Mar2025 15:26:14.886] [Render thread/WARN] [net.minecraft.client.sounds.SoundEngine/]: Missing sound for event: minecraft:block.spore_blossom.place
[21Mar2025 15:26:14.886] [Render thread/WARN] [net.minecraft.client.sounds.SoundEngine/]: Missing sound for event: minecraft:block.spore_blossom.step
[21Mar2025 15:26:14.886] [Render thread/WARN] [net.minecraft.client.sounds.SoundEngine/]: Missing sound for event: minecraft:entity.strider.ambient
[21Mar2025 15:26:14.886] [Render thread/WARN] [net.minecraft.client.sounds.SoundEngine/]: Missing sound for event: minecraft:entity.strider.happy
[21Mar2025 15:26:14.886] [Render thread/WARN] [net.minecraft.client.sounds.SoundEngine/]: Missing sound for event: minecraft:entity.strider.retreat
[21Mar2025 15:26:14.886] [Render thread/WARN] [net.minecraft.client.sounds.SoundEngine/]: Missing sound for event: minecraft:entity.strider.death
[21Mar2025 15:26:14.886] [Render thread/WARN] [net.minecraft.client.sounds.SoundEngine/]: Missing sound for event: minecraft:entity.strider.hurt
[21Mar2025 15:26:14.887] [Render thread/WARN] [net.minecraft.client.sounds.SoundEngine/]: Missing sound for event: minecraft:entity.strider.step
[21Mar2025 15:26:14.887] [Render thread/WARN] [net.minecraft.client.sounds.SoundEngine/]: Missing sound for event: minecraft:entity.strider.step_lava
[21Mar2025 15:26:14.887] [Render thread/WARN] [net.minecraft.client.sounds.SoundEngine/]: Missing sound for event: minecraft:entity.strider.eat
[21Mar2025 15:26:14.887] [Render thread/WARN] [net.minecraft.client.sounds.SoundEngine/]: Missing sound for event: minecraft:entity.strider.saddle
[21Mar2025 15:26:14.887] [Render thread/WARN] [net.minecraft.client.sounds.SoundEngine/]: Missing sound for event: minecraft:entity.slime.death_small
[21Mar2025 15:26:14.887] [Render thread/WARN] [net.minecraft.client.sounds.SoundEngine/]: Missing sound for event: minecraft:entity.slime.hurt_small
[21Mar2025 15:26:14.887] [Render thread/WARN] [net.minecraft.client.sounds.SoundEngine/]: Missing sound for event: minecraft:entity.slime.jump_small
[21Mar2025 15:26:14.887] [Render thread/WARN] [net.minecraft.client.sounds.SoundEngine/]: Missing sound for event: minecraft:entity.slime.squish_small
[21Mar2025 15:26:14.887] [Render thread/WARN] [net.minecraft.client.sounds.SoundEngine/]: Missing sound for event: minecraft:block.smithing_table.use
[21Mar2025 15:26:14.887] [Render thread/WARN] [net.minecraft.client.sounds.SoundEngine/]: Missing sound for event: minecraft:block.smoker.smoke
[21Mar2025 15:26:14.887] [Render thread/WARN] [net.minecraft.client.sounds.SoundEngine/]: Missing sound for event: minecraft:entity.sniffer.step
[21Mar2025 15:26:14.887] [Render thread/WARN] [net.minecraft.client.sounds.SoundEngine/]: Missing sound for event: minecraft:entity.sniffer.eat
[21Mar2025 15:26:14.887] [Render thread/WARN] [net.minecraft.client.sounds.SoundEngine/]: Missing sound for event: minecraft:entity.sniffer.idle
[21Mar2025 15:26:14.887] [Render thread/WARN] [net.minecraft.client.sounds.SoundEngine/]: Missing sound for event: minecraft:entity.sniffer.hurt
[21Mar2025 15:26:14.887] [Render thread/WARN] [net.minecraft.client.sounds.SoundEngine/]: Missing sound for event: minecraft:entity.sniffer.death
[21Mar2025 15:26:14.888] [Render thread/WARN] [net.minecraft.client.sounds.SoundEngine/]: Missing sound for event: minecraft:entity.sniffer.drop_seed
[21Mar2025 15:26:14.888] [Render thread/WARN] [net.minecraft.client.sounds.SoundEngine/]: Missing sound for event: minecraft:entity.sniffer.scenting
[21Mar2025 15:26:14.888] [Render thread/WARN] [net.minecraft.client.sounds.SoundEngine/]: Missing sound for event: minecraft:entity.sniffer.sniffing
[21Mar2025 15:26:14.888] [Render thread/WARN] [net.minecraft.client.sounds.SoundEngine/]: Missing sound for event: minecraft:entity.sniffer.searching
[21Mar2025 15:26:14.888] [Render thread/WARN] [net.minecraft.client.sounds.SoundEngine/]: Missing sound for event: minecraft:entity.sniffer.digging
[21Mar2025 15:26:14.888] [Render thread/WARN] [net.minecraft.client.sounds.SoundEngine/]: Missing sound for event: minecraft:entity.sniffer.digging_stop
[21Mar2025 15:26:14.888] [Render thread/WARN] [net.minecraft.client.sounds.SoundEngine/]: Missing sound for event: minecraft:entity.sniffer.happy
[21Mar2025 15:26:14.888] [Render thread/WARN] [net.minecraft.client.sounds.SoundEngine/]: Missing sound for event: minecraft:block.sniffer_egg.plop
[21Mar2025 15:26:14.888] [Render thread/WARN] [net.minecraft.client.sounds.SoundEngine/]: Missing sound for event: minecraft:block.sniffer_egg.crack
[21Mar2025 15:26:14.888] [Render thread/WARN] [net.minecraft.client.sounds.SoundEngine/]: Missing sound for event: minecraft:block.sniffer_egg.hatch
[21Mar2025 15:26:14.888] [Render thread/WARN] [net.minecraft.client.sounds.SoundEngine/]: Missing sound for event: minecraft:entity.snowball.throw
[21Mar2025 15:26:14.888] [Render thread/WARN] [net.minecraft.client.sounds.SoundEngine/]: Missing sound for event: minecraft:block.snow.break
[21Mar2025 15:26:14.888] [Render thread/WARN] [net.minecraft.client.sounds.SoundEngine/]: Missing sound for event: minecraft:block.snow.fall
[21Mar2025 15:26:14.888] [Render thread/WARN] [net.minecraft.client.sounds.SoundEngine/]: Missing sound for event: minecraft:entity.snow_golem.ambient
[21Mar2025 15:26:14.888] [Render thread/WARN] [net.minecraft.client.sounds.SoundEngine/]: Missing sound for event: minecraft:entity.snow_golem.death
[21Mar2025 15:26:14.888] [Render thread/WARN] [net.minecraft.client.sounds.SoundEngine/]: Missing sound for event: minecraft:entity.snow_golem.hurt
[21Mar2025 15:26:14.888] [Render thread/WARN] [net.minecraft.client.sounds.SoundEngine/]: Missing sound for event: minecraft:entity.snow_golem.shoot
[21Mar2025 15:26:14.888] [Render thread/WARN] [net.minecraft.client.sounds.SoundEngine/]: Missing sound for event: minecraft:entity.snow_golem.shear
[21Mar2025 15:26:14.888] [Render thread/WARN] [net.minecraft.client.sounds.SoundEngine/]: Missing sound for event: minecraft:block.snow.hit
[21Mar2025 15:26:14.888] [Render thread/WARN] [net.minecraft.client.sounds.SoundEngine/]: Missing sound for event: minecraft:block.snow.place
[21Mar2025 15:26:14.888] [Render thread/WARN] [net.minecraft.client.sounds.SoundEngine/]: Missing sound for event: minecraft:block.snow.step
[21Mar2025 15:26:14.889] [Render thread/WARN] [net.minecraft.client.sounds.SoundEngine/]: Missing sound for event: minecraft:entity.spider.ambient
[21Mar2025 15:26:14.889] [Render thread/WARN] [net.minecraft.client.sounds.SoundEngine/]: Missing sound for event: minecraft:entity.spider.death
[21Mar2025 15:26:14.889] [Render thread/WARN] [net.minecraft.client.sounds.SoundEngine/]: Missing sound for event: minecraft:entity.spider.hurt
[21Mar2025 15:26:14.889] [Render thread/WARN] [net.minecraft.client.sounds.SoundEngine/]: Missing sound for event: minecraft:entity.spider.step
[21Mar2025 15:26:14.889] [Render thread/WARN] [net.minecraft.client.sounds.SoundEngine/]: Missing sound for event: minecraft:entity.splash_potion.break
[21Mar2025 15:26:14.889] [Render thread/WARN] [net.minecraft.client.sounds.SoundEngine/]: Missing sound for event: minecraft:entity.splash_potion.throw
[21Mar2025 15:26:14.889] [Render thread/WARN] [net.minecraft.client.sounds.SoundEngine/]: Missing sound for event: minecraft:block.sponge.break
[21Mar2025 15:26:14.889] [Render thread/WARN] [net.minecraft.client.sounds.SoundEngine/]: Missing sound for event: minecraft:block.sponge.fall
[21Mar2025 15:26:14.889] [Render thread/WARN] [net.minecraft.client.sounds.SoundEngine/]: Missing sound for event: minecraft:block.sponge.hit
[21Mar2025 15:26:14.889] [Render thread/WARN] [net.minecraft.client.sounds.SoundEngine/]: Missing sound for event: minecraft:block.sponge.place
[21Mar2025 15:26:14.889] [Render thread/WARN] [net.minecraft.client.sounds.SoundEngine/]: Missing sound for event: minecraft:block.sponge.step
[21Mar2025 15:26:14.889] [Render thread/WARN] [net.minecraft.client.sounds.SoundEngine/]: Missing sound for event: minecraft:block.sponge.absorb
[21Mar2025 15:26:14.889] [Render thread/WARN] [net.minecraft.client.sounds.SoundEngine/]: Missing sound for event: minecraft:item.spyglass.use
[21Mar2025 15:26:14.889] [Render thread/WARN] [net.minecraft.client.sounds.SoundEngine/]: Missing sound for event: minecraft:item.spyglass.stop_using
[21Mar2025 15:26:14.889] [Render thread/WARN] [net.minecraft.client.sounds.SoundEngine/]: Missing sound for event: minecraft:entity.squid.ambient
[21Mar2025 15:26:14.889] [Render thread/WARN] [net.minecraft.client.sounds.SoundEngine/]: Missing sound for event: minecraft:entity.squid.death
[21Mar2025 15:26:14.889] [Render thread/WARN] [net.minecraft.client.sounds.SoundEngine/]: Missing sound for event: minecraft:entity.squid.hurt
[21Mar2025 15:26:14.889] [Render thread/WARN] [net.minecraft.client.sounds.SoundEngine/]: Missing sound for event: minecraft:entity.squid.squirt
[21Mar2025 15:26:14.889] [Render thread/WARN] [net.minecraft.client.sounds.SoundEngine/]: Missing sound for event: minecraft:block.stone.break
[21Mar2025 15:26:14.890] [Render thread/WARN] [net.minecraft.client.sounds.SoundEngine/]: Missing sound for event: minecraft:block.stone_button.click_off
[21Mar2025 15:26:14.890] [Render thread/WARN] [net.minecraft.client.sounds.SoundEngine/]: Missing sound for event: minecraft:block.stone_button.click_on
[21Mar2025 15:26:14.890] [Render thread/WARN] [net.minecraft.client.sounds.SoundEngine/]: Missing sound for event: minecraft:block.stone.fall
[21Mar2025 15:26:14.890] [Render thread/WARN] [net.minecraft.client.sounds.SoundEngine/]: Missing sound for event: minecraft:block.stone.hit
[21Mar2025 15:26:14.890] [Render thread/WARN] [net.minecraft.client.sounds.SoundEngine/]: Missing sound for event: minecraft:block.stone.place
[21Mar2025 15:26:14.890] [Render thread/WARN] [net.minecraft.client.sounds.SoundEngine/]: Missing sound for event: minecraft:block.stone_pressure_plate.click_off
[21Mar2025 15:26:14.890] [Render thread/WARN] [net.minecraft.client.sounds.SoundEngine/]: Missing sound for event: minecraft:block.stone_pressure_plate.click_on
[21Mar2025 15:26:14.890] [Render thread/WARN] [net.minecraft.client.sounds.SoundEngine/]: Missing sound for event: minecraft:block.stone.step
[21Mar2025 15:26:14.890] [Render thread/WARN] [net.minecraft.client.sounds.SoundEngine/]: Missing sound for event: minecraft:entity.stray.ambient
[21Mar2025 15:26:14.890] [Render thread/WARN] [net.minecraft.client.sounds.SoundEngine/]: Missing sound for event: minecraft:entity.stray.death
[21Mar2025 15:26:14.890] [Render thread/WARN] [net.minecraft.client.sounds.SoundEngine/]: Missing sound for event: minecraft:entity.stray.hurt
[21Mar2025 15:26:14.890] [Render thread/WARN] [net.minecraft.client.sounds.SoundEngine/]: Missing sound for event: minecraft:entity.stray.step
[21Mar2025 15:26:14.890] [Render thread/WARN] [net.minecraft.client.sounds.SoundEngine/]: Missing sound for event: minecraft:block.sweet_berry_bush.break
[21Mar2025 15:26:14.890] [Render thread/WARN] [net.minecraft.client.sounds.SoundEngine/]: Missing sound for event: minecraft:block.sweet_berry_bush.place
[21Mar2025 15:26:14.890] [Render thread/WARN] [net.minecraft.client.sounds.SoundEngine/]: Missing sound for event: minecraft:block.sweet_berry_bush.pick_berries
[21Mar2025 15:26:14.890] [Render thread/WARN] [net.minecraft.client.sounds.SoundEngine/]: Missing sound for event: minecraft:entity.tadpole.death
[21Mar2025 15:26:14.891] [Render thread/WARN] [net.minecraft.client.sounds.SoundEngine/]: Missing sound for event: minecraft:entity.tadpole.flop
[21Mar2025 15:26:14.891] [Render thread/WARN] [net.minecraft.client.sounds.SoundEngine/]: Missing sound for event: minecraft:entity.tadpole.grow_up
[21Mar2025 15:26:14.891] [Render thread/WARN] [net.minecraft.client.sounds.SoundEngine/]: Missing sound for event: minecraft:entity.tadpole.hurt
[21Mar2025 15:26:14.891] [Render thread/WARN] [net.minecraft.client.sounds.SoundEngine/]: Missing sound for event: minecraft:enchant.thorns.hit
[21Mar2025 15:26:14.891] [Render thread/WARN] [net.minecraft.client.sounds.SoundEngine/]: Missing sound for event: minecraft:entity.tnt.primed
[21Mar2025 15:26:14.891] [Render thread/WARN] [net.minecraft.client.sounds.SoundEngine/]: Missing sound for event: minecraft:item.totem.use
[21Mar2025 15:26:14.891] [Render thread/WARN] [net.minecraft.client.sounds.SoundEngine/]: Missing sound for event: minecraft:item.trident.hit
[21Mar2025 15:26:14.891] [Render thread/WARN] [net.minecraft.client.sounds.SoundEngine/]: Missing sound for event: minecraft:item.trident.hit_ground
[21Mar2025 15:26:14.891] [Render thread/WARN] [net.minecraft.client.sounds.SoundEngine/]: Missing sound for event: minecraft:item.trident.return
[21Mar2025 15:26:14.891] [Render thread/WARN] [net.minecraft.client.sounds.SoundEngine/]: Missing sound for event: minecraft:item.trident.riptide_1
[21Mar2025 15:26:14.891] [Render thread/WARN] [net.minecraft.client.sounds.SoundEngine/]: Missing sound for event: minecraft:item.trident.riptide_2
[21Mar2025 15:26:14.891] [Render thread/WARN] [net.minecraft.client.sounds.SoundEngine/]: Missing sound for event: minecraft:item.trident.riptide_3
[21Mar2025 15:26:14.891] [Render thread/WARN] [net.minecraft.client.sounds.SoundEngine/]: Missing sound for event: minecraft:item.trident.throw
[21Mar2025 15:26:14.891] [Render thread/WARN] [net.minecraft.client.sounds.SoundEngine/]: Missing sound for event: minecraft:item.trident.thunder
[21Mar2025 15:26:14.891] [Render thread/WARN] [net.minecraft.client.sounds.SoundEngine/]: Missing sound for event: minecraft:block.tripwire.attach
[21Mar2025 15:26:14.891] [Render thread/WARN] [net.minecraft.client.sounds.SoundEngine/]: Missing sound for event: minecraft:block.tripwire.click_off
[21Mar2025 15:26:14.891] [Render thread/WARN] [net.minecraft.client.sounds.SoundEngine/]: Missing sound for event: minecraft:block.tripwire.click_on
[21Mar2025 15:26:14.891] [Render thread/WARN] [net.minecraft.client.sounds.SoundEngine/]: Missing sound for event: minecraft:block.tripwire.detach
[21Mar2025 15:26:14.891] [Render thread/WARN] [net.minecraft.client.sounds.SoundEngine/]: Missing sound for event: minecraft:entity.tropical_fish.ambient
[21Mar2025 15:26:14.891] [Render thread/WARN] [net.minecraft.client.sounds.SoundEngine/]: Missing sound for event: minecraft:entity.tropical_fish.death
[21Mar2025 15:26:14.891] [Render thread/WARN] [net.minecraft.client.sounds.SoundEngine/]: Missing sound for event: minecraft:entity.tropical_fish.flop
[21Mar2025 15:26:14.891] [Render thread/WARN] [net.minecraft.client.sounds.SoundEngine/]: Missing sound for event: minecraft:entity.tropical_fish.hurt
[21Mar2025 15:26:14.891] [Render thread/WARN] [net.minecraft.client.sounds.SoundEngine/]: Missing sound for event: minecraft:block.tuff.break
[21Mar2025 15:26:14.891] [Render thread/WARN] [net.minecraft.client.sounds.SoundEngine/]: Missing sound for event: minecraft:block.tuff.step
[21Mar2025 15:26:14.891] [Render thread/WARN] [net.minecraft.client.sounds.SoundEngine/]: Missing sound for event: minecraft:block.tuff.place
[21Mar2025 15:26:14.892] [Render thread/WARN] [net.minecraft.client.sounds.SoundEngine/]: Missing sound for event: minecraft:block.tuff.hit
[21Mar2025 15:26:14.892] [Render thread/WARN] [net.minecraft.client.sounds.SoundEngine/]: Missing sound for event: minecraft:block.tuff.fall
[21Mar2025 15:26:14.892] [Render thread/WARN] [net.minecraft.client.sounds.SoundEngine/]: Missing sound for event: minecraft:block.tuff_bricks.break
[21Mar2025 15:26:14.892] [Render thread/WARN] [net.minecraft.client.sounds.SoundEngine/]: Missing sound for event: minecraft:block.tuff_bricks.fall
[21Mar2025 15:26:14.892] [Render thread/WARN] [net.minecraft.client.sounds.SoundEngine/]: Missing sound for event: minecraft:block.tuff_bricks.hit
[21Mar2025 15:26:14.892] [Render thread/WARN] [net.minecraft.client.sounds.SoundEngine/]: Missing sound for event: minecraft:block.tuff_bricks.place
[21Mar2025 15:26:14.892] [Render thread/WARN] [net.minecraft.client.sounds.SoundEngine/]: Missing sound for event: minecraft:block.tuff_bricks.step
[21Mar2025 15:26:14.892] [Render thread/WARN] [net.minecraft.client.sounds.SoundEngine/]: Missing sound for event: minecraft:block.polished_tuff.break
[21Mar2025 15:26:14.892] [Render thread/WARN] [net.minecraft.client.sounds.SoundEngine/]: Missing sound for event: minecraft:block.polished_tuff.fall
[21Mar2025 15:26:14.892] [Render thread/WARN] [net.minecraft.client.sounds.SoundEngine/]: Missing sound for event: minecraft:block.polished_tuff.hit
[21Mar2025 15:26:14.892] [Render thread/WARN] [net.minecraft.client.sounds.SoundEngine/]: Missing sound for event: minecraft:block.polished_tuff.place
[21Mar2025 15:26:14.892] [Render thread/WARN] [net.minecraft.client.sounds.SoundEngine/]: Missing sound for event: minecraft:block.polished_tuff.step
[21Mar2025 15:26:14.892] [Render thread/WARN] [net.minecraft.client.sounds.SoundEngine/]: Missing sound for event: minecraft:entity.turtle.ambient_land
[21Mar2025 15:26:14.892] [Render thread/WARN] [net.minecraft.client.sounds.SoundEngine/]: Missing sound for event: minecraft:entity.turtle.death
[21Mar2025 15:26:14.892] [Render thread/WARN] [net.minecraft.client.sounds.SoundEngine/]: Missing sound for event: minecraft:entity.turtle.death_baby
[21Mar2025 15:26:14.892] [Render thread/WARN] [net.minecraft.client.sounds.SoundEngine/]: Missing sound for event: minecraft:entity.turtle.egg_break
[21Mar2025 15:26:14.892] [Render thread/WARN] [net.minecraft.client.sounds.SoundEngine/]: Missing sound for event: minecraft:entity.turtle.egg_crack
[21Mar2025 15:26:14.892] [Render thread/WARN] [net.minecraft.client.sounds.SoundEngine/]: Missing sound for event: minecraft:entity.turtle.egg_hatch
[21Mar2025 15:26:14.892] [Render thread/WARN] [net.minecraft.client.sounds.SoundEngine/]: Missing sound for event: minecraft:entity.turtle.hurt
[21Mar2025 15:26:14.893] [Render thread/WARN] [net.minecraft.client.sounds.SoundEngine/]: Missing sound for event: minecraft:entity.turtle.hurt_baby
[21Mar2025 15:26:14.893] [Render thread/WARN] [net.minecraft.client.sounds.SoundEngine/]: Missing sound for event: minecraft:entity.turtle.lay_egg
[21Mar2025 15:26:14.893] [Render thread/WARN] [net.minecraft.client.sounds.SoundEngine/]: Missing sound for event: minecraft:entity.turtle.shamble
[21Mar2025 15:26:14.893] [Render thread/WARN] [net.minecraft.client.sounds.SoundEngine/]: Missing sound for event: minecraft:entity.turtle.shamble_baby
[21Mar2025 15:26:14.893] [Render thread/WARN] [net.minecraft.client.sounds.SoundEngine/]: Missing sound for event: minecraft:entity.turtle.swim
[21Mar2025 15:26:14.893] [Render thread/WARN] [net.minecraft.client.sounds.SoundEngine/]: Missing sound for event: minecraft:ui.button.click
[21Mar2025 15:26:14.893] [Render thread/WARN] [net.minecraft.client.sounds.SoundEngine/]: Missing sound for event: minecraft:ui.loom.select_pattern
[21Mar2025 15:26:14.893] [Render thread/WARN] [net.minecraft.client.sounds.SoundEngine/]: Missing sound for event: minecraft:ui.loom.take_result
[21Mar2025 15:26:14.893] [Render thread/WARN] [net.minecraft.client.sounds.SoundEngine/]: Missing sound for event: minecraft:ui.cartography_table.take_result
[21Mar2025 15:26:14.893] [Render thread/WARN] [net.minecraft.client.sounds.SoundEngine/]: Missing sound for event: minecraft:ui.stonecutter.take_result
[21Mar2025 15:26:14.893] [Render thread/WARN] [net.minecraft.client.sounds.SoundEngine/]: Missing sound for event: minecraft:ui.stonecutter.select_recipe
[21Mar2025 15:26:14.893] [Render thread/WARN] [net.minecraft.client.sounds.SoundEngine/]: Missing sound for event: minecraft:ui.toast.challenge_complete
[21Mar2025 15:26:14.893] [Render thread/WARN] [net.minecraft.client.sounds.SoundEngine/]: Missing sound for event: minecraft:ui.toast.in
[21Mar2025 15:26:14.893] [Render thread/WARN] [net.minecraft.client.sounds.SoundEngine/]: Missing sound for event: minecraft:ui.toast.out
[21Mar2025 15:26:14.893] [Render thread/WARN] [net.minecraft.client.sounds.SoundEngine/]: Missing sound for event: minecraft:block.vault.activate
[21Mar2025 15:26:14.893] [Render thread/WARN] [net.minecraft.client.sounds.SoundEngine/]: Missing sound for event: minecraft:block.vault.ambient
[21Mar2025 15:26:14.893] [Render thread/WARN] [net.minecraft.client.sounds.SoundEngine/]: Missing sound for event: minecraft:block.vault.break
[21Mar2025 15:26:14.893] [Render thread/WARN] [net.minecraft.client.sounds.SoundEngine/]: Missing sound for event: minecraft:block.vault.close_shutter
[21Mar2025 15:26:14.894] [Render thread/WARN] [net.minecraft.client.sounds.SoundEngine/]: Missing sound for event: minecraft:block.vault.deactivate
[21Mar2025 15:26:14.894] [Render thread/WARN] [net.minecraft.client.sounds.SoundEngine/]: Missing sound for event: minecraft:block.vault.eject_item
[21Mar2025 15:26:14.894] [Render thread/WARN] [net.minecraft.client.sounds.SoundEngine/]: Missing sound for event: minecraft:block.vault.reject_rewarded_player
[21Mar2025 15:26:14.894] [Render thread/WARN] [net.minecraft.client.sounds.SoundEngine/]: Missing sound for event: minecraft:block.vault.fall
[21Mar2025 15:26:14.894] [Render thread/WARN] [net.minecraft.client.sounds.SoundEngine/]: Missing sound for event: minecraft:block.vault.hit
[21Mar2025 15:26:14.894] [Render thread/WARN] [net.minecraft.client.sounds.SoundEngine/]: Missing sound for event: minecraft:block.vault.insert_item
[21Mar2025 15:26:14.894] [Render thread/WARN] [net.minecraft.client.sounds.SoundEngine/]: Missing sound for event: minecraft:block.vault.insert_item_fail
[21Mar2025 15:26:14.894] [Render thread/WARN] [net.minecraft.client.sounds.SoundEngine/]: Missing sound for event: minecraft:block.vault.open_shutter
[21Mar2025 15:26:14.894] [Render thread/WARN] [net.minecraft.client.sounds.SoundEngine/]: Missing sound for event: minecraft:block.vault.place
[21Mar2025 15:26:14.894] [Render thread/WARN] [net.minecraft.client.sounds.SoundEngine/]: Missing sound for event: minecraft:block.vault.step
[21Mar2025 15:26:14.894] [Render thread/WARN] [net.minecraft.client.sounds.SoundEngine/]: Missing sound for event: minecraft:entity.vex.ambient
[21Mar2025 15:26:14.894] [Render thread/WARN] [net.minecraft.client.sounds.SoundEngine/]: Missing sound for event: minecraft:entity.vex.charge
[21Mar2025 15:26:14.894] [Render thread/WARN] [net.minecraft.client.sounds.SoundEngine/]: Missing sound for event: minecraft:entity.vex.death
[21Mar2025 15:26:14.894] [Render thread/WARN] [net.minecraft.client.sounds.SoundEngine/]: Missing sound for event: minecraft:entity.vex.hurt
[21Mar2025 15:26:14.894] [Render thread/WARN] [net.minecraft.client.sounds.SoundEngine/]: Missing sound for event: minecraft:entity.villager.ambient
[21Mar2025 15:26:14.894] [Render thread/WARN] [net.minecraft.client.sounds.SoundEngine/]: Missing sound for event: minecraft:entity.villager.celebrate
[21Mar2025 15:26:14.894] [Render thread/WARN] [net.minecraft.client.sounds.SoundEngine/]: Missing sound for event: minecraft:entity.villager.death
[21Mar2025 15:26:14.894] [Render thread/WARN] [net.minecraft.client.sounds.SoundEngine/]: Missing sound for event: minecraft:entity.villager.hurt
[21Mar2025 15:26:14.894] [Render thread/WARN] [net.minecraft.client.sounds.SoundEngine/]: Missing sound for event: minecraft:entity.villager.no
[21Mar2025 15:26:14.894] [Render thread/WARN] [net.minecraft.client.sounds.SoundEngine/]: Missing sound for event: minecraft:entity.villager.trade
[21Mar2025 15:26:14.895] [Render thread/WARN] [net.minecraft.client.sounds.SoundEngine/]: Missing sound for event: minecraft:entity.villager.yes
[21Mar2025 15:26:14.895] [Render thread/WARN] [net.minecraft.client.sounds.SoundEngine/]: Missing sound for event: minecraft:entity.villager.work_armorer
[21Mar2025 15:26:14.895] [Render thread/WARN] [net.minecraft.client.sounds.SoundEngine/]: Missing sound for event: minecraft:entity.villager.work_butcher
[21Mar2025 15:26:14.895] [Render thread/WARN] [net.minecraft.client.sounds.SoundEngine/]: Missing sound for event: minecraft:entity.villager.work_cartographer
[21Mar2025 15:26:14.895] [Render thread/WARN] [net.minecraft.client.sounds.SoundEngine/]: Missing sound for event: minecraft:entity.villager.work_cleric
[21Mar2025 15:26:14.895] [Render thread/WARN] [net.minecraft.client.sounds.SoundEngine/]: Missing sound for event: minecraft:entity.villager.work_farmer
[21Mar2025 15:26:14.895] [Render thread/WARN] [net.minecraft.client.sounds.SoundEngine/]: Missing sound for event: minecraft:entity.villager.work_fisherman
[21Mar2025 15:26:14.895] [Render thread/WARN] [net.minecraft.client.sounds.SoundEngine/]: Missing sound for event: minecraft:entity.villager.work_fletcher
[21Mar2025 15:26:14.895] [Render thread/WARN] [net.minecraft.client.sounds.SoundEngine/]: Missing sound for event: minecraft:entity.villager.work_leatherworker
[21Mar2025 15:26:14.895] [Render thread/WARN] [net.minecraft.client.sounds.SoundEngine/]: Missing sound for event: minecraft:entity.villager.work_librarian
[21Mar2025 15:26:14.895] [Render thread/WARN] [net.minecraft.client.sounds.SoundEngine/]: Missing sound for event: minecraft:entity.villager.work_mason
[21Mar2025 15:26:14.895] [Render thread/WARN] [net.minecraft.client.sounds.SoundEngine/]: Missing sound for event: minecraft:entity.villager.work_shepherd
[21Mar2025 15:26:14.895] [Render thread/WARN] [net.minecraft.client.sounds.SoundEngine/]: Missing sound for event: minecraft:entity.villager.work_toolsmith
[21Mar2025 15:26:14.895] [Render thread/WARN] [net.minecraft.client.sounds.SoundEngine/]: Missing sound for event: minecraft:entity.villager.work_weaponsmith
[21Mar2025 15:26:14.895] [Render thread/WARN] [net.minecraft.client.sounds.SoundEngine/]: Missing sound for event: minecraft:entity.vindicator.ambient
[21Mar2025 15:26:14.895] [Render thread/WARN] [net.minecraft.client.sounds.SoundEngine/]: Missing sound for event: minecraft:entity.vindicator.celebrate
[21Mar2025 15:26:14.895] [Render thread/WARN] [net.minecraft.client.sounds.SoundEngine/]: Missing sound for event: minecraft:entity.vindicator.death
[21Mar2025 15:26:14.895] [Render thread/WARN] [net.minecraft.client.sounds.SoundEngine/]: Missing sound for event: minecraft:entity.vindicator.hurt
[21Mar2025 15:26:14.895] [Render thread/WARN] [net.minecraft.client.sounds.SoundEngine/]: Missing sound for event: minecraft:block.vine.break
[21Mar2025 15:26:14.896] [Render thread/WARN] [net.minecraft.client.sounds.SoundEngine/]: Missing sound for event: minecraft:block.vine.fall
[21Mar2025 15:26:14.896] [Render thread/WARN] [net.minecraft.client.sounds.SoundEngine/]: Missing sound for event: minecraft:block.vine.hit
[21Mar2025 15:26:14.896] [Render thread/WARN] [net.minecraft.client.sounds.SoundEngine/]: Missing sound for event: minecraft:block.vine.place
[21Mar2025 15:26:14.896] [Render thread/WARN] [net.minecraft.client.sounds.SoundEngine/]: Missing sound for event: minecraft:block.vine.step
[21Mar2025 15:26:14.896] [Render thread/WARN] [net.minecraft.client.sounds.SoundEngine/]: Missing sound for event: minecraft:block.lily_pad.place
[21Mar2025 15:26:14.896] [Render thread/WARN] [net.minecraft.client.sounds.SoundEngine/]: Missing sound for event: minecraft:entity.wandering_trader.ambient
[21Mar2025 15:26:14.896] [Render thread/WARN] [net.minecraft.client.sounds.SoundEngine/]: Missing sound for event: minecraft:entity.wandering_trader.death
[21Mar2025 15:26:14.896] [Render thread/WARN] [net.minecraft.client.sounds.SoundEngine/]: Missing sound for event: minecraft:entity.wandering_trader.disappeared
[21Mar2025 15:26:14.896] [Render thread/WARN] [net.minecraft.client.sounds.SoundEngine/]: Missing sound for event: minecraft:entity.wandering_trader.drink_milk
[21Mar2025 15:26:14.896] [Render thread/WARN] [net.minecraft.client.sounds.SoundEngine/]: Missing sound for event: minecraft:entity.wandering_trader.drink_potion
[21Mar2025 15:26:14.896] [Render thread/WARN] [net.minecraft.client.sounds.SoundEngine/]: Missing sound for event: minecraft:entity.wandering_trader.hurt
[21Mar2025 15:26:14.896] [Render thread/WARN] [net.minecraft.client.sounds.SoundEngine/]: Missing sound for event: minecraft:entity.wandering_trader.no
[21Mar2025 15:26:14.896] [Render thread/WARN] [net.minecraft.client.sounds.SoundEngine/]: Missing sound for event: minecraft:entity.wandering_trader.reappeared
[21Mar2025 15:26:14.896] [Render thread/WARN] [net.minecraft.client.sounds.SoundEngine/]: Missing sound for event: minecraft:entity.wandering_trader.trade
[21Mar2025 15:26:14.896] [Render thread/WARN] [net.minecraft.client.sounds.SoundEngine/]: Missing sound for event: minecraft:entity.wandering_trader.yes
[21Mar2025 15:26:14.896] [Render thread/WARN] [net.minecraft.client.sounds.SoundEngine/]: Missing sound for event: minecraft:entity.warden.agitated
[21Mar2025 15:26:14.896] [Render thread/WARN] [net.minecraft.client.sounds.SoundEngine/]: Missing sound for event: minecraft:entity.warden.ambient
[21Mar2025 15:26:14.896] [Render thread/WARN] [net.minecraft.client.sounds.SoundEngine/]: Missing sound for event: minecraft:entity.warden.angry
[21Mar2025 15:26:14.896] [Render thread/WARN] [net.minecraft.client.sounds.SoundEngine/]: Missing sound for event: minecraft:entity.warden.attack_impact
[21Mar2025 15:26:14.896] [Render thread/WARN] [net.minecraft.client.sounds.SoundEngine/]: Missing sound for event: minecraft:entity.warden.death
[21Mar2025 15:26:14.896] [Render thread/WARN] [net.minecraft.client.sounds.SoundEngine/]: Missing sound for event: minecraft:entity.warden.dig
[21Mar2025 15:26:14.896] [Render thread/WARN] [net.minecraft.client.sounds.SoundEngine/]: Missing sound for event: minecraft:entity.warden.emerge
[21Mar2025 15:26:14.896] [Render thread/WARN] [net.minecraft.client.sounds.SoundEngine/]: Missing sound for event: minecraft:entity.warden.heartbeat
[21Mar2025 15:26:14.897] [Render thread/WARN] [net.minecraft.client.sounds.SoundEngine/]: Missing sound for event: minecraft:entity.warden.hurt
[21Mar2025 15:26:14.897] [Render thread/WARN] [net.minecraft.client.sounds.SoundEngine/]: Missing sound for event: minecraft:entity.warden.listening
[21Mar2025 15:26:14.897] [Render thread/WARN] [net.minecraft.client.sounds.SoundEngine/]: Missing sound for event: minecraft:entity.warden.listening_angry
[21Mar2025 15:26:14.897] [Render thread/WARN] [net.minecraft.client.sounds.SoundEngine/]: Missing sound for event: minecraft:entity.warden.nearby_close
[21Mar2025 15:26:14.897] [Render thread/WARN] [net.minecraft.client.sounds.SoundEngine/]: Missing sound for event: minecraft:entity.warden.nearby_closer
[21Mar2025 15:26:14.897] [Render thread/WARN] [net.minecraft.client.sounds.SoundEngine/]: Missing sound for event: minecraft:entity.warden.nearby_closest
[21Mar2025 15:26:14.897] [Render thread/WARN] [net.minecraft.client.sounds.SoundEngine/]: Missing sound for event: minecraft:entity.warden.roar
[21Mar2025 15:26:14.897] [Render thread/WARN] [net.minecraft.client.sounds.SoundEngine/]: Missing sound for event: minecraft:entity.warden.sniff
[21Mar2025 15:26:14.897] [Render thread/WARN] [net.minecraft.client.sounds.SoundEngine/]: Missing sound for event: minecraft:entity.warden.sonic_boom
[21Mar2025 15:26:14.897] [Render thread/WARN] [net.minecraft.client.sounds.SoundEngine/]: Missing sound for event: minecraft:entity.warden.sonic_charge
[21Mar2025 15:26:14.897] [Render thread/WARN] [net.minecraft.client.sounds.SoundEngine/]: Missing sound for event: minecraft:entity.warden.step
[21Mar2025 15:26:14.897] [Render thread/WARN] [net.minecraft.client.sounds.SoundEngine/]: Missing sound for event: minecraft:entity.warden.tendril_clicks
[21Mar2025 15:26:14.897] [Render thread/WARN] [net.minecraft.client.sounds.SoundEngine/]: Missing sound for event: minecraft:block.hanging_sign.waxed_interact_fail
[21Mar2025 15:26:14.897] [Render thread/WARN] [net.minecraft.client.sounds.SoundEngine/]: Missing sound for event: minecraft:block.sign.waxed_interact_fail
[21Mar2025 15:26:14.897] [Render thread/WARN] [net.minecraft.client.sounds.SoundEngine/]: Missing sound for event: minecraft:block.water.ambient
[21Mar2025 15:26:14.897] [Render thread/WARN] [net.minecraft.client.sounds.SoundEngine/]: Missing sound for event: minecraft:weather.rain
[21Mar2025 15:26:14.897] [Render thread/WARN] [net.minecraft.client.sounds.SoundEngine/]: Missing sound for event: minecraft:weather.rain.above
[21Mar2025 15:26:14.897] [Render thread/WARN] [net.minecraft.client.sounds.SoundEngine/]: Missing sound for event: minecraft:block.wet_grass.break
[21Mar2025 15:26:14.897] [Render thread/WARN] [net.minecraft.client.sounds.SoundEngine/]: Missing sound for event: minecraft:block.wet_grass.fall
[21Mar2025 15:26:14.897] [Render thread/WARN] [net.minecraft.client.sounds.SoundEngine/]: Missing sound for event: minecraft:block.wet_grass.hit
[21Mar2025 15:26:14.897] [Render thread/WARN] [net.minecraft.client.sounds.SoundEngine/]: Missing sound for event: minecraft:block.wet_grass.place
[21Mar2025 15:26:14.897] [Render thread/WARN] [net.minecraft.client.sounds.SoundEngine/]: Missing sound for event: minecraft:block.wet_grass.step
[21Mar2025 15:26:14.898] [Render thread/WARN] [net.minecraft.client.sounds.SoundEngine/]: Missing sound for event: minecraft:block.wet_sponge.break
[21Mar2025 15:26:14.898] [Render thread/WARN] [net.minecraft.client.sounds.SoundEngine/]: Missing sound for event: minecraft:block.wet_sponge.dries
[21Mar2025 15:26:14.898] [Render thread/WARN] [net.minecraft.client.sounds.SoundEngine/]: Missing sound for event: minecraft:block.wet_sponge.fall
[21Mar2025 15:26:14.898] [Render thread/WARN] [net.minecraft.client.sounds.SoundEngine/]: Missing sound for event: minecraft:block.wet_sponge.hit
[21Mar2025 15:26:14.898] [Render thread/WARN] [net.minecraft.client.sounds.SoundEngine/]: Missing sound for event: minecraft:block.wet_sponge.place
[21Mar2025 15:26:14.898] [Render thread/WARN] [net.minecraft.client.sounds.SoundEngine/]: Missing sound for event: minecraft:block.wet_sponge.step
[21Mar2025 15:26:14.898] [Render thread/WARN] [net.minecraft.client.sounds.SoundEngine/]: Missing sound for event: minecraft:entity.wind_charge.wind_burst
[21Mar2025 15:26:14.898] [Render thread/WARN] [net.minecraft.client.sounds.SoundEngine/]: Missing sound for event: minecraft:entity.wind_charge.throw
[21Mar2025 15:26:14.898] [Render thread/WARN] [net.minecraft.client.sounds.SoundEngine/]: Missing sound for event: minecraft:entity.witch.ambient
[21Mar2025 15:26:14.898] [Render thread/WARN] [net.minecraft.client.sounds.SoundEngine/]: Missing sound for event: minecraft:entity.witch.celebrate
[21Mar2025 15:26:14.898] [Render thread/WARN] [net.minecraft.client.sounds.SoundEngine/]: Missing sound for event: minecraft:entity.witch.death
[21Mar2025 15:26:14.898] [Render thread/WARN] [net.minecraft.client.sounds.SoundEngine/]: Missing sound for event: minecraft:entity.witch.drink
[21Mar2025 15:26:14.898] [Render thread/WARN] [net.minecraft.client.sounds.SoundEngine/]: Missing sound for event: minecraft:entity.witch.hurt
[21Mar2025 15:26:14.898] [Render thread/WARN] [net.minecraft.client.sounds.SoundEngine/]: Missing sound for event: minecraft:entity.witch.throw
[21Mar2025 15:26:14.898] [Render thread/WARN] [net.minecraft.client.sounds.SoundEngine/]: Missing sound for event: minecraft:entity.wither.ambient
[21Mar2025 15:26:14.898] [Render thread/WARN] [net.minecraft.client.sounds.SoundEngine/]: Missing sound for event: minecraft:entity.wither.break_block
[21Mar2025 15:26:14.898] [Render thread/WARN] [net.minecraft.client.sounds.SoundEngine/]: Missing sound for event: minecraft:entity.wither.death
[21Mar2025 15:26:14.898] [Render thread/WARN] [net.minecraft.client.sounds.SoundEngine/]: Missing sound for event: minecraft:entity.wither.hurt
[21Mar2025 15:26:14.898] [Render thread/WARN] [net.minecraft.client.sounds.SoundEngine/]: Missing sound for event: minecraft:entity.wither.shoot
[21Mar2025 15:26:14.898] [Render thread/WARN] [net.minecraft.client.sounds.SoundEngine/]: Missing sound for event: minecraft:entity.wither_skeleton.ambient
[21Mar2025 15:26:14.898] [Render thread/WARN] [net.minecraft.client.sounds.SoundEngine/]: Missing sound for event: minecraft:entity.wither_skeleton.death
[21Mar2025 15:26:14.898] [Render thread/WARN] [net.minecraft.client.sounds.SoundEngine/]: Missing sound for event: minecraft:entity.wither_skeleton.hurt
[21Mar2025 15:26:14.898] [Render thread/WARN] [net.minecraft.client.sounds.SoundEngine/]: Missing sound for event: minecraft:entity.wither_skeleton.step
[21Mar2025 15:26:14.899] [Render thread/WARN] [net.minecraft.client.sounds.SoundEngine/]: Missing sound for event: minecraft:entity.wither.spawn
[21Mar2025 15:26:14.899] [Render thread/WARN] [net.minecraft.client.sounds.SoundEngine/]: Missing sound for event: minecraft:item.wolf_armor.break
[21Mar2025 15:26:14.899] [Render thread/WARN] [net.minecraft.client.sounds.SoundEngine/]: Missing sound for event: minecraft:item.wolf_armor.crack
[21Mar2025 15:26:14.899] [Render thread/WARN] [net.minecraft.client.sounds.SoundEngine/]: Missing sound for event: minecraft:item.wolf_armor.damage
[21Mar2025 15:26:14.899] [Render thread/WARN] [net.minecraft.client.sounds.SoundEngine/]: Missing sound for event: minecraft:item.wolf_armor.repair
[21Mar2025 15:26:14.899] [Render thread/WARN] [net.minecraft.client.sounds.SoundEngine/]: Missing sound for event: minecraft:entity.wolf.ambient
[21Mar2025 15:26:14.899] [Render thread/WARN] [net.minecraft.client.sounds.SoundEngine/]: Missing sound for event: minecraft:entity.wolf.death
[21Mar2025 15:26:14.899] [Render thread/WARN] [net.minecraft.client.sounds.SoundEngine/]: Missing sound for event: minecraft:entity.wolf.growl
[21Mar2025 15:26:14.899] [Render thread/WARN] [net.minecraft.client.sounds.SoundEngine/]: Missing sound for event: minecraft:entity.wolf.howl
[21Mar2025 15:26:14.899] [Render thread/WARN] [net.minecraft.client.sounds.SoundEngine/]: Missing sound for event: minecraft:entity.wolf.hurt
[21Mar2025 15:26:14.899] [Render thread/WARN] [net.minecraft.client.sounds.SoundEngine/]: Missing sound for event: minecraft:entity.wolf.pant
[21Mar2025 15:26:14.899] [Render thread/WARN] [net.minecraft.client.sounds.SoundEngine/]: Missing sound for event: minecraft:entity.wolf.shake
[21Mar2025 15:26:14.899] [Render thread/WARN] [net.minecraft.client.sounds.SoundEngine/]: Missing sound for event: minecraft:entity.wolf.step
[21Mar2025 15:26:14.899] [Render thread/WARN] [net.minecraft.client.sounds.SoundEngine/]: Missing sound for event: minecraft:entity.wolf.whine
[21Mar2025 15:26:14.899] [Render thread/WARN] [net.minecraft.client.sounds.SoundEngine/]: Missing sound for event: minecraft:block.wooden_door.close
[21Mar2025 15:26:14.899] [Render thread/WARN] [net.minecraft.client.sounds.SoundEngine/]: Missing sound for event: minecraft:block.wooden_door.open
[21Mar2025 15:26:14.899] [Render thread/WARN] [net.minecraft.client.sounds.SoundEngine/]: Missing sound for event: minecraft:block.wooden_trapdoor.close
[21Mar2025 15:26:14.899] [Render thread/WARN] [net.minecraft.client.sounds.SoundEngine/]: Missing sound for event: minecraft:block.wooden_trapdoor.open
[21Mar2025 15:26:14.899] [Render thread/WARN] [net.minecraft.client.sounds.SoundEngine/]: Missing sound for event: minecraft:block.wooden_button.click_off
[21Mar2025 15:26:14.899] [Render thread/WARN] [net.minecraft.client.sounds.SoundEngine/]: Missing sound for event: minecraft:block.wooden_button.click_on
[21Mar2025 15:26:14.899] [Render thread/WARN] [net.minecraft.client.sounds.SoundEngine/]: Missing sound for event: minecraft:block.wooden_pressure_plate.click_off
[21Mar2025 15:26:14.899] [Render thread/WARN] [net.minecraft.client.sounds.SoundEngine/]: Missing sound for event: minecraft:block.wooden_pressure_plate.click_on
[21Mar2025 15:26:14.899] [Render thread/WARN] [net.minecraft.client.sounds.SoundEngine/]: Missing sound for event: minecraft:block.wood.break
[21Mar2025 15:26:14.899] [Render thread/WARN] [net.minecraft.client.sounds.SoundEngine/]: Missing sound for event: minecraft:block.wood.fall
[21Mar2025 15:26:14.899] [Render thread/WARN] [net.minecraft.client.sounds.SoundEngine/]: Missing sound for event: minecraft:block.wood.hit
[21Mar2025 15:26:14.899] [Render thread/WARN] [net.minecraft.client.sounds.SoundEngine/]: Missing sound for event: minecraft:block.wood.place
[21Mar2025 15:26:14.899] [Render thread/WARN] [net.minecraft.client.sounds.SoundEngine/]: Missing sound for event: minecraft:block.wood.step
[21Mar2025 15:26:14.900] [Render thread/WARN] [net.minecraft.client.sounds.SoundEngine/]: Missing sound for event: minecraft:block.wool.break
[21Mar2025 15:26:14.900] [Render thread/WARN] [net.minecraft.client.sounds.SoundEngine/]: Missing sound for event: minecraft:block.wool.fall
[21Mar2025 15:26:14.900] [Render thread/WARN] [net.minecraft.client.sounds.SoundEngine/]: Missing sound for event: minecraft:block.wool.hit
[21Mar2025 15:26:14.900] [Render thread/WARN] [net.minecraft.client.sounds.SoundEngine/]: Missing sound for event: minecraft:block.wool.place
[21Mar2025 15:26:14.900] [Render thread/WARN] [net.minecraft.client.sounds.SoundEngine/]: Missing sound for event: minecraft:block.wool.step
[21Mar2025 15:26:14.900] [Render thread/WARN] [net.minecraft.client.sounds.SoundEngine/]: Missing sound for event: minecraft:entity.zoglin.ambient
[21Mar2025 15:26:14.900] [Render thread/WARN] [net.minecraft.client.sounds.SoundEngine/]: Missing sound for event: minecraft:entity.zoglin.angry
[21Mar2025 15:26:14.900] [Render thread/WARN] [net.minecraft.client.sounds.SoundEngine/]: Missing sound for event: minecraft:entity.zoglin.attack
[21Mar2025 15:26:14.900] [Render thread/WARN] [net.minecraft.client.sounds.SoundEngine/]: Missing sound for event: minecraft:entity.zoglin.death
[21Mar2025 15:26:14.900] [Render thread/WARN] [net.minecraft.client.sounds.SoundEngine/]: Missing sound for event: minecraft:entity.zoglin.hurt
[21Mar2025 15:26:14.900] [Render thread/WARN] [net.minecraft.client.sounds.SoundEngine/]: Missing sound for event: minecraft:entity.zoglin.step
[21Mar2025 15:26:14.900] [Render thread/WARN] [net.minecraft.client.sounds.SoundEngine/]: Missing sound for event: minecraft:entity.zombie.ambient
[21Mar2025 15:26:14.900] [Render thread/WARN] [net.minecraft.client.sounds.SoundEngine/]: Missing sound for event: minecraft:entity.zombie.attack_wooden_door
[21Mar2025 15:26:14.900] [Render thread/WARN] [net.minecraft.client.sounds.SoundEngine/]: Missing sound for event: minecraft:entity.zombie.attack_iron_door
[21Mar2025 15:26:14.900] [Render thread/WARN] [net.minecraft.client.sounds.SoundEngine/]: Missing sound for event: minecraft:entity.zombie.break_wooden_door
[21Mar2025 15:26:14.900] [Render thread/WARN] [net.minecraft.client.sounds.SoundEngine/]: Missing sound for event: minecraft:entity.zombie.converted_to_drowned
[21Mar2025 15:26:14.900] [Render thread/WARN] [net.minecraft.client.sounds.SoundEngine/]: Missing sound for event: minecraft:entity.zombie.death
[21Mar2025 15:26:14.900] [Render thread/WARN] [net.minecraft.client.sounds.SoundEngine/]: Missing sound for event: minecraft:entity.zombie.destroy_egg
[21Mar2025 15:26:14.901] [Render thread/WARN] [net.minecraft.client.sounds.SoundEngine/]: Missing sound for event: minecraft:entity.zombie_horse.ambient
[21Mar2025 15:26:14.901] [Render thread/WARN] [net.minecraft.client.sounds.SoundEngine/]: Missing sound for event: minecraft:entity.zombie_horse.death
[21Mar2025 15:26:14.901] [Render thread/WARN] [net.minecraft.client.sounds.SoundEngine/]: Missing sound for event: minecraft:entity.zombie_horse.hurt
[21Mar2025 15:26:14.901] [Render thread/WARN] [net.minecraft.client.sounds.SoundEngine/]: Missing sound for event: minecraft:entity.zombie.hurt
[21Mar2025 15:26:14.901] [Render thread/WARN] [net.minecraft.client.sounds.SoundEngine/]: Missing sound for event: minecraft:entity.zombie.infect
[21Mar2025 15:26:14.901] [Render thread/WARN] [net.minecraft.client.sounds.SoundEngine/]: Missing sound for event: minecraft:entity.zombified_piglin.ambient
[21Mar2025 15:26:14.901] [Render thread/WARN] [net.minecraft.client.sounds.SoundEngine/]: Missing sound for event: minecraft:entity.zombified_piglin.angry
[21Mar2025 15:26:14.901] [Render thread/WARN] [net.minecraft.client.sounds.SoundEngine/]: Missing sound for event: minecraft:entity.zombified_piglin.death
[21Mar2025 15:26:14.901] [Render thread/WARN] [net.minecraft.client.sounds.SoundEngine/]: Missing sound for event: minecraft:entity.zombified_piglin.hurt
[21Mar2025 15:26:14.901] [Render thread/WARN] [net.minecraft.client.sounds.SoundEngine/]: Missing sound for event: minecraft:entity.zombie.step
[21Mar2025 15:26:14.901] [Render thread/WARN] [net.minecraft.client.sounds.SoundEngine/]: Missing sound for event: minecraft:entity.zombie_villager.ambient
[21Mar2025 15:26:14.901] [Render thread/WARN] [net.minecraft.client.sounds.SoundEngine/]: Missing sound for event: minecraft:entity.zombie_villager.converted
[21Mar2025 15:26:14.901] [Render thread/WARN] [net.minecraft.client.sounds.SoundEngine/]: Missing sound for event: minecraft:entity.zombie_villager.cure
[21Mar2025 15:26:14.901] [Render thread/WARN] [net.minecraft.client.sounds.SoundEngine/]: Missing sound for event: minecraft:entity.zombie_villager.death
[21Mar2025 15:26:14.902] [Render thread/WARN] [net.minecraft.client.sounds.SoundEngine/]: Missing sound for event: minecraft:entity.zombie_villager.hurt
[21Mar2025 15:26:14.902] [Render thread/WARN] [net.minecraft.client.sounds.SoundEngine/]: Missing sound for event: minecraft:entity.zombie_villager.step
[21Mar2025 15:26:14.902] [Render thread/WARN] [net.minecraft.client.sounds.SoundEngine/]: Missing sound for event: minecraft:event.mob_effect.bad_omen
[21Mar2025 15:26:14.902] [Render thread/WARN] [net.minecraft.client.sounds.SoundEngine/]: Missing sound for event: minecraft:event.mob_effect.trial_omen
[21Mar2025 15:26:14.902] [Render thread/WARN] [net.minecraft.client.sounds.SoundEngine/]: Missing sound for event: minecraft:event.mob_effect.raid_omen
[21Mar2025 15:26:14.953] [Render thread/ERROR] [net.minecraft.client.sounds.SoundEngine/SOUNDS]: Error starting SoundSystem. Turning off sounds & music
java.lang.IllegalStateException: Failed to open OpenAL device
	at TRANSFORMER/minecraft@1.21.1/com.mojang.blaze3d.audio.Library.openDeviceOrFallback(Library.java:302) ~[client-1.21.1-20240808.144430-srg.jar%23176!/:?]
	at TRANSFORMER/minecraft@1.21.1/com.mojang.blaze3d.audio.Library.init(Library.java:154) ~[client-1.21.1-20240808.144430-srg.jar%23176!/:?]
	at TRANSFORMER/minecraft@1.21.1/net.minecraft.client.sounds.SoundEngine.loadLibrary(SoundEngine.java:107) ~[client-1.21.1-20240808.144430-srg.jar%23176!/:?]
	at TRANSFORMER/minecraft@1.21.1/net.minecraft.client.sounds.SoundEngine.reload(SoundEngine.java:99) ~[client-1.21.1-20240808.144430-srg.jar%23176!/:?]
	at TRANSFORMER/minecraft@1.21.1/net.minecraft.client.sounds.SoundManager.apply(SoundManager.java:128) ~[client-1.21.1-20240808.144430-srg.jar%23176!/:?]
	at TRANSFORMER/minecraft@1.21.1/net.minecraft.client.sounds.SoundManager.apply(SoundManager.java:42) ~[client-1.21.1-20240808.144430-srg.jar%23176!/:?]
	at TRANSFORMER/minecraft@1.21.1/net.minecraft.server.packs.resources.SimplePreparableReloadListener.lambda$reload$1(SimplePreparableReloadListener.java:19) ~[client-1.21.1-20240808.144430-srg.jar%23176!/:?]
	at java.base/java.util.concurrent.CompletableFuture$UniAccept.tryFire(CompletableFuture.java:718) ~[?:?]
	at java.base/java.util.concurrent.CompletableFuture$Completion.run(CompletableFuture.java:482) ~[?:?]
	at TRANSFORMER/minecraft@1.21.1/net.minecraft.server.packs.resources.SimpleReloadInstance.lambda$new$3(SimpleReloadInstance.java:69) ~[client-1.21.1-20240808.144430-srg.jar%23176!/:?]
	at TRANSFORMER/minecraft@1.21.1/net.minecraft.util.thread.BlockableEventLoop.doRunTask(BlockableEventLoop.java:148) ~[client-1.21.1-20240808.144430-srg.jar%23176!/:?]
	at TRANSFORMER/minecraft@1.21.1/net.minecraft.util.thread.ReentrantBlockableEventLoop.doRunTask(ReentrantBlockableEventLoop.java:23) ~[client-1.21.1-20240808.144430-srg.jar%23176!/:?]
	at TRANSFORMER/minecraft@1.21.1/net.minecraft.util.thread.BlockableEventLoop.pollTask(BlockableEventLoop.java:122) ~[client-1.21.1-20240808.144430-srg.jar%23176!/:?]
	at TRANSFORMER/minecraft@1.21.1/net.minecraft.util.thread.BlockableEventLoop.runAllTasks(BlockableEventLoop.java:111) ~[client-1.21.1-20240808.144430-srg.jar%23176!/:?]
	at TRANSFORMER/minecraft@1.21.1/net.minecraft.client.Minecraft.runTick(Minecraft.java:1155) ~[client-1.21.1-20240808.144430-srg.jar%23176!/:?]
	at TRANSFORMER/minecraft@1.21.1/net.minecraft.client.Minecraft.run(Minecraft.java:807) ~[client-1.21.1-20240808.144430-srg.jar%23176!/:?]
	at TRANSFORMER/minecraft@1.21.1/net.minecraft.client.main.Main.main(Main.java:230) ~[client-1.21.1-20240808.144430-srg.jar%23176!/:?]
	at java.base/jdk.internal.reflect.DirectMethodHandleAccessor.invoke(DirectMethodHandleAccessor.java:103) ~[?:?]
	at java.base/java.lang.reflect.Method.invoke(Method.java:580) ~[?:?]
	at MC-BOOTSTRAP/fml_loader@4.0.38/net.neoforged.fml.loading.targets.CommonLaunchHandler.runTarget(CommonLaunchHandler.java:136) ~[loader-4.0.38.jar%23153!/:4.0]
	at MC-BOOTSTRAP/fml_loader@4.0.38/net.neoforged.fml.loading.targets.CommonLaunchHandler.clientService(CommonLaunchHandler.java:124) ~[loader-4.0.38.jar%23153!/:4.0]
	at MC-BOOTSTRAP/fml_loader@4.0.38/net.neoforged.fml.loading.targets.CommonClientLaunchHandler.runService(CommonClientLaunchHandler.java:32) ~[loader-4.0.38.jar%23153!/:4.0]
	at MC-BOOTSTRAP/fml_loader@4.0.38/net.neoforged.fml.loading.targets.CommonLaunchHandler.lambda$launchService$4(CommonLaunchHandler.java:118) ~[loader-4.0.38.jar%23153!/:4.0]
	at MC-BOOTSTRAP/cpw.mods.modlauncher@11.0.4/cpw.mods.modlauncher.LaunchServiceHandlerDecorator.launch(LaunchServiceHandlerDecorator.java:30) [modlauncher-11.0.4.jar%23152!/:?]
	at MC-BOOTSTRAP/cpw.mods.modlauncher@11.0.4/cpw.mods.modlauncher.LaunchServiceHandler.launch(LaunchServiceHandler.java:53) [modlauncher-11.0.4.jar%23152!/:?]
	at MC-BOOTSTRAP/cpw.mods.modlauncher@11.0.4/cpw.mods.modlauncher.LaunchServiceHandler.launch(LaunchServiceHandler.java:71) [modlauncher-11.0.4.jar%23152!/:?]
	at MC-BOOTSTRAP/cpw.mods.modlauncher@11.0.4/cpw.mods.modlauncher.Launcher.run(Launcher.java:103) [modlauncher-11.0.4.jar%23152!/:?]
	at MC-BOOTSTRAP/cpw.mods.modlauncher@11.0.4/cpw.mods.modlauncher.Launcher.main(Launcher.java:74) [modlauncher-11.0.4.jar%23152!/:?]
	at MC-BOOTSTRAP/cpw.mods.modlauncher@11.0.4/cpw.mods.modlauncher.BootstrapLaunchConsumer.accept(BootstrapLaunchConsumer.java:26) [modlauncher-11.0.4.jar%23152!/:?]
	at MC-BOOTSTRAP/cpw.mods.modlauncher@11.0.4/cpw.mods.modlauncher.BootstrapLaunchConsumer.accept(BootstrapLaunchConsumer.java:23) [modlauncher-11.0.4.jar%23152!/:?]
	at cpw.mods.bootstraplauncher@2.0.2/cpw.mods.bootstraplauncher.BootstrapLauncher.run(BootstrapLauncher.java:210) [bootstraplauncher-2.0.2.jar:?]
	at cpw.mods.bootstraplauncher@2.0.2/cpw.mods.bootstraplauncher.BootstrapLauncher.main(BootstrapLauncher.java:69) [bootstraplauncher-2.0.2.jar:?]
[21Mar2025 15:26:14.964] [Render thread/INFO] [net.minecraft.client.renderer.texture.TextureAtlas/]: Created: 2048x1024x4 minecraft:textures/atlas/blocks.png-atlas
[21Mar2025 15:26:14.985] [Render thread/INFO] [net.minecraft.client.renderer.texture.TextureAtlas/]: Created: 256x256x4 minecraft:textures/atlas/signs.png-atlas
[21Mar2025 15:26:14.986] [Render thread/INFO] [net.minecraft.client.renderer.texture.TextureAtlas/]: Created: 512x512x4 minecraft:textures/atlas/shield_patterns.png-atlas
[21Mar2025 15:26:14.987] [Render thread/INFO] [net.minecraft.client.renderer.texture.TextureAtlas/]: Created: 512x512x4 minecraft:textures/atlas/banner_patterns.png-atlas
[21Mar2025 15:26:14.988] [Render thread/INFO] [net.minecraft.client.renderer.texture.TextureAtlas/]: Created: 1024x1024x4 minecraft:textures/atlas/armor_trims.png-atlas
[21Mar2025 15:26:14.991] [Render thread/INFO] [net.minecraft.client.renderer.texture.TextureAtlas/]: Created: 128x64x4 minecraft:textures/atlas/decorated_pot.png-atlas
[21Mar2025 15:26:14.992] [Render thread/INFO] [net.minecraft.client.renderer.texture.TextureAtlas/]: Created: 256x256x4 minecraft:textures/atlas/chest.png-atlas
[21Mar2025 15:26:14.992] [Render thread/INFO] [net.minecraft.client.renderer.texture.TextureAtlas/]: Created: 512x256x4 minecraft:textures/atlas/shulker_boxes.png-atlas
[21Mar2025 15:26:14.993] [Render thread/INFO] [net.minecraft.client.renderer.texture.TextureAtlas/]: Created: 512x256x4 minecraft:textures/atlas/beds.png-atlas
[21Mar2025 15:26:15.068] [Render thread/INFO] [net.minecraft.client.renderer.texture.TextureAtlas/]: Created: 512x512x0 minecraft:textures/atlas/particles.png-atlas
[21Mar2025 15:26:15.071] [Render thread/INFO] [net.minecraft.client.renderer.texture.TextureAtlas/]: Created: 512x256x0 minecraft:textures/atlas/paintings.png-atlas
[21Mar2025 15:26:15.071] [Render thread/INFO] [net.minecraft.client.renderer.texture.TextureAtlas/]: Created: 256x128x0 minecraft:textures/atlas/mob_effects.png-atlas
[21Mar2025 15:26:15.072] [Render thread/INFO] [net.minecraft.client.renderer.texture.TextureAtlas/]: Created: 64x64x0 minecraft:textures/atlas/map_decorations.png-atlas
[21Mar2025 15:26:15.072] [Render thread/INFO] [net.minecraft.client.renderer.texture.TextureAtlas/]: Created: 1024x512x0 minecraft:textures/atlas/gui.png-atlas
[21Mar2025 15:26:15.144] [Render thread/WARN] [net.minecraft.client.renderer.ShaderInstance/]: Shader rendertype_entity_translucent_emissive could not find sampler named Sampler2 in the specified shader program.
[21Mar2025 15:26:15.274] [Render thread/WARN] [net.minecraft.client.renderer.ShaderInstance/]: Shader ars_nouveau:rainbow_entity could not find uniform named IViewRotMat in the specified shader program.
[21Mar2025 15:26:15.282] [Render thread/WARN] [net.minecraft.client.renderer.ShaderInstance/]: Shader ars_nouveau:blamed_entity could not find uniform named IViewRotMat in the specified shader program.
[21Mar2025 15:26:15.305] [Render thread/INFO] [patchouli/]: BookContentResourceListenerLoader preloaded 357 jsons
[21Mar2025 15:26:15.307] [Render thread/INFO] [net.neoforged.neoforge.client.entity.animation.json.AnimationLoader/]: Loaded 0 entity animations
[21Mar2025 15:26:15.307] [Render thread/INFO] [net.minecraft.client.Minecraft/]: Waiting for overlay to disappear...
[21Mar2025 15:26:15.307] [Render thread/INFO] [net.minecraft.client.Minecraft/]: Waiting for player to load...
[21Mar2025 15:26:15.311] [Render thread/INFO] [net.minecraft.client.Minecraft/]: Waiting for overlay to disappear...
[21Mar2025 15:26:15.311] [Render thread/INFO] [net.minecraft.client.Minecraft/]: Waiting for player to load...
[21Mar2025 15:26:15.315] [Render thread/INFO] [net.minecraft.client.Minecraft/]: Waiting for overlay to disappear...
[21Mar2025 15:26:15.316] [Render thread/INFO] [net.minecraft.client.Minecraft/]: Waiting for player to load...
[21Mar2025 15:26:15.341] [Render thread/INFO] [net.minecraft.client.Minecraft/]: Waiting for overlay to disappear...
[21Mar2025 15:26:15.341] [Render thread/INFO] [net.minecraft.client.Minecraft/]: Waiting for player to load...
[21Mar2025 15:26:15.342] [Render thread/INFO] [net.minecraft.client.Minecraft/]: Waiting for overlay to disappear...
[21Mar2025 15:26:15.342] [Render thread/INFO] [net.minecraft.client.Minecraft/]: Waiting for player to load...
[21Mar2025 15:26:15.343] [Render thread/INFO] [net.minecraft.client.Minecraft/]: Waiting for overlay to disappear...
[21Mar2025 15:26:15.343] [Render thread/INFO] [net.minecraft.client.Minecraft/]: Waiting for player to load...
[21Mar2025 15:26:15.345] [Render thread/INFO] [net.minecraft.client.Minecraft/]: Waiting for overlay to disappear...
[21Mar2025 15:26:15.345] [Render thread/INFO] [net.minecraft.client.Minecraft/]: Waiting for player to load...
[21Mar2025 15:26:15.346] [Render thread/INFO] [net.minecraft.client.Minecraft/]: Waiting for overlay to disappear...
[21Mar2025 15:26:15.346] [Render thread/INFO] [net.minecraft.client.Minecraft/]: Waiting for player to load...
[21Mar2025 15:26:15.347] [Render thread/INFO] [net.minecraft.client.Minecraft/]: Waiting for overlay to disappear...
[21Mar2025 15:26:15.348] [Render thread/INFO] [net.minecraft.client.Minecraft/]: Waiting for player to load...
[21Mar2025 15:26:15.349] [Render thread/INFO] [net.minecraft.client.Minecraft/]: Waiting for overlay to disappear...
[21Mar2025 15:26:15.349] [Render thread/INFO] [net.minecraft.client.Minecraft/]: Waiting for player to load...
[21Mar2025 15:26:15.350] [Render thread/INFO] [net.minecraft.client.Minecraft/]: Waiting for overlay to disappear...
[21Mar2025 15:26:15.350] [Render thread/INFO] [net.minecraft.client.Minecraft/]: Waiting for player to load...
[21Mar2025 15:26:15.352] [Render thread/INFO] [net.minecraft.client.Minecraft/]: Waiting for overlay to disappear...
[21Mar2025 15:26:15.352] [Render thread/INFO] [net.minecraft.client.Minecraft/]: Waiting for player to load...
[21Mar2025 15:26:15.353] [Render thread/INFO] [net.minecraft.client.Minecraft/]: Waiting for overlay to disappear...
[21Mar2025 15:26:15.353] [Render thread/INFO] [net.minecraft.client.Minecraft/]: Waiting for player to load...
[21Mar2025 15:26:15.400] [Render thread/INFO] [net.minecraft.client.Minecraft/]: Waiting for overlay to disappear...
[21Mar2025 15:26:15.400] [Render thread/INFO] [net.minecraft.client.Minecraft/]: Waiting for player to load...
[21Mar2025 15:26:15.402] [IO-Worker-1/ERROR] [com.mojang.realmsclient.RealmsAvailability/]: Couldn't connect to realms
com.mojang.realmsclient.exception.RealmsServiceException: Realms service error (400) with no payload
	at TRANSFORMER/minecraft@1.21.1/com.mojang.realmsclient.client.RealmsClient.execute(RealmsClient.java:451) ~[client-1.21.1-20240808.144430-srg.jar%23176!/:?]
	at TRANSFORMER/minecraft@1.21.1/com.mojang.realmsclient.client.RealmsClient.clientCompatible(RealmsClient.java:232) ~[client-1.21.1-20240808.144430-srg.jar%23176!/:?]
	at TRANSFORMER/minecraft@1.21.1/com.mojang.realmsclient.RealmsAvailability.lambda$check$0(RealmsAvailability.java:51) ~[client-1.21.1-20240808.144430-srg.jar%23176!/:?]
	at java.base/java.util.concurrent.CompletableFuture$AsyncSupply.run(CompletableFuture.java:1768) ~[?:?]
	at java.base/java.util.concurrent.ThreadPoolExecutor.runWorker(ThreadPoolExecutor.java:1144) ~[?:?]
	at java.base/java.util.concurrent.ThreadPoolExecutor$Worker.run(ThreadPoolExecutor.java:642) ~[?:?]
	at java.base/java.lang.Thread.run(Thread.java:1583) [?:?]
[21Mar2025 15:26:15.450] [Render thread/INFO] [net.minecraft.client.Minecraft/]: Waiting for overlay to disappear...
[21Mar2025 15:26:15.450] [Render thread/INFO] [net.minecraft.client.Minecraft/]: Waiting for player to load...
[21Mar2025 15:26:15.501] [Render thread/INFO] [net.minecraft.client.Minecraft/]: Waiting for overlay to disappear...
[21Mar2025 15:26:15.501] [Render thread/INFO] [net.minecraft.client.Minecraft/]: Waiting for player to load...
[21Mar2025 15:26:15.551] [Render thread/INFO] [net.minecraft.client.Minecraft/]: Waiting for overlay to disappear...
[21Mar2025 15:26:15.551] [Render thread/INFO] [net.minecraft.client.Minecraft/]: Waiting for player to load...
[21Mar2025 15:26:15.601] [Render thread/INFO] [net.minecraft.client.Minecraft/]: Waiting for overlay to disappear...
[21Mar2025 15:26:15.601] [Render thread/INFO] [net.minecraft.client.Minecraft/]: Waiting for player to load...
[21Mar2025 15:26:15.651] [Render thread/INFO] [net.minecraft.client.Minecraft/]: Waiting for overlay to disappear...
[21Mar2025 15:26:15.651] [Render thread/INFO] [net.minecraft.client.Minecraft/]: Waiting for player to load...
[21Mar2025 15:26:15.702] [Render thread/INFO] [net.minecraft.client.Minecraft/]: Waiting for overlay to disappear...
[21Mar2025 15:26:15.702] [Render thread/INFO] [net.minecraft.client.Minecraft/]: Waiting for player to load...
[21Mar2025 15:26:15.735] [Render thread/INFO] [net.minecraft.client.Minecraft/]: Waiting for overlay to disappear...
[21Mar2025 15:26:15.735] [Render thread/INFO] [net.minecraft.client.Minecraft/]: Waiting for player to load...
[21Mar2025 15:26:15.785] [Render thread/INFO] [net.minecraft.client.Minecraft/]: Waiting for overlay to disappear...
[21Mar2025 15:26:15.785] [Render thread/INFO] [net.minecraft.client.Minecraft/]: Waiting for player to load...
[21Mar2025 15:26:15.835] [Render thread/INFO] [net.minecraft.client.Minecraft/]: Waiting for overlay to disappear...
[21Mar2025 15:26:15.836] [Render thread/INFO] [net.minecraft.client.Minecraft/]: Waiting for player to load...
[21Mar2025 15:26:15.886] [Render thread/INFO] [net.minecraft.client.Minecraft/]: Waiting for overlay to disappear...
[21Mar2025 15:26:15.886] [Render thread/INFO] [net.minecraft.client.Minecraft/]: Waiting for player to load...
[21Mar2025 15:26:15.936] [Render thread/INFO] [net.minecraft.client.Minecraft/]: Waiting for overlay to disappear...
[21Mar2025 15:26:15.936] [Render thread/INFO] [net.minecraft.client.Minecraft/]: Waiting for player to load...
[21Mar2025 15:26:15.986] [Render thread/INFO] [net.minecraft.client.Minecraft/]: Waiting for overlay to disappear...
[21Mar2025 15:26:15.986] [Render thread/INFO] [net.minecraft.client.Minecraft/]: Waiting for player to load...
[21Mar2025 15:26:16.036] [Render thread/INFO] [net.minecraft.client.Minecraft/]: Waiting for overlay to disappear...
[21Mar2025 15:26:16.037] [Render thread/INFO] [net.minecraft.client.Minecraft/]: Waiting for player to load...
[21Mar2025 15:26:16.087] [Render thread/INFO] [net.minecraft.client.Minecraft/]: Waiting for overlay to disappear...
[21Mar2025 15:26:16.087] [Render thread/INFO] [net.minecraft.client.Minecraft/]: Waiting for player to load...
[21Mar2025 15:26:16.137] [Render thread/INFO] [net.minecraft.client.Minecraft/]: Waiting for overlay to disappear...
[21Mar2025 15:26:16.137] [Render thread/INFO] [net.minecraft.client.Minecraft/]: Waiting for player to load...
[21Mar2025 15:26:16.187] [Render thread/INFO] [net.minecraft.client.Minecraft/]: Waiting for overlay to disappear...
[21Mar2025 15:26:16.187] [Render thread/INFO] [net.minecraft.client.Minecraft/]: Waiting for player to load...
[21Mar2025 15:26:16.237] [Render thread/INFO] [net.minecraft.client.Minecraft/]: Waiting for overlay to disappear...
[21Mar2025 15:26:16.238] [Render thread/INFO] [net.minecraft.client.Minecraft/]: Waiting for player to load...
[21Mar2025 15:26:16.288] [Render thread/INFO] [net.minecraft.client.Minecraft/]: Waiting for overlay to disappear...
[21Mar2025 15:26:16.288] [Render thread/INFO] [net.minecraft.client.Minecraft/]: Waiting for player to load...
[21Mar2025 15:26:16.338] [Render thread/INFO] [net.minecraft.client.Minecraft/]: Waiting for overlay to disappear...
[21Mar2025 15:26:16.338] [Render thread/INFO] [net.minecraft.client.Minecraft/]: Waiting for player to load...
[21Mar2025 15:26:16.436] [Render thread/INFO] [net.minecraft.client.Minecraft/]: Waiting for overlay to disappear...
[21Mar2025 15:26:16.436] [Render thread/INFO] [net.minecraft.client.Minecraft/]: Waiting for player to load...
[21Mar2025 15:26:16.437] [Render thread/INFO] [net.minecraft.client.Minecraft/]: Waiting for overlay to disappear...
[21Mar2025 15:26:16.437] [Render thread/INFO] [net.minecraft.client.Minecraft/]: Waiting for player to load...
[21Mar2025 15:26:16.486] [Render thread/INFO] [net.minecraft.client.Minecraft/]: Waiting for overlay to disappear...
[21Mar2025 15:26:16.486] [Render thread/INFO] [net.minecraft.client.Minecraft/]: Waiting for player to load...
[21Mar2025 15:26:16.537] [Render thread/INFO] [net.minecraft.client.Minecraft/]: Waiting for overlay to disappear...
[21Mar2025 15:26:16.537] [Render thread/INFO] [net.minecraft.client.Minecraft/]: Waiting for player to load...
[21Mar2025 15:26:16.587] [Render thread/INFO] [net.minecraft.client.Minecraft/]: Waiting for overlay to disappear...
[21Mar2025 15:26:16.587] [Render thread/INFO] [net.minecraft.client.Minecraft/]: Waiting for player to load...
[21Mar2025 15:26:16.637] [Render thread/INFO] [net.minecraft.client.Minecraft/]: Waiting for overlay to disappear...
[21Mar2025 15:26:16.637] [Render thread/INFO] [net.minecraft.client.Minecraft/]: Waiting for player to load...
[21Mar2025 15:26:16.687] [Render thread/INFO] [net.minecraft.client.Minecraft/]: Waiting for overlay to disappear...
[21Mar2025 15:26:16.687] [Render thread/INFO] [net.minecraft.client.Minecraft/]: Waiting for player to load...
[21Mar2025 15:26:16.738] [Render thread/INFO] [net.minecraft.client.Minecraft/]: Waiting for overlay to disappear...
[21Mar2025 15:26:16.738] [Render thread/INFO] [net.minecraft.client.Minecraft/]: Waiting for player to load...
[21Mar2025 15:26:16.788] [Render thread/INFO] [net.minecraft.client.Minecraft/]: Waiting for overlay to disappear...
[21Mar2025 15:26:16.788] [Render thread/INFO] [net.minecraft.client.Minecraft/]: Waiting for player to load...
[21Mar2025 15:26:16.838] [Render thread/INFO] [net.minecraft.client.Minecraft/]: Waiting for overlay to disappear...
[21Mar2025 15:26:16.838] [Render thread/INFO] [net.minecraft.client.Minecraft/]: Waiting for player to load...
[21Mar2025 15:26:16.888] [Render thread/INFO] [net.minecraft.client.Minecraft/]: Waiting for overlay to disappear...
[21Mar2025 15:26:16.888] [Render thread/INFO] [net.minecraft.client.Minecraft/]: Waiting for player to load...
[21Mar2025 15:26:16.939] [Render thread/INFO] [net.minecraft.client.Minecraft/]: Waiting for overlay to disappear...
[21Mar2025 15:26:16.939] [Render thread/INFO] [net.minecraft.client.Minecraft/]: Waiting for player to load...
[21Mar2025 15:26:16.989] [Render thread/INFO] [net.minecraft.client.Minecraft/]: Waiting for overlay to disappear...
[21Mar2025 15:26:16.989] [Render thread/INFO] [net.minecraft.client.Minecraft/]: Waiting for player to load...
[21Mar2025 15:26:17.039] [Render thread/INFO] [net.minecraft.client.Minecraft/]: Waiting for overlay to disappear...
[21Mar2025 15:26:17.039] [Render thread/INFO] [net.minecraft.client.Minecraft/]: Waiting for player to load...
[21Mar2025 15:26:17.089] [Render thread/INFO] [net.minecraft.client.Minecraft/]: Waiting for overlay to disappear...
[21Mar2025 15:26:17.089] [Render thread/INFO] [net.minecraft.client.Minecraft/]: Waiting for player to load...
[21Mar2025 15:26:17.139] [Render thread/INFO] [net.minecraft.client.Minecraft/]: Waiting for overlay to disappear...
[21Mar2025 15:26:17.140] [Render thread/INFO] [net.minecraft.client.Minecraft/]: Waiting for player to load...
[21Mar2025 15:26:17.190] [Render thread/INFO] [net.minecraft.client.Minecraft/]: Waiting for overlay to disappear...
[21Mar2025 15:26:17.190] [Render thread/INFO] [net.minecraft.client.Minecraft/]: Waiting for player to load...
[21Mar2025 15:26:17.240] [Render thread/INFO] [net.minecraft.client.Minecraft/]: Waiting for overlay to disappear...
[21Mar2025 15:26:17.240] [Render thread/INFO] [net.minecraft.client.Minecraft/]: Waiting for player to load...
[21Mar2025 15:26:17.290] [Render thread/INFO] [net.minecraft.client.Minecraft/]: Waiting for overlay to disappear...
[21Mar2025 15:26:17.290] [Render thread/INFO] [net.minecraft.client.Minecraft/]: Waiting for player to load...
[21Mar2025 15:26:18.702] [Render thread/INFO] [net.minecraft.world.item.crafting.RecipeManager/]: Loaded 2093 recipes
[21Mar2025 15:26:18.977] [Render thread/INFO] [net.minecraft.advancements.AdvancementTree/]: Loaded 1776 advancements
[21Mar2025 15:26:18.985] [Render thread/INFO] [Curios API/]: Loaded 12 curio slots
[21Mar2025 15:26:18.987] [Render thread/INFO] [Curios API/]: Loaded 1 curio entities
[21Mar2025 15:26:19.534] [Render thread/INFO] [net.minecraft.client.Minecraft/]: Waiting for player to load...
[21Mar2025 15:26:19.918] [Server thread/INFO] [net.minecraft.client.server.IntegratedServer/]: Starting integrated minecraft server version 1.21.1
[21Mar2025 15:26:19.919] [Server thread/INFO] [net.minecraft.server.MinecraftServer/]: Generating keypair
[21Mar2025 15:26:26.152] [Server thread/INFO] [net.minecraft.server.MinecraftServer/]: Preparing start region for dimension minecraft:overworld
[21Mar2025 15:26:26.420] [Render thread/INFO] [net.minecraft.server.level.progress.LoggerChunkProgressListener/]: Preparing spawn area: 2%
[21Mar2025 15:26:26.999] [Render thread/INFO] [net.minecraft.server.level.progress.LoggerChunkProgressListener/]: Preparing spawn area: 2%
[21Mar2025 15:26:27.285] [Render thread/INFO] [net.minecraft.server.level.progress.LoggerChunkProgressListener/]: Preparing spawn area: 2%
[21Mar2025 15:26:27.865] [Render thread/INFO] [net.minecraft.server.level.progress.LoggerChunkProgressListener/]: Preparing spawn area: 2%
[21Mar2025 15:26:28.420] [Render thread/INFO] [net.minecraft.server.level.progress.LoggerChunkProgressListener/]: Preparing spawn area: 2%
[21Mar2025 15:26:28.818] [Render thread/INFO] [net.minecraft.server.level.progress.LoggerChunkProgressListener/]: Preparing spawn area: 18%
[21Mar2025 15:26:29.390] [Render thread/INFO] [net.minecraft.server.level.progress.LoggerChunkProgressListener/]: Preparing spawn area: 18%
[21Mar2025 15:26:29.879] [Render thread/INFO] [net.minecraft.server.level.progress.LoggerChunkProgressListener/]: Preparing spawn area: 18%
[21Mar2025 15:26:30.279] [Render thread/INFO] [net.minecraft.server.level.progress.LoggerChunkProgressListener/]: Preparing spawn area: 36%
[21Mar2025 15:26:30.808] [Render thread/INFO] [net.minecraft.server.level.progress.LoggerChunkProgressListener/]: Preparing spawn area: 51%
[21Mar2025 15:26:31.286] [Render thread/INFO] [net.minecraft.server.level.progress.LoggerChunkProgressListener/]: Preparing spawn area: 51%
[21Mar2025 15:26:31.831] [Render thread/INFO] [net.minecraft.server.level.progress.LoggerChunkProgressListener/]: Preparing spawn area: 51%
[21Mar2025 15:26:32.171] [Server thread/INFO] [net.neoforged.neoforge.server.permission.PermissionAPI/]: Successfully initialized permission handler neoforge:default_handler
[21Mar2025 15:26:32.175] [Server thread/INFO] [patchouli/]: Sending reload packet to clients
[21Mar2025 15:26:32.215] [Render thread/INFO] [net.minecraft.server.level.progress.LoggerChunkProgressListener/]: Time elapsed: 5947 ms
[21Mar2025 15:26:32.362] [Server thread/INFO] [net.minecraft.client.server.IntegratedServer/]: Changing view distance to 12, from 10
[21Mar2025 15:26:32.362] [Server thread/INFO] [net.minecraft.client.server.IntegratedServer/]: Changing simulation distance to 12, from 0
[21Mar2025 15:26:32.609] [Render thread/INFO] [net.minecraft.client.Minecraft/]: Waiting for player to load...
[21Mar2025 15:26:32.613] [Render thread/INFO] [net.minecraft.client.Minecraft/]: Waiting for player to load...
[21Mar2025 15:26:32.614] [Render thread/INFO] [net.minecraft.client.Minecraft/]: Waiting for player to load...
[21Mar2025 15:26:32.615] [Render thread/INFO] [net.minecraft.client.Minecraft/]: Waiting for player to load...
[21Mar2025 15:26:32.615] [Render thread/INFO] [net.minecraft.client.Minecraft/]: Waiting for player to load...
[21Mar2025 15:26:32.617] [Render thread/INFO] [net.minecraft.client.Minecraft/]: Waiting for player to load...
[21Mar2025 15:26:32.618] [Render thread/INFO] [net.minecraft.client.Minecraft/]: Waiting for player to load...
[21Mar2025 15:26:32.619] [Render thread/INFO] [net.minecraft.client.Minecraft/]: Waiting for player to load...
[21Mar2025 15:26:32.620] [Render thread/INFO] [net.minecraft.client.Minecraft/]: Waiting for player to load...
[21Mar2025 15:26:32.621] [Render thread/INFO] [net.minecraft.client.Minecraft/]: Waiting for player to load...
[21Mar2025 15:26:32.726] [Render thread/INFO] [net.minecraft.client.Minecraft/]: Waiting for player to load...
[21Mar2025 15:26:32.727] [Render thread/INFO] [net.minecraft.client.Minecraft/]: Waiting for player to load...
[21Mar2025 15:26:32.728] [Render thread/INFO] [net.minecraft.client.Minecraft/]: Waiting for player to load...
[21Mar2025 15:26:32.729] [Render thread/INFO] [net.minecraft.client.Minecraft/]: Waiting for player to load...
[21Mar2025 15:26:32.730] [Render thread/INFO] [net.minecraft.client.Minecraft/]: Waiting for player to load...
[21Mar2025 15:26:32.735] [Render thread/INFO] [net.minecraft.client.Minecraft/]: Waiting for player to load...
[21Mar2025 15:26:32.736] [Render thread/INFO] [net.minecraft.client.Minecraft/]: Waiting for player to load...
[21Mar2025 15:26:32.737] [Render thread/INFO] [net.minecraft.client.Minecraft/]: Waiting for player to load...
[21Mar2025 15:26:32.738] [Render thread/INFO] [net.minecraft.client.Minecraft/]: Waiting for player to load...
[21Mar2025 15:26:32.740] [Render thread/INFO] [net.minecraft.client.Minecraft/]: Waiting for player to load...
[21Mar2025 15:26:32.868] [Render thread/INFO] [net.minecraft.client.Minecraft/]: Waiting for player to load...
[21Mar2025 15:26:32.869] [Render thread/INFO] [net.minecraft.client.Minecraft/]: Waiting for player to load...
[21Mar2025 15:26:32.870] [Render thread/INFO] [net.minecraft.client.Minecraft/]: Waiting for player to load...
[21Mar2025 15:26:33.041] [Render thread/INFO] [net.minecraft.client.Minecraft/]: Waiting for player to load...
[21Mar2025 15:26:33.042] [Render thread/INFO] [net.minecraft.client.Minecraft/]: Waiting for player to load...
[21Mar2025 15:26:33.045] [Render thread/INFO] [net.minecraft.client.Minecraft/]: Waiting for player to load...
[21Mar2025 15:26:33.146] [Render thread/INFO] [net.minecraft.client.Minecraft/]: Waiting for player to load...
[21Mar2025 15:26:33.147] [Render thread/INFO] [net.minecraft.client.Minecraft/]: Waiting for player to load...
[21Mar2025 15:26:33.148] [Render thread/INFO] [net.minecraft.client.Minecraft/]: Waiting for player to load...
[21Mar2025 15:26:33.242] [Render thread/INFO] [net.minecraft.client.Minecraft/]: Waiting for player to load...
[21Mar2025 15:26:33.243] [Render thread/INFO] [net.minecraft.client.Minecraft/]: Waiting for player to load...
[21Mar2025 15:26:33.418] [Render thread/INFO] [net.minecraft.client.Minecraft/]: Waiting for player to load...
[21Mar2025 15:26:33.452] [Server thread/INFO] [net.minecraft.server.players.PlayerList/]: Offline[local:E:9ee33f42] logged in with entity id 4 at (-4.5, 95.0, -4.5)
[21Mar2025 15:26:33.488] [Server thread/INFO] [net.minecraft.server.MinecraftServer/]: Offline joined the game
[21Mar2025 15:26:34.470] [Render thread/INFO] [net.minecraft.client.gui.components.ChatComponent/]: [System] [CHAT] Ars Nouveau adds built in dynamic lights. Enable with `/ars-light on`. This won't appear again!
[21Mar2025 15:26:34.523] [Render thread/WARN] [net.minecraft.client.ClientRecipeBook/]: Unknown recipe category: ars_nouveau:imbuement/ars_elemental:rainbow_prism_lens
[21Mar2025 15:26:34.523] [Render thread/WARN] [net.minecraft.client.ClientRecipeBook/]: Unknown recipe category: ars_nouveau:imbuement/ars_nouveau:imbuement_amethyst_block
[21Mar2025 15:26:34.523] [Render thread/WARN] [net.minecraft.client.ClientRecipeBook/]: Unknown recipe category: ars_nouveau:imbuement/ars_elemental:earth_turret
[21Mar2025 15:26:34.523] [Render thread/WARN] [net.minecraft.client.ClientRecipeBook/]: Unknown recipe category: ars_nouveau:imbuement/ars_elemental:water_turret
[21Mar2025 15:26:34.523] [Render thread/WARN] [net.minecraft.client.ClientRecipeBook/]: Unknown recipe category: ars_nouveau:imbuement/ars_elemental:lesser_air_focus
[21Mar2025 15:26:34.523] [Render thread/WARN] [net.minecraft.client.ClientRecipeBook/]: Unknown recipe category: ars_nouveau:imbuement/ars_nouveau:imbuement_lapis
[21Mar2025 15:26:34.523] [Render thread/WARN] [net.minecraft.client.ClientRecipeBook/]: Unknown recipe category: ars_nouveau:imbuement/ars_elemental:air_turret
[21Mar2025 15:26:34.523] [Render thread/WARN] [net.minecraft.client.ClientRecipeBook/]: Unknown recipe category: ars_nouveau:imbuement/ars_elemental:arc_prism_lens
[21Mar2025 15:26:34.523] [Render thread/WARN] [net.minecraft.client.ClientRecipeBook/]: Unknown recipe category: ars_nouveau:imbuement/ars_elemental:imbuement_anima_essence
[21Mar2025 15:26:34.523] [Render thread/WARN] [net.minecraft.client.ClientRecipeBook/]: Unknown recipe category: ars_nouveau:imbuement/ars_nouveau:imbuement_abjuration_essence
[21Mar2025 15:26:34.524] [Render thread/WARN] [net.minecraft.client.ClientRecipeBook/]: Unknown recipe category: ars_nouveau:imbuement/ars_nouveau:imbuement_earth_essence
[21Mar2025 15:26:34.524] [Render thread/WARN] [net.minecraft.client.ClientRecipeBook/]: Unknown recipe category: ars_nouveau:imbuement/ars_elemental:piercing_prism_lens
[21Mar2025 15:26:34.524] [Render thread/WARN] [net.minecraft.client.ClientRecipeBook/]: Unknown recipe category: ars_nouveau:imbuement/ars_nouveau:imbuement_manipulation_essence
[21Mar2025 15:26:34.524] [Render thread/WARN] [net.minecraft.client.ClientRecipeBook/]: Unknown recipe category: ars_nouveau:imbuement/ars_nouveau:imbuement_air_essence
[21Mar2025 15:26:34.524] [Render thread/WARN] [net.minecraft.client.ClientRecipeBook/]: Unknown recipe category: ars_nouveau:imbuement/ars_nouveau:imbuement_split_arrow
[21Mar2025 15:26:34.524] [Render thread/WARN] [net.minecraft.client.ClientRecipeBook/]: Unknown recipe category: ars_nouveau:imbuement/ars_elemental:lesser_water_focus
[21Mar2025 15:26:34.524] [Render thread/WARN] [net.minecraft.client.ClientRecipeBook/]: Unknown recipe category: ars_nouveau:imbuement/ars_nouveau:imbuement_conjuration_essence
[21Mar2025 15:26:34.524] [Render thread/WARN] [net.minecraft.client.ClientRecipeBook/]: Unknown recipe category: ars_nouveau:imbuement/ars_nouveau:imbuement_amethyst
[21Mar2025 15:26:34.524] [Render thread/WARN] [net.minecraft.client.ClientRecipeBook/]: Unknown recipe category: ars_nouveau:imbuement/ars_elemental:fire_turret
[21Mar2025 15:26:34.524] [Render thread/WARN] [net.minecraft.client.ClientRecipeBook/]: Unknown recipe category: ars_nouveau:imbuement/ars_nouveau:imbuement_fire_essence
[21Mar2025 15:26:34.524] [Render thread/WARN] [net.minecraft.client.ClientRecipeBook/]: Unknown recipe category: ars_nouveau:imbuement/ars_elemental:lesser_fire_focus
[21Mar2025 15:26:34.524] [Render thread/WARN] [net.minecraft.client.ClientRecipeBook/]: Unknown recipe category: ars_nouveau:imbuement/ars_elemental:lesser_earth_focus
[21Mar2025 15:26:34.524] [Render thread/WARN] [net.minecraft.client.ClientRecipeBook/]: Unknown recipe category: ars_nouveau:imbuement/ars_elemental:acceleration_prism_lens
[21Mar2025 15:26:34.524] [Render thread/WARN] [net.minecraft.client.ClientRecipeBook/]: Unknown recipe category: ars_nouveau:imbuement/ars_elemental:manipulation_turret
[21Mar2025 15:26:34.524] [Render thread/WARN] [net.minecraft.client.ClientRecipeBook/]: Unknown recipe category: ars_nouveau:imbuement/ars_nouveau:imbuement_pierce_arrow
[21Mar2025 15:26:34.525] [Render thread/WARN] [net.minecraft.client.ClientRecipeBook/]: Unknown recipe category: ars_nouveau:imbuement/ars_nouveau:imbuement_water_essence
[21Mar2025 15:26:34.525] [Render thread/WARN] [net.minecraft.client.ClientRecipeBook/]: Unknown recipe category: ars_nouveau:imbuement/ars_nouveau:imbuement_amplify_arrow
[21Mar2025 15:26:34.525] [Render thread/WARN] [net.minecraft.client.ClientRecipeBook/]: Unknown recipe category: ars_nouveau:imbuement/ars_elemental:deceleration_prism_lens
[21Mar2025 15:26:34.525] [Render thread/WARN] [net.minecraft.client.ClientRecipeBook/]: Unknown recipe category: ars_nouveau:imbuement/ars_elemental:homing_prism_lens
[21Mar2025 15:26:35.670] [Render thread/INFO] [ars_nouveau/]: Documentation loaded in 1111ms
[21Mar2025 15:26:35.732] [Render thread/INFO] [net.minecraft.advancements.AdvancementTree/]: Loaded 337 advancements
[21Mar2025 15:26:35.745] [Render thread/INFO] [patchouli/]: BookContentResourceListenerLoader: Files found in 2.094 ms
[21Mar2025 15:26:35.749] [Render thread/INFO] [patchouli/]: BookContentResourceListenerLoader: Files found in 1.243 ms
[21Mar2025 15:26:35.821] [Render thread/INFO] [patchouli/]: BookContentResourceListenerLoader: Files found in 866.7 μs
[21Mar2025 15:26:35.887] [Render thread/WARN] [patchouli/]: Recipe ars_elemental:tablet_ritual_repulsion (of type minecraft:crafting) not found
[21Mar2025 15:26:35.927] [Render thread/WARN] [patchouli/]: Recipe ars_elemental:tablet_ritual_detection (of type minecraft:crafting) not found
[21Mar2025 15:26:36.051] [Render thread/WARN] [patchouli/]: Recipe ars_elemental:tablet_ritual_archwood_forest (of type minecraft:crafting) not found
[21Mar2025 15:26:36.085] [Render thread/WARN] [patchouli/]: Recipe ars_elemental:tablet_ritual_squirrels (of type minecraft:crafting) not found
[21Mar2025 15:26:36.199] [Render thread/WARN] [patchouli/]: Recipe ars_elemental:tablet_ritual_tesla_coil (of type minecraft:crafting) not found
[21Mar2025 15:26:36.273] [Render thread/WARN] [patchouli/]: Recipe ars_elemental:tablet_ritual_attraction (of type minecraft:crafting) not found
[21Mar2025 15:26:36.448] [Render thread/INFO] [net.minecraft.client.Minecraft/]: Screen not yet null: net.minecraft.client.gui.screens.ReceivingLevelScreen@27cda5f
[21Mar2025 15:26:36.470] [Render thread/INFO] [net.minecraft.client.Minecraft/]: Screen not yet null: net.minecraft.client.gui.screens.ReceivingLevelScreen@27cda5f
[21Mar2025 15:26:36.475] [Render thread/INFO] [net.minecraft.client.Minecraft/]: Screen not yet null: net.minecraft.client.gui.screens.ReceivingLevelScreen@27cda5f
[21Mar2025 15:26:36.485] [Render thread/INFO] [net.minecraft.client.Minecraft/]: Screen not yet null: net.minecraft.client.gui.screens.ReceivingLevelScreen@27cda5f
[21Mar2025 15:26:37.515] [Render thread/INFO] [net.minecraft.client.Minecraft/]: Screen not yet null: net.minecraft.client.gui.screens.ReceivingLevelScreen@27cda5f
[21Mar2025 15:26:37.539] [Render thread/INFO] [net.minecraft.client.Minecraft/]: Screen not yet null: net.minecraft.client.gui.screens.ReceivingLevelScreen@27cda5f
[21Mar2025 15:26:37.549] [Render thread/INFO] [net.minecraft.client.Minecraft/]: Screen not yet null: net.minecraft.client.gui.screens.ReceivingLevelScreen@27cda5f
[21Mar2025 15:26:37.558] [Render thread/INFO] [net.minecraft.client.Minecraft/]: Screen not yet null: net.minecraft.client.gui.screens.ReceivingLevelScreen@27cda5f
[21Mar2025 15:26:37.573] [Render thread/INFO] [net.minecraft.client.Minecraft/]: Screen not yet null: net.minecraft.client.gui.screens.ReceivingLevelScreen@27cda5f
[21Mar2025 15:26:37.584] [Render thread/INFO] [net.minecraft.client.Minecraft/]: Screen not yet null: net.minecraft.client.gui.screens.ReceivingLevelScreen@27cda5f
[21Mar2025 15:26:37.596] [Render thread/INFO] [net.minecraft.client.Minecraft/]: Screen not yet null: net.minecraft.client.gui.screens.ReceivingLevelScreen@27cda5f
[21Mar2025 15:26:37.603] [Render thread/INFO] [net.minecraft.client.Minecraft/]: Screen not yet null: net.minecraft.client.gui.screens.ReceivingLevelScreen@27cda5f
[21Mar2025 15:26:37.609] [Render thread/INFO] [net.minecraft.client.Minecraft/]: Screen not yet null: net.minecraft.client.gui.screens.ReceivingLevelScreen@27cda5f
[21Mar2025 15:26:37.615] [Render thread/INFO] [net.minecraft.client.Minecraft/]: Screen not yet null: net.minecraft.client.gui.screens.ReceivingLevelScreen@27cda5f
[21Mar2025 15:26:37.945] [Render thread/INFO] [net.minecraft.client.Minecraft/]: Screen not yet null: net.minecraft.client.gui.screens.ReceivingLevelScreen@27cda5f
[21Mar2025 15:26:37.950] [Render thread/INFO] [net.minecraft.client.Minecraft/]: Screen not yet null: net.minecraft.client.gui.screens.ReceivingLevelScreen@27cda5f
[21Mar2025 15:26:37.952] [Render thread/INFO] [net.minecraft.client.Minecraft/]: Screen not yet null: net.minecraft.client.gui.screens.ReceivingLevelScreen@27cda5f
[21Mar2025 15:26:37.955] [Render thread/INFO] [net.minecraft.client.Minecraft/]: Screen not yet null: net.minecraft.client.gui.screens.ReceivingLevelScreen@27cda5f
[21Mar2025 15:26:37.958] [Render thread/INFO] [net.minecraft.client.Minecraft/]: Screen not yet null: net.minecraft.client.gui.screens.ReceivingLevelScreen@27cda5f
[21Mar2025 15:26:37.961] [Render thread/INFO] [net.minecraft.client.Minecraft/]: Screen not yet null: net.minecraft.client.gui.screens.ReceivingLevelScreen@27cda5f
[21Mar2025 15:26:37.965] [Render thread/INFO] [net.minecraft.client.Minecraft/]: Screen not yet null: net.minecraft.client.gui.screens.ReceivingLevelScreen@27cda5f
[21Mar2025 15:26:37.970] [Render thread/INFO] [net.minecraft.client.Minecraft/]: Screen not yet null: net.minecraft.client.gui.screens.ReceivingLevelScreen@27cda5f
[21Mar2025 15:26:37.979] [Render thread/INFO] [net.minecraft.client.Minecraft/]: Screen not yet null: net.minecraft.client.gui.screens.ReceivingLevelScreen@27cda5f
[21Mar2025 15:26:38.388] [Render thread/INFO] [net.minecraft.client.Minecraft/]: Screen not yet null: net.minecraft.client.gui.screens.ReceivingLevelScreen@27cda5f
[21Mar2025 15:26:38.396] [Render thread/INFO] [net.minecraft.client.Minecraft/]: Waiting 76 ticks before testing...
[21Mar2025 15:26:38.402] [Render thread/INFO] [net.minecraft.client.Minecraft/]: Waiting 75 ticks before testing...
[21Mar2025 15:26:38.409] [Render thread/INFO] [net.minecraft.client.Minecraft/]: Waiting 74 ticks before testing...
[21Mar2025 15:26:38.418] [Render thread/INFO] [net.minecraft.client.Minecraft/]: Waiting 73 ticks before testing...
[21Mar2025 15:26:38.425] [Render thread/INFO] [net.minecraft.client.Minecraft/]: Waiting 72 ticks before testing...
[21Mar2025 15:26:38.431] [Render thread/INFO] [net.minecraft.client.Minecraft/]: Waiting 71 ticks before testing...
[21Mar2025 15:26:38.435] [Render thread/INFO] [net.minecraft.client.Minecraft/]: Waiting 70 ticks before testing...
[21Mar2025 15:26:38.513] [Render thread/INFO] [net.minecraft.client.Minecraft/]: Waiting 69 ticks before testing...
[21Mar2025 15:26:38.520] [Render thread/INFO] [net.minecraft.client.Minecraft/]: Waiting 68 ticks before testing...
[21Mar2025 15:26:38.526] [Render thread/INFO] [net.minecraft.client.Minecraft/]: Waiting 67 ticks before testing...
[21Mar2025 15:26:38.611] [Render thread/INFO] [net.minecraft.client.Minecraft/]: Waiting 66 ticks before testing...
[21Mar2025 15:26:38.616] [Render thread/INFO] [net.minecraft.client.Minecraft/]: Waiting 65 ticks before testing...
[21Mar2025 15:26:38.697] [Render thread/INFO] [net.minecraft.client.Minecraft/]: Waiting 64 ticks before testing...
[21Mar2025 15:26:38.704] [Render thread/INFO] [net.minecraft.client.Minecraft/]: Waiting 63 ticks before testing...
[21Mar2025 15:26:38.791] [Render thread/INFO] [net.minecraft.client.Minecraft/]: Waiting 62 ticks before testing...
[21Mar2025 15:26:38.886] [Render thread/INFO] [net.minecraft.client.Minecraft/]: Waiting 61 ticks before testing...
[21Mar2025 15:26:38.890] [Render thread/INFO] [net.minecraft.client.Minecraft/]: Waiting 60 ticks before testing...
[21Mar2025 15:26:39.016] [Render thread/INFO] [net.minecraft.client.Minecraft/]: Waiting 59 ticks before testing...
[21Mar2025 15:26:39.019] [Render thread/INFO] [net.minecraft.client.Minecraft/]: Waiting 58 ticks before testing...
[21Mar2025 15:26:39.025] [Render thread/INFO] [net.minecraft.client.Minecraft/]: Waiting 57 ticks before testing...
[21Mar2025 15:26:39.115] [Render thread/INFO] [net.minecraft.client.Minecraft/]: Waiting 56 ticks before testing...
[21Mar2025 15:26:39.118] [Render thread/INFO] [net.minecraft.client.Minecraft/]: Waiting 55 ticks before testing...
[21Mar2025 15:26:39.232] [Render thread/INFO] [net.minecraft.client.Minecraft/]: Waiting 54 ticks before testing...
[21Mar2025 15:26:39.236] [Render thread/INFO] [net.minecraft.client.Minecraft/]: Waiting 53 ticks before testing...
[21Mar2025 15:26:39.339] [Render thread/INFO] [net.minecraft.client.Minecraft/]: Waiting 52 ticks before testing...
[21Mar2025 15:26:39.347] [Render thread/INFO] [net.minecraft.client.Minecraft/]: Waiting 51 ticks before testing...
[21Mar2025 15:26:39.440] [Render thread/INFO] [net.minecraft.client.Minecraft/]: Waiting 50 ticks before testing...
[21Mar2025 15:26:39.445] [Render thread/INFO] [net.minecraft.client.Minecraft/]: Waiting 49 ticks before testing...
[21Mar2025 15:26:39.521] [Render thread/INFO] [net.minecraft.client.Minecraft/]: Waiting 48 ticks before testing...
[21Mar2025 15:26:39.526] [Render thread/INFO] [net.minecraft.client.Minecraft/]: Waiting 47 ticks before testing...
[21Mar2025 15:26:39.656] [Render thread/INFO] [net.minecraft.client.Minecraft/]: Waiting 46 ticks before testing...
[21Mar2025 15:26:39.663] [Render thread/INFO] [net.minecraft.client.Minecraft/]: Waiting 45 ticks before testing...
[21Mar2025 15:26:39.674] [Render thread/INFO] [net.minecraft.client.Minecraft/]: Waiting 44 ticks before testing...
[21Mar2025 15:26:39.766] [Render thread/INFO] [net.minecraft.client.Minecraft/]: Waiting 43 ticks before testing...
[21Mar2025 15:26:39.771] [Render thread/INFO] [net.minecraft.client.Minecraft/]: Waiting 42 ticks before testing...
[21Mar2025 15:26:39.903] [Render thread/INFO] [net.minecraft.client.Minecraft/]: Waiting 41 ticks before testing...
[21Mar2025 15:26:39.907] [Render thread/INFO] [net.minecraft.client.Minecraft/]: Waiting 40 ticks before testing...
[21Mar2025 15:26:39.912] [Render thread/INFO] [net.minecraft.client.Minecraft/]: Waiting 39 ticks before testing...
[21Mar2025 15:26:39.999] [Render thread/INFO] [net.minecraft.client.Minecraft/]: Waiting 38 ticks before testing...
[21Mar2025 15:26:40.007] [Render thread/INFO] [net.minecraft.client.Minecraft/]: Waiting 37 ticks before testing...
[21Mar2025 15:26:40.103] [Render thread/INFO] [net.minecraft.client.Minecraft/]: Waiting 36 ticks before testing...
[21Mar2025 15:26:40.107] [Render thread/INFO] [net.minecraft.client.Minecraft/]: Waiting 35 ticks before testing...
[21Mar2025 15:26:40.198] [Render thread/INFO] [net.minecraft.client.Minecraft/]: Waiting 34 ticks before testing...
[21Mar2025 15:26:40.202] [Render thread/INFO] [net.minecraft.client.Minecraft/]: Waiting 33 ticks before testing...
[21Mar2025 15:26:40.295] [Render thread/INFO] [net.minecraft.client.Minecraft/]: Waiting 32 ticks before testing...
[21Mar2025 15:26:40.300] [Render thread/INFO] [net.minecraft.client.Minecraft/]: Waiting 31 ticks before testing...
[21Mar2025 15:26:40.429] [Render thread/INFO] [net.minecraft.client.Minecraft/]: Waiting 30 ticks before testing...
[21Mar2025 15:26:40.441] [Render thread/INFO] [net.minecraft.client.Minecraft/]: Waiting 29 ticks before testing...
[21Mar2025 15:26:40.537] [Render thread/INFO] [net.minecraft.client.Minecraft/]: Waiting 28 ticks before testing...
[21Mar2025 15:26:40.549] [Render thread/INFO] [net.minecraft.client.Minecraft/]: Waiting 27 ticks before testing...
[21Mar2025 15:26:40.631] [Render thread/INFO] [net.minecraft.client.Minecraft/]: Waiting 26 ticks before testing...
[21Mar2025 15:26:40.636] [Render thread/INFO] [net.minecraft.client.Minecraft/]: Waiting 25 ticks before testing...
[21Mar2025 15:26:40.715] [Render thread/INFO] [net.minecraft.client.Minecraft/]: Waiting 24 ticks before testing...
[21Mar2025 15:26:40.720] [Render thread/INFO] [net.minecraft.client.Minecraft/]: Waiting 23 ticks before testing...
[21Mar2025 15:26:40.818] [Render thread/INFO] [net.minecraft.client.Minecraft/]: Waiting 22 ticks before testing...
[21Mar2025 15:26:40.823] [Render thread/INFO] [net.minecraft.client.Minecraft/]: Waiting 21 ticks before testing...
[21Mar2025 15:26:40.910] [Render thread/INFO] [net.minecraft.client.Minecraft/]: Waiting 20 ticks before testing...
[21Mar2025 15:26:40.915] [Render thread/INFO] [net.minecraft.client.Minecraft/]: Waiting 19 ticks before testing...
[21Mar2025 15:26:41.019] [Render thread/INFO] [net.minecraft.client.Minecraft/]: Waiting 18 ticks before testing...
[21Mar2025 15:26:41.024] [Render thread/INFO] [net.minecraft.client.Minecraft/]: Waiting 17 ticks before testing...
[21Mar2025 15:26:41.103] [Render thread/INFO] [net.minecraft.client.Minecraft/]: Waiting 16 ticks before testing...
[21Mar2025 15:26:41.107] [Render thread/INFO] [net.minecraft.client.Minecraft/]: Waiting 15 ticks before testing...
[21Mar2025 15:26:41.212] [Render thread/INFO] [net.minecraft.client.Minecraft/]: Waiting 14 ticks before testing...
[21Mar2025 15:26:41.216] [Render thread/INFO] [net.minecraft.client.Minecraft/]: Waiting 13 ticks before testing...
[21Mar2025 15:26:41.305] [Render thread/INFO] [net.minecraft.client.Minecraft/]: Waiting 12 ticks before testing...
[21Mar2025 15:26:41.309] [Render thread/INFO] [net.minecraft.client.Minecraft/]: Waiting 11 ticks before testing...
[21Mar2025 15:26:41.422] [Render thread/INFO] [net.minecraft.client.Minecraft/]: Waiting 10 ticks before testing...
[21Mar2025 15:26:41.430] [Render thread/INFO] [net.minecraft.client.Minecraft/]: Waiting 9 ticks before testing...
[21Mar2025 15:26:41.521] [Render thread/INFO] [net.minecraft.client.Minecraft/]: Waiting 8 ticks before testing...
[21Mar2025 15:26:41.526] [Render thread/INFO] [net.minecraft.client.Minecraft/]: Waiting 7 ticks before testing...
[21Mar2025 15:26:41.633] [Render thread/INFO] [net.minecraft.client.Minecraft/]: Waiting 6 ticks before testing...
[21Mar2025 15:26:41.638] [Render thread/INFO] [net.minecraft.client.Minecraft/]: Waiting 5 ticks before testing...
[21Mar2025 15:26:41.745] [Render thread/INFO] [net.minecraft.client.Minecraft/]: Waiting 4 ticks before testing...
[21Mar2025 15:26:41.756] [Render thread/INFO] [net.minecraft.client.Minecraft/]: Waiting 3 ticks before testing...
[21Mar2025 15:26:41.900] [Render thread/INFO] [net.minecraft.client.Minecraft/]: Waiting 2 ticks before testing...
[21Mar2025 15:26:41.918] [Render thread/INFO] [net.minecraft.client.Minecraft/]: Waiting 1 ticks before testing...
[21Mar2025 15:26:41.926] [Render thread/INFO] [net.minecraft.client.Minecraft/]: Running game tests...
[21Mar2025 15:26:41.942] [Server thread/INFO] [me.earth.mc_runtime_test.McGameTestRunner/]: TestFunctions: []
[21Mar2025 15:26:41.945] [Render thread/INFO] [net.minecraft.client.Minecraft/]: No tests found, Successfully finished.
[21Mar2025 15:26:41.978] [Server thread/INFO] [net.minecraft.server.MinecraftServer/]: Stopping server
[21Mar2025 15:26:41.979] [Server thread/INFO] [net.minecraft.server.MinecraftServer/]: Saving players
[21Mar2025 15:26:42.050] [Server thread/INFO] [net.minecraft.server.MinecraftServer/]: Saving worlds
[21Mar2025 15:26:43.183] [Server thread/INFO] [net.minecraft.server.MinecraftServer/]: Saving chunks for level 'ServerLevel[New World]'/minecraft:overworld
[21Mar2025 15:26:43.217] [Server thread/INFO] [net.minecraft.server.MinecraftServer/]: Saving chunks for level 'ServerLevel[New World]'/minecraft:the_end
[21Mar2025 15:26:43.219] [Server thread/INFO] [net.minecraft.server.MinecraftServer/]: Saving chunks for level 'ServerLevel[New World]'/minecraft:the_nether
[21Mar2025 15:26:43.223] [Server thread/INFO] [net.minecraft.server.MinecraftServer/]: ThreadedAnvilChunkStorage (New World): All chunks are saved
[21Mar2025 15:26:43.223] [Server thread/INFO] [net.minecraft.server.MinecraftServer/]: ThreadedAnvilChunkStorage (DIM1): All chunks are saved
[21Mar2025 15:26:43.224] [Server thread/INFO] [net.minecraft.server.MinecraftServer/]: ThreadedAnvilChunkStorage (DIM-1): All chunks are saved
[21Mar2025 15:26:43.224] [Server thread/INFO] [net.minecraft.server.MinecraftServer/]: ThreadedAnvilChunkStorage: All dimensions are saved
[21Mar2025 15:26:43.389] [Render thread/INFO] [net.minecraft.client.Minecraft/]: Waiting for player to load...
[21Mar2025 15:26:43.432] [Render thread/INFO] [net.minecraft.client.Minecraft/]: Stopping!
